entity_id,canonical_name,description,aliases_json,aliases_text,domains_json,roles_json,is_turkiye_related
Q1007545,Galatasaray Lyceum,"Galatasaray High School (Turkish: Galatasaray Lisesi, French: Lycée de Galatasaray) is a high school in Turkey. Established in 1481, it is the oldest high school in Turkey and the second-oldest Turkish educational institution after Istanbul University, which was established in 1453. Being an Anatolian High School, access to the school is open to students with a high Nationwide High School Entrance score. Education consists of a blend of Turkish and French curricula and is provided in both languages.The association football club Galatasaray S.K. was formed by and named after the institution. The footballers consisted entirely of students of the school during the club's formative years. Galatasaray High School is the progenitor of Galatasaray Community, which includes the football club, its parent Galatasaray Sports Club, and Galatasaray University.The name Galatasaray means Galata Palace, as the school is located near Galata, the medieval Genoese citadel at the north of the Golden Horn, in the district of Beyoğlu which includes the Galata quarter.","[""Galatasaray Lyceum"", ""lycée de galatasaray"", ""Lycée de Galatasaray"", ""mekteb-i sultani"", ""Galatasaray Lycee"", ""galatasaray college"", ""galatasaray mekteb-i sultanisi"", ""Galatasaray High School"", ""Galatasaray Lisesi"", ""mekteb i sultani""]",Galatasaray Lyceum | lycée de galatasaray | Lycée de Galatasaray | mekteb-i sultani | Galatasaray Lycee | galatasaray college | galatasaray mekteb-i sultanisi | Galatasaray High School | Galatasaray Lisesi | mekteb i sultani,"[""cinema"", ""education"", ""turkiye""]","[""education_entity""]",true
Q1010949,Yesilköy,"Yeşilköy (Turkish pronunciation: [jeˈʃilcœj]; prior to 1926, San Stefano or Santo Stefano from the Greek: Άγιος Στέφανος pronounced Ayos Stefanos, rendered in Turkish as Ayastefanos, Bulgarian: Сан Стефано) is a neighbourhood (Turkish: mahalle) in the district of Bakırköy, Istanbul, Turkey, on the Marmara Sea about 11 kilometres (7 mi) west of Istanbul's historic city centre. Before the rapid increase of Istanbul's population in the 1970s, Yeşilköy was merely a village and a sea resort.","[""Yesilköy"", ""yesilkoy"", ""yeşilköy"", ""Yesilkoy"", ""yeşilköy, bakırköy"", ""san stefano"", ""Yeşilköy, Bakırköy"", ""Yeşilköy"", ""Ayastefanos"", ""ayastefanos""]","Yesilköy | yesilkoy | yeşilköy | Yesilkoy | yeşilköy, bakırköy | san stefano | Yeşilköy, Bakırköy | Yeşilköy | Ayastefanos | ayastefanos","[""cinema"", ""turkiye""]","[""birth_place""]",true
Q1021818,Bay of Adramyttium,"Edremit is a district in Balıkesir Province, Turkey, as well as the central city of that district, on the west coast of Turkey, not far from the Greek island of Lesbos.It is situated at the tip of the gulf with the same name (Gulf of Edremit), with its town centre a few kilometres inland, and is an important centre of trade, along with the other towns that are situated on the same gulf (namely Ayvalık, Gömeç, Burhaniye and Havran). It is also one of the largest district centres of Balıkesir Province. The district of Edremit, especially around Kazdağı, is largely covered with forests.","[""Bay of Adramyttium"", ""Edremit, Balıkesir"", ""edremit, balıkesir"", ""Edremit (District), Balikesir"", ""edremit, balikesir"", ""Edremit (District), Balıkesir"", ""edremit (district), balikesir"", ""bay of adramyttium"", ""Ἀδραμύττειον"", ""EDREN""]","Bay of Adramyttium | Edremit, Balıkesir | edremit, balıkesir | Edremit (District), Balikesir | edremit, balikesir | Edremit (District), Balıkesir | edremit (district), balikesir | bay of adramyttium | Ἀδραμύττειον | EDREN","[""cinema"", ""turkiye""]","[""birth_place""]",true
Q1021893,busra pekin,Büşra Pekin (born 30 June 1982) is a Turkish actress. She has appeared in more than fifteen films since 2004.,"[""busra pekin"", ""büşra pekin"", ""Busra Pekin"", ""Büşra Pekin""]",busra pekin | büşra pekin | Busra Pekin | Büşra Pekin,"[""cinema"", ""people"", ""turkiye""]","[""cast_member""]",true
Q1022149,Kandira,"Kandıra is a town and district of Kocaeli Province in the Marmara region of Turkey. Its neighbours are Kaynarca to the east, Adapazarı to the southeast, İzmit to the south and Şile to the west.","[""Kandira"", ""thynias"", ""Daphnusia"", ""kandira"", ""Kandıra"", ""daphnusia"", ""kandıra"", ""Thynias""]",Kandira | thynias | Daphnusia | kandira | Kandıra | daphnusia | kandıra | Thynias,"[""cinema"", ""turkiye""]","[""birth_place""]",true
Q1028,marocko,"Morocco ( (listen); Arabic: المغرب‎, romanized: al-maġhrib, lit. 'place the sun sets; the west'; Standard Moroccan Tamazight: ⵍⵎⵖⵔⵉⴱ, romanized: Lmeɣrib; French: Maroc), officially the Kingdom of Morocco (Arabic: المملكة المغربية‎, romanized: al-Mamlakah al-Maghribiyah, lit. 'The Western Kingdom'; Standard Moroccan Tamazight: ⵜⴰⴳⵍⴷⵉⵜ ⵏ ⵍⵎⵖⵔⵉⴱ, romanized: Tageldit n Lmaɣrib; French: Royaume du Maroc), is a sovereign state located in the Maghreb region of North Africa.  It overlooks the Mediterranean Sea to the north and the Atlantic Ocean to the west. Morocco claims the areas of Ceuta, Melilla and Peñón de Vélez de la Gomera, all of them under Spanish jurisdiction. The capital is Rabat and the largest city Casablanca. Morocco spans an area of 710,850 km2 (274,460 sq mi) and has a population of over 35 million.Since the foundation of the first Moroccan state by Idris I in 788 AD, the country has been ruled by a series of independent dynasties, reaching its zenith under Almoravid and Almohad rule, when it spanned parts of Iberia and northwestern Africa. The Marinid and Saadi dynasties resisted foreign domination into the 17th century, allowing Morocco to remain the only northwest African country to avoid Ottoman occupation. The Alaouite dynasty, which rules to this day, seized power in 1631. The country's strategic location near the mouth of the Mediterranean attracted Europeans interest, and in 1912, Morocco was divided into French and Spanish protectorates, with an international zone in Tangier. It regained its independence in 1956, and has since remained comparatively stable and prosperous by regional standards, with the fifth largest economy in Africa.Morocco claims the non-self-governing territory of Western Sahara, formerly Spanish Sahara, as its Southern Provinces. After Spain agreed to decolonise the territory to Morocco and Mauritania in 1975, a guerrilla war arose with local forces. Mauritania relinquished its claim in 1979, and the war lasted until a ceasefire in 1991. Morocco currently occupies two thirds of the territory, and peace processes have thus far failed to break the political deadlock.Morocco is a unitary constitutional monarchy with an elected parliament. The country wields significant influence in both Africa and the Arab world, and  is considered a regional power and a middle power. The King of Morocco holds vast executive and legislative powers, especially over the military, foreign policy and religious affairs. Executive power is exercised by the government, while legislative power is vested in both the government and the two chambers of parliament, the Assembly of Representatives and the Assembly of Councillors. The king can issue decrees called dahirs, which have the force of law. He can also dissolve the parliament after consulting the Prime Minister and the president of the constitutional court.Morocco's predominant religion is Islam, and its official languages are Arabic and Berber, the latter achieving official recognition in 2011, having been the native language of Morocco before the Muslim conquest in the seventh century C.E. The Moroccan dialect of Arabic, referred to as Darija, and French are also widely spoken. Moroccan culture is a blend of Berber, Arab, Sephardi Jews, West African and European influences.Morocco is a member of the Arab League, the Union for the Mediterranean and the African Union.","[""marocko"", ""Maroc"", ""al-maġrib"", ""ma"", ""moraco"", ""Sherifian Empire"", ""Lmaġrib"", ""maroc"", ""🇲🇦"", ""ISO 3166-1:MA""]",marocko | Maroc | al-maġrib | ma | moraco | Sherifian Empire | Lmaġrib | maroc | 🇲🇦 | ISO 3166-1:MA,"[""cinema"", ""geography"", ""turkiye""]","[""country""]",true
Q1033641,Cansel Elcin,"Cansel Elçin (born September 20, 1973) is a Turkish actor.","[""Cansel Elcin"", ""cansel elcin"", ""cansel elçin"", ""Cansel Elçin""]",Cansel Elcin | cansel elcin | cansel elçin | Cansel Elçin,"[""cinema"", ""people"", ""turkiye""]","[""cast_member""]",true
Q1033926,arabesk (film),Arabesk is a 1989 Turkish comedy film directed by Ertem Eğilmez. The film was Eğilmez's last before his death and caused controversy in Turkey for its attacks on Turkish pseudo-intellectuals.,"[""arabesk (film)"", ""Arabesk (film)""]",arabesk (film) | Arabesk (film),"[""cinema"", ""film"", ""turkiye""]","[""film""]",true
Q107401,sebastea (see),"Sivas (Latin and Greek: Sebastia, Sebastea, Sebasteia, Sebaste, Σεβάστεια, Σεβαστή; Armenian: Սեբաստիա) is a city in central Turkey and the seat of Sivas Province.The city, which lies at an elevation of 1,278 metres (4,193 ft) in the broad valley of the Kızılırmak river, is a moderately-sized trade center and industrial city, although the economy has traditionally been based on agriculture. Rail repair shops and a thriving manufacturing industry of rugs, bricks, cement, and cotton and woolen textiles form the mainstays of the city's economy. The surrounding region is a cereal-producing area with large deposits of iron ore which are worked at Divriği.Sivas is also a communications hub for the north-south and east-west trade routes to Iraq and Iran, respectively. With the development of railways, the city gained new economic importance as junction of important rail lines linking the cities of Ankara, Kayseri, Samsun, and Erzurum. The city is linked by air to Istanbul. The popular name Sebastian derives from Sebastianòs, Σεβαστιανός, meaning someone from the city.","[""sebastea (see)"", ""sīwās"", ""Sivas, Turkey"", ""Sevasteia"", ""sebastia (see)"", ""sivas, turkey"", ""sevasteia"", ""sepastia"", ""Sewas"", ""Sivas""]","sebastea (see) | sīwās | Sivas, Turkey | Sevasteia | sebastia (see) | sivas, turkey | sevasteia | sepastia | Sewas | Sivas","[""cinema"", ""turkiye""]","[""birth_place""]",true
Q11170397,nubar terziyan,"Nubar Terziyan (Armenian: Նուպար Թերզյան) (born Nubar Alyanak 16 March 1909 – January 14, 1994) was a Turkish Armenian actor.","[""nubar terziyan"", ""Nubar Terziyan""]",nubar terziyan | Nubar Terziyan,"[""cinema"", ""people"", ""turkiye""]","[""cast_member""]",true
Q11194,Rajvosa,"Sarajevo ( SARR-ə-YAY-voh; Cyrillic: Сарајево, pronounced [sǎrajeʋo] (listen); see names in other languages) is the capital and largest city of Bosnia and Herzegovina, with a population of 275,524 in its administrative limits. The Sarajevo metropolitan area, including Sarajevo Canton, East Sarajevo and nearby municipalities, is home to 555,210 inhabitants. Nestled within the greater Sarajevo valley of Bosnia, it is surrounded by the Dinaric Alps and situated along the Miljacka River in the heart of the Balkans.Sarajevo is the political, financial, social and cultural center of Bosnia and Herzegovina, a prominent center of culture in the Balkans, with its region-wide influence in entertainment, media, fashion, and the arts.Due to its long, rich and prosperous history of religious and cultural diversity, Sarajevo is sometimes called the ""Jerusalem of Europe"" or ""Jerusalem of the Balkans"". It is one of only a few major European cities which have a mosque, Catholic church, Orthodox church and synagogue in the same neighborhood. A regional center in education, the city is home to the Balkans first institution of tertiary education in the form of an Islamic madrasa, today part of the University of Sarajevo.Although settlement in the area stretches back to prehistoric times, the modern city arose as an Ottoman stronghold in the 15th century. Sarajevo has attracted international attention several times throughout its history. In 1885, Sarajevo was the first city in Europe and the second city in the world to have a full-time electric tram network running through the city, following San Francisco. In 1914, it was the site of the assassination of Archduke Franz Ferdinand of Austria by local Young Bosnia activist Gavrilo Princip that sparked World War I, which also ended Austro-Hungarian rule in Bosnia and resulted in the creation of the Kingdom of Yugoslavia. Later, after World War II, the establishment of the Socialist Republic of Bosnia and Herzegovina within the Second Yugoslavia led to a massive expansion of Sarajevo, the constituent republic's capital, which culminated with the hosting of the 1984 Winter Olympics marking a prosperous era for the city. However, after the start of the Yugoslav Wars, for 1,425 days, from April 1992 to February 1996, the city suffered the longest siege of a capital city in the history of modern warfare, during the Bosnian War and the breakup of Yugoslavia.Sarajevo has been undergoing post-war reconstruction, and is the fastest growing city in Bosnia and Herzegovina. The travel guide series Lonely Planet has named Sarajevo as the 43rd best city in the world, and in December 2009 listed Sarajevo as one of the top ten cities to visit in 2010. In 2011, Sarajevo was nominated to be the European Capital of Culture in 2014 and recently hosted the 2019 European Youth Olympic Winter Festival.","[""Rajvosa"", ""metromahala"", ""rajvosa"", ""serajewo"", ""Saraievo"", ""Etymology of the Name of Sarajevo"", ""Serajevo"", ""Bosna-Serai"", ""Etymology of sarajevo"", ""Jerusalem of Europe""]",Rajvosa | metromahala | rajvosa | serajewo | Saraievo | Etymology of the Name of Sarajevo | Serajevo | Bosna-Serai | Etymology of sarajevo | Jerusalem of Europe,"[""cinema"", ""turkiye""]","[""birth_place""]",true
Q11235234,Yu Tokui,"Yu Tokui (徳井 優, Tokui Yū, born 28 September 1959) is a Japanese actor. He has appeared in more than 90 films since 1987.","[""Yu Tokui"", ""yu tokui"", ""徳井優""]",Yu Tokui | yu tokui | 徳井優,"[""cinema"", ""people"", ""turkiye""]","[""cast_member""]",true
Q1134063,大東駿介,"Shunsuke Daito (大東 駿介, Daitō Shunsuke, born March 13, 1986) is a Japanese actor, talent and fashion model. He was born in Sakai, Osaka, Japan. Currently, he is employed by the Top Coat subsidiary of Watanabe Productions.  Since debuting in 2005's Nobuta wo Produce, he has appeared in many Japanese dramas, movies, variety shows and on stage.","[""大東駿介"", ""Shunsuke Daito"", ""shunsuke daitō"", ""shunsuke daito"", ""Shunsuke Daitō""]",大東駿介 | Shunsuke Daito | shunsuke daitō | shunsuke daito | Shunsuke Daitō,"[""cinema"", ""people"", ""turkiye""]","[""cast_member"", ""person_seed""]",true
Q114624,yardim,"Fahri Ogün Yardım (born 4 July 1980) is a German actor of Turkish descent. He is best known for his portrayal of Hüseyin in Almanya – Welcome to Germany and as investigator Yalcin Gümer in the German crime television series Tatort alongside Til Schweiger.In 2013 he had a supporting role in the adventure film The Physician, which became an immediate box-office hit in Germany.","[""yardim"", ""fahri yardim"", ""Fahri Ogün Yardım"", ""fahri ogun yardim"", ""Fahri Yardim"", ""Fahri Ögün Yardim"", ""Fahri Yardım"", ""fahri yardım"", ""Yardim"", ""fahri ogün yardım""]",yardim | fahri yardim | Fahri Ogün Yardım | fahri ogun yardim | Fahri Yardim | Fahri Ögün Yardim | Fahri Yardım | fahri yardım | Yardim | fahri ogün yardım,"[""cinema"", ""people"", ""turkiye""]","[""person_seed""]",true
Q115,ityop'ia,"Ethiopia (; Amharic: ኢትዮጵያ, ʾĪtyōṗṗyā, listen , Tigrinya: ኢትዮጵያ, Oromo: Itoophiyaa, Somali: Itoobiya), officially the Federal Democratic Republic of Ethiopia (የኢትዮጵያ ፌዴራላዊ ዲሞክራሲያዊ ሪፐብሊክ, yeʾĪtiyoṗṗya Fēdēralawī Dēmokirasīyawī Rīpebilīk, listen ), is a country in the northeastern part of Africa, known as the Horn of Africa. It shares borders with Eritrea to the north, Djibouti to the northeast, Somaliland and Somalia to the east, Kenya to the south, South Sudan to the west and Sudan to the northwest. With over 102 million inhabitants, Ethiopia is the most populous landlocked country in the world and the second-most populous nation on the African continent with a total area of 1,100,000 square kilometres (420,000 sq mi). Its capital and largest city is Addis Ababa, which lies a few miles west of the East African Rift that splits the country into the Nubian and Somali tectonic plates.Some of the oldest skeletal evidence for anatomically modern humans has been found in Ethiopia. It is widely considered as the region from which modern humans first set out for the Middle East and places beyond. According to linguists, the first Afroasiatic-speaking populations settled in the Horn region during the ensuing Neolithic era. Tracing its roots to the 2nd millennium BCE, Ethiopia's governmental system was a monarchy for most of its history. Oral literature tells that the monarchy was founded by the Solomonic dynasty of the Queen of Sheba, under its first king, Menelik I. In the first centuries , the Kingdom of Aksum maintained a unified civilization in the region, followed by the Ethiopian Empire circa 1137. During the late 19th-century Scramble for Africa, Ethiopia and Liberia were two nations that preserved their sovereignty from long-term colonisation by a European colonial power and many newly-independent nations on the continent subsequently adopted its flag colours. The country was occupied by Italy in 1936 and became Italian Ethiopia (part of Italian East Africa) until it was liberated during World War II. Ethiopia was also the first independent member from Africa of the 20th-century League of Nations and the United Nations. In 1974, the Ethiopian monarchy under Haile Selassie was overthrown by the Derg, a communist military government backed by the Soviet Union. In 1987, the Derg established the People's Democratic Republic of Ethiopia, but it was overthrown in 1991 by the Ethiopian People's Revolutionary Democratic Front, which has been the ruling political coalition since.Ethiopia and Eritrea use the ancient Ge'ez script, which is one of the oldest alphabets still in use in the world. The Ethiopian calendar, which is approximately seven years and three months behind the Gregorian calendar, co-exists alongside the Borana calendar. A majority of the population adheres to Christianity (mainly the Ethiopian Orthodox Tewahedo Church and P'ent'ay) and the historical Kingdom of Aksum was one of the first states to officially adopt the religion, whereas around a third follows Islam (primarily Sunni). The country is the site of the Migration to Abyssinia and the oldest Muslim settlement in Africa at Negash. A substantial population of Ethiopian Jews, known as Bete Israel, also resided in Ethiopia until the 1980s. Ethiopia is a multilingual nation with around 80 ethnolinguistic groups, the four largest of which are the Oromo, Amhara, Somali and Tigrayans. Most people in the country speak Afroasiatic languages of the Cushitic or Semitic branches. Additionally, Omotic languages are spoken by ethnic minority groups inhabiting the southern regions. Nilo-Saharan languages are also spoken by the nation's Nilotic ethnic minorities. Oromo is the most populous language by native speakers, while Amharic is the most populous by number of total speakers and serves as the working language in the federal government. Ge'ez remains important as a liturgical language, both for the Ethiopian Orthodox Tewahedo Church, Eritrean Orthodox Tewahedo Church, and for the Beta Israel (Ethiopian Jews).The nation is a land of natural contrasts, with its vast fertile west, its forests, and numerous rivers, and the world's hottest settlement of Dallol in its north. The Ethiopian Highlands are the largest continuous mountain ranges in Africa, and the Sof Omar Caves contains the largest cave on the continent. Ethiopia also has the most UNESCO World Heritage Sites in Africa. Additionally, the sovereign state is a founding member of the UN, the Group of 24 (G-24), the Non-Aligned Movement, G-77 and the Organisation of African Unity. Its capital city Addis Ababa serves as the headquarters of the African Union, the Pan African Chamber of Commerce and Industry, the United Nations Economic Commission for Africa, the African Standby Force, and many of the global NGOs focused on Africa. In the 1970s and 1980s, Ethiopia experienced civil conflicts and communist purges, which hindered its economy. The country has since recovered and now has the largest economy (by GDP) in East Africa, having the largest population in the region.","[""ityop'ia"", ""Ityop'ia"", ""Federal Republic of Ethiopia"", ""Ītyōṗṗyā"", ""cat:ethiopia"", ""etymology of ethiopia"", ""Ethiopioa"", ""federal democratic republic of ethiopia"", ""ʾĪtyōṗṗyā"", ""Ityoṗṗya""]",ityop'ia | Ityop'ia | Federal Republic of Ethiopia | Ītyōṗṗyā | cat:ethiopia | etymology of ethiopia | Ethiopioa | federal democratic republic of ethiopia | ʾĪtyōṗṗyā | Ityoṗṗya,"[""cinema"", ""turkiye""]","[""turkey_neighbor""]",true
Q1152,auvergne (region),"Auvergne (, French: [ovɛʁɲ] (listen); Auvergnat: Auvèrnhe / Auvèrnha) is a former administrative region in south-central France, comprising the four departments of Allier, Puy-de-Dôme, Cantal and Haute-Loire. Since 1 January 2016, it has been part of the new region Auvergne-Rhône-Alpes.The administrative region of Auvergne is larger than the historical province of Auvergne, one of the seven counties of Occitania, and includes provinces and areas that historically were not part of Auvergne. The Auvergne region is composed of the following old provinces:Auvergne: departments of Puy-de-Dôme, Cantal, northwest of Haute-Loire, and extreme south of Allier. The province of Auvergne is entirely contained inside the Auvergne regionBourbonnais: department of Allier. A small part of Bourbonnais is also contained inside the Centre-Val de Loire region (south of the department of Cher).Velay: centre and southeast of department of Haute-Loire. Velay is entirely contained inside the Auvergne region.a small part of Gévaudan: extreme southwest of Haute-Loire. Gévaudan is essentially inside the Languedoc-Roussillon region.a small part of Vivarais: extreme southeast of Haute-Loire. Vivarais is essentially inside the Rhône-Alpes region.a small part of Forez: extreme northeast of Haute-Loire. Forez is essentially inside the Rhône-Alpes region.Velay, Gévaudan, and Vivarais are often considered to be sub-provinces of the old province of Languedoc. Forez is also often considered to be a sub-province of Lyonnais. Therefore, the modern region of Auvergne is composed of the provinces of Auvergne, major part of Bourbonnais, and parts of Languedoc and Lyonnais.The region is home to a chain of volcanoes known collectively as the ""chaîne des Puys"". The last confirmed eruption was around 4040 BCE. The volcanoes began forming some 70,000 years ago, and most have eroded, leaving plugs of hardened magma that form rounded hilltops known as puys.","[""auvergne (region)"", ""Auvergne"", ""regional council of auvergne"", ""auvergne (région)"", ""Regional council of Auvergne"", ""auvergne"", ""Auvergne (région)"", ""Auvergne (region)""]",auvergne (region) | Auvergne | regional council of auvergne | auvergne (région) | Regional council of Auvergne | auvergne | Auvergne (région) | Auvergne (region),"[""cinema"", ""turkiye""]","[""birth_place""]",true
Q1218525,Le Grand Voyage,"Le Grand Voyage is a 2004 film written and directed by Ismaël Ferroukhi. The film portrays the relationship between father and son as both embark on  a religious pilgrimage trip by car. The film won the Golden Astor for Best Film at the 2005 Mar del Plata International Film Festival, also was shown at the prestigious 2004 Toronto and Venice International Film Festivals.","[""Le Grand Voyage"", ""Grand Voyage"", ""grand voyage"", ""le grand voyage"", ""Le grand voyage"", ""Le Grand voyage""]",Le Grand Voyage | Grand Voyage | grand voyage | le grand voyage | Le grand voyage | Le Grand voyage,"[""cinema"", ""film"", ""turkiye""]","[""film""]",true
Q122803,Theodosiopolis (Armenia),"Erzurum (Georgian: კარნუ-ქალაქი, Karnu-kalaki; Armenian: Կարին, Karin) is a city in eastern Anatolia (Asian Turkey). It is the largest city in and eponymous capital of Erzurum Province. It is situated 1757 meters (5766 feet) above sea level. Erzurum had a population of 361,235 in the 2000 census, increasing to 367,250 by 2010.As Ancient Theodosiopolis in Armenia (or ""in Cappadocia""), the former bishopric remains a Latin Catholic titular see.The city uses the double-headed Anatolian Seljuk Eagle as its coat-of-arms, a motif that was a common symbol throughout Anatolia and the Balkans in the medieval period.Erzurum has some of the finest winter sports facilities in Turkey and hosted the 2011 Winter Universiade.","[""Theodosiopolis (Armenia)"", ""Qaliqala"", ""erzurum"", ""Erzen ür-Rum"", ""theodosioupolis"", ""erzen ür-rum"", ""teodosiopoli di cappadocia"", ""Erzeroum"", ""erzeroum"", ""arzrum""]",Theodosiopolis (Armenia) | Qaliqala | erzurum | Erzen ür-Rum | theodosioupolis | erzen ür-rum | teodosiopoli di cappadocia | Erzeroum | erzeroum | arzrum,"[""cinema"", ""turkiye""]","[""birth_place""]",true
Q1235258,Dokuz Eylul University,"Dokuz Eylül University (Turkish: Dokuz Eylül Üniversitesi) (DEÜ) is a university in Turkey. It is located in İzmir, Turkey. It was founded in 1982 and is organized in 15 faculties. DEU is the first university which applied the problem-based learning method in Turkey, beginning in the School of Medicine in 1997. Several components of Dokuz Eylül University have attained a goal of continuous development in education, research and practice through the ISO 9001 2000 Quality Management System certificate: Social Sciences Institute and School of Maritime Business and Management (2001), University Presidency (2003) and Medical Faculty and Health Sciences Institute (2004).","[""Dokuz Eylul University"", ""9 Eylul Universitesi"", ""9 eylul universitesi"", ""9 eyluel university"", ""9 Eylul University"", ""Dokuz Eylul Universitesi"", ""9 eyluel universitesi"", ""9 Eyluel University"", ""Dokuz Eyluel University"", ""Dokuz Eyluel Universitesi""]",Dokuz Eylul University | 9 Eylul Universitesi | 9 eylul universitesi | 9 eyluel university | 9 Eylul University | Dokuz Eylul Universitesi | 9 eyluel universitesi | 9 Eyluel University | Dokuz Eyluel University | Dokuz Eyluel Universitesi,"[""cinema"", ""education"", ""turkiye""]","[""education_entity""]",true
Q1255329,simon abkarian,Simon Abkarian (Armenian: Սիմոն Աբգարեան; born 5 March 1962) is an Armenian-French actor.,"[""simon abkarian"", ""Simon Abkarian"", ""abkarian"", ""abkarian, simon"", ""Abkarian"", ""Abkarian, Simon""]","simon abkarian | Simon Abkarian | abkarian | abkarian, simon | Abkarian | Abkarian, Simon","[""cinema"", ""people"", ""turkiye""]","[""cast_member""]",true
Q12560,Ottoman empire,"The Ottoman Empire (; Ottoman Turkish: دولت عليه عثمانیه‎, Devlet-i ʿAlīye-i ʿOsmānīye, literally ""The Exalted Ottoman State""; Modern Turkish: Osmanlı İmparatorluğu or Osmanlı Devleti), historically known to its inhabitants and the Eastern world as Rome (Rûm), and mistakenly known in Western Europe as the Turkish Empire or simply Turkey, was a state that controlled much of Southeast Europe, Western Asia and North Africa between the 14th and early 20th centuries. It was founded at the end of the 13th century in northwestern Anatolia in the town of Söğüt (modern-day Bilecik Province) by the Oghuz Turkish tribal leader Osman I. Although initially the dynasty was of Turkic origin, it was thoroughly Persianised in terms of language, culture, literature and habits. After 1354, the Ottomans crossed into Europe, and with the conquest of the Balkans, the Ottoman beylik was transformed into a transcontinental empire. The Ottomans ended the Byzantine Empire with the 1453 conquest of Constantinople by Mehmed the Conqueror.During the 16th and 17th centuries, at the height of its power under the reign of Suleiman the Magnificent, the Ottoman Empire was a multinational, multilingual empire controlling most of Southeast Europe, parts of Central Europe, Western Asia, parts of Eastern Europe and the Caucasus, North Africa and the Horn of Africa. At the beginning of the 17th century, the empire contained 32 provinces and numerous vassal states. Some of these were later absorbed into the Ottoman Empire, while others were granted various types of autonomy during the course of centuries.With Constantinople as its capital and control of lands around the Mediterranean basin, the Ottoman Empire was at the centre of interactions between the Eastern and Western worlds for six centuries. While the empire was once thought to have entered a period of decline following the death of Suleiman the Magnificent, this view is no longer supported by the majority of academic historians. The empire continued to maintain a flexible and strong economy, society and military throughout the 17th and much of the 18th century. However, during a long period of peace from 1740 to 1768, the Ottoman military system fell behind that of their European rivals, the Habsburg and Russian empires. The Ottomans consequently suffered severe military defeats in the late 18th and early 19th centuries, which prompted them to initiate a comprehensive process of reform and modernisation known as the Tanzimat. Thus, over the course of the 19th century, the Ottoman state became vastly more powerful and organised, despite suffering further territorial losses, especially in the Balkans, where a number of new states emerged. The empire allied with Germany in the early 20th century, hoping to escape from the diplomatic isolation which had contributed to its recent territorial losses, and thus joined World War I on the side of the Central Powers. While the Empire was able to largely hold its own during the conflict, it was struggling with internal dissent, especially with the Arab Revolt in its Arabian holdings. During this time, genocide was committed by the Ottoman government against the Armenians, Assyrians and Pontic Greeks.The Empire's defeat and the occupation of part of its territory by the Allied Powers in the aftermath of World War I resulted in its partitioning and the loss of its Middle Eastern territories, which were divided between the United Kingdom and France. The successful Turkish War of Independence against the occupying Allies led to the emergence of the Republic of Turkey in the Anatolian heartland and the abolition of the Ottoman monarchy.","[""Ottoman empire"", ""Ottoman Sultanate"", ""Aliyye-i Osmâniyye"", ""nizamye courts"", ""history of ottoman empire"", ""Turkish empire"", ""ottomen empire"", ""Osmanic Empire"", ""Nizamye Courts"", ""Ottoman period""]",Ottoman empire | Ottoman Sultanate | Aliyye-i Osmâniyye | nizamye courts | history of ottoman empire | Turkish empire | ottomen empire | Osmanic Empire | Nizamye Courts | Ottoman period,"[""cinema"", ""geography"", ""turkiye""]","[""birth_place"", ""country""]",true
Q1259496,Halit Ergenc,Halit Ergenç (Turkish pronunciation: [haˈlit æɾˈɟentʃ]; born 30 April 1970) is a Turkish actor.,"[""Halit Ergenc"", ""Halit Ergenç"", ""ergenç"", ""halit ergenc"", ""halit ergenç"", ""Ergenç""]",Halit Ergenc | Halit Ergenç | ergenç | halit ergenc | halit ergenç | Ergenç,"[""cinema"", ""people"", ""turkiye""]","[""cast_member""]",true
Q1261822,"IX-th Belgrade Gymnasioum ""Mihailo Petrović-Alas""","The IX Gymnasium ""Mihailo Petrović-Alas"" (Serbian: Deveta gimnazija ""Mihailo Petrović-Alas; Девета гимназија ""Михајло Петровић-Алас"") is a gymnasium located in New Belgrade, Serbia, established in 1961, and named after the Serbian mathematician Mihailo Petrović-Alas.","[""IX-th Belgrade Gymnasioum \""Mihailo Petrović-Alas\"""", ""IX-th Belgrade Gymnasium \""Mihailo Petrović-Alas\"""", ""ix-th belgrade gymnasioum \""mihailo petrovic-alas\"""", ""ix-th belgrade gymnasioum \""mihailo petrović-alas\"""", ""ninth belgrade gymnasium"", ""IX-th Belgrade Gymnasium \""Mihailo Petrovic-Alas\"""", ""IX-th Belgrade Gymnasioum \""Mihailo Petrovic-Alas\"""", ""ix-th belgrade gymnasium \""mihailo petrovic-alas\"""", ""Ninth Belgrade Gymnasium"", ""ix-th belgrade gymnasium \""mihailo petrović-alas\""""]","IX-th Belgrade Gymnasioum ""Mihailo Petrović-Alas"" | IX-th Belgrade Gymnasium ""Mihailo Petrović-Alas"" | ix-th belgrade gymnasioum ""mihailo petrovic-alas"" | ix-th belgrade gymnasioum ""mihailo petrović-alas"" | ninth belgrade gymnasium | IX-th Belgrade Gymnasium ""Mihailo Petrovic-Alas"" | IX-th Belgrade Gymnasioum ""Mihailo Petrovic-Alas"" | ix-th belgrade gymnasium ""mihailo petrovic-alas"" | Ninth Belgrade Gymnasium | ix-th belgrade gymnasium ""mihailo petrović-alas""","[""cinema"", ""education"", ""turkiye""]","[""education_entity""]",true
Q1263764,emir hadžihafizbegović,"Emir Hadžihafizbegović (Bosnian pronunciation: [əm-ɪə ha-ʤi-ha-fiz-bego-viʧ]; born 20 August 1961) is a Bosnian theater, film and television actor. He has appeared in over 50 films such as When Father Was Away on Business (1985), Remake (2003), Fuse (2003), Days and Hours (2004), The Border Post (2006), Grbavica (2006), Armin (2007), Death of a Man in the Balkans (2012) and These Are the Rules (2014).He is a member of Bosniak nationalist Party of Democratic Action (SDA).","[""emir hadžihafizbegović"", ""emir hadzihafizbegovic"", ""Emir Hadzihafizbegovic"", ""Emir Hadžihafizbegović""]",emir hadžihafizbegović | emir hadzihafizbegovic | Emir Hadzihafizbegovic | Emir Hadžihafizbegović,"[""cinema"", ""people"", ""turkiye""]","[""person_seed""]",true
Q1264350,Gökçe Bahadir,"Gökçe Bahadır (born 9 November 1981) is a Turkish film and television actress. She is best known for her performances as Leyla Tekin in the series Yaprak Dökümü (based on classic novel of Reşat Nuri Güntekin), and as Yeliz in Hayat Bilgisi. She has starred in numerous other series including Kayıp Şehir, Ufak Tefek Cinayetler, Aramızda Kalsın, Adı Efsane, Dedemin İnsanları.","[""Gökçe Bahadir"", ""gökçe bahadir"", ""gökçe bahadır"", ""Gökçe Bahadır"", ""Gokce Bahadir"", ""gokce bahadir""]",Gökçe Bahadir | gökçe bahadir | gökçe bahadır | Gökçe Bahadır | Gokce Bahadir | gokce bahadir,"[""cinema"", ""people"", ""turkiye""]","[""cast_member""]",true
Q1267155,Nikola Ðuričko,"Nikola Ðuričko (Serbian Cyrillic: Никола Ђуричко; born July 9, 1974) is a Serbian actor.Ðuričko was born in Belgrade, Serbia, SFR Yugoslavia. Equally active on film, television, and in theater, Ðuričko graduated from the Belgrade University of Arts School of Dramatic Arts. His first notable film was in 1989, in a movie Poslednji krug u Monci.On June 7, 2004, Ðuričko got married to a woman he had met earlier that year on the set of The Cordon where she worked as a production assistant and he had one of the leading roles. Together they have a daughter.He provides the voice of Manny in the Serbian-language dub of the Ice Age franchise.","[""Nikola Ðuričko"", ""Nikola Djuricko"", ""Nikola Duricko"", ""nikola ðuričko"", ""nikola djuricko"", ""nikola đuričko"", ""nikola duricko"", ""Nikola Đuričko""]",Nikola Ðuričko | Nikola Djuricko | Nikola Duricko | nikola ðuričko | nikola djuricko | nikola đuričko | nikola duricko | Nikola Đuričko,"[""cinema"", ""people"", ""turkiye""]","[""person_seed""]",true
Q127063,ghars,"Kars (Turkish: Kars, Ottoman Turkish: قارص‎, Armenian: Կարս, less commonly known as Ղարս Ghars) is a city in northeast Turkey and the capital of Kars Province. With a population of 73,836 as of 2011, it is the largest city along Turkey's closed border with Armenia. (As of September 2018, Turkey maintains that the border will remain closed until Armenia ends the occupation of Karabakh region).For a brief period of time it served as the capital of the medieval Bagratid Kingdom of Armenia. The seat of an independent Armenian Kingdom of Vanand during the 9th and 10th centuries. Its significance increased in the 19th century, when the  Ottoman and Russian empires contested the possession of the city, with the Russians gaining control as a result of the 1877-78 war. During World War I, the Ottomans took control of the city in 1918 and declared the Provisional National Government of the Southwestern Caucasus (promulgated 1 December 1918), but ceded it to the First Republic of Armenia following the Armistice of Mudros (signed 30 October 1918). During the war in 1915, Turkish revolutionaries captured Kars for the last time. TheTreaty of Kars, signed in 1921 by the Government of the Grand National Assembly and by the Soviet republics of Armenia, Azerbaijan and Georgia, established the current north-eastern boundaries of Turkey. The treaty included de jure provisions guaranteeing the Armenian residents right to relinquish Turkish nationality, leave the territory freely and take with them either their goods or the proceeds of their sale, but by some accounts formerly Armenian lands had de facto become state property as a consequence of the treaty,. In 1945 Soviet Foreign Minister Vyacheslav Molotov rejected the treaty.","[""ghars"", ""kars"", ""kars, turkey"", ""Kars, Turkey"", ""Kars District"", ""Kars"", ""History of Kars"", ""kars district"", ""Ghars"", ""history of kars""]","ghars | kars | kars, turkey | Kars, Turkey | Kars District | Kars | History of Kars | kars district | Ghars | history of kars","[""cinema"", ""turkiye""]","[""birth_place""]",true
Q12809142,Dar alanda kısa paslaşmalar,"Offside (Turkish: Dar Alanda Kısa Paslaşmalar) is a 2000 Turkish comedy-drama film, written and directed by Serdar Akar, about a local amateur football that hopes to win the league championship. The film, which went on nationwide general release across Turkey on 8 December 2000 (2000-12-08), won four awards at the 20th Istanbul International Film Festival, including Best Turkish Film of the Year and the People's Choice Award. It was described by author Rekin Teksoy as having a ""less innovative albeit fluent style"" in comparison to the director's debut film On Board (Turkish: Gemide, 1998).","[""Dar alanda kısa paslaşmalar"", ""Dar Alanda Kısa Paslaşmalar"", ""Offside (2000 film)"", ""dar alanda kısa paslaşmalar"", ""offside (2000 film)"", ""dar alanda kisa paslasmalar"", ""Dar Alanda Kisa Paslasmalar""]",Dar alanda kısa paslaşmalar | Dar Alanda Kısa Paslaşmalar | Offside (2000 film) | dar alanda kısa paslaşmalar | offside (2000 film) | dar alanda kisa paslasmalar | Dar Alanda Kisa Paslasmalar,"[""cinema"", ""film"", ""turkiye""]","[""film""]",true
Q12809611,funda eryigit,Funda Eryiğit (born 6 November 1984) is an Turkish actress.,"[""funda eryigit"", ""Funda Eryiğit"", ""Funda Eryigit"", ""funda eryiğit""]",funda eryigit | Funda Eryiğit | Funda Eryigit | funda eryiğit,"[""cinema"", ""people"", ""turkiye""]","[""cast_member""]",true
Q12810220,Kapicilar Krali,"King of the Doormen, (Turkish: Kapıcılar Kralı), is a 1976 Turkish comedy film featuring Kemal Sunal, Sevda Ferdağ, Bilge Zobu and Şevket Altuğ, produced by Arif and Abdurrahman Keskiner and, directed by Zeki Ökten. The movie is the third collaboration of Ökten and Sunal, following Hanzo and Şaşkın Damat, both shot in 1975. Kapıcılar Kralı is considered as one of the most memorable motion pictures of the career of Kemal Sunal. Along with Çöpçüler Kralı another movie of Sunal also directed by Zeki Ökten, Kapıcılar Kralı is also featured in the book 100 Yılın 100 Türk Filmi, written by Atilla Dorsay, Turkish film critic.The movie is decorated major local success, winning best director and best actor awards at 1977 International Antalya Golden Orange Film Festival, in which it was also runner-up of best motion picture after Kara Çarşaflı Gelin of director and producer Süreyya Duru. Thus, Kemal Sunal became the first comedy-genre actor ever to win the award. Movie is also inducted at 100 Yıl 100 Film, a publicly voted list that is gathering 100 best motion pictures of Turkish cinema, in honour of its centenary, published by Ministry of Culture and Tourism of Turkey, in 2014. The movie is ranked 36th out of 100 movies in total, after an online-voted pool of 367,620 voters.","[""Kapicilar Krali"", ""kapıcılar kralı"", ""Kapıcılar Kralı"", ""King of the Doormen"", ""king of the doormen"", ""kapicilar krali""]",Kapicilar Krali | kapıcılar kralı | Kapıcılar Kralı | King of the Doormen | king of the doormen | kapicilar krali,"[""cinema"", ""film"", ""turkiye""]","[""film""]",true
Q12810281,Karilar Kogusu,"Karılar Koğuşu is a 1990 Turkish drama film, directed by Halit Refiğ and starring Irem Altug, Kadir Inanir, and Hülya Koçyigit.","[""Karilar Kogusu"", ""karılar koğuşu"", ""karilar kogusu"", ""Karılar Koğuşu""]",Karilar Kogusu | karılar koğuşu | karilar kogusu | Karılar Koğuşu,"[""cinema"", ""film"", ""turkiye""]","[""film""]",true
Q12810617,leyla i̇le mecnun,"Leyla İle Mecnun is a 1982 Turkish romantic drama film, directed by Halit Refiğ and starring Orhan Gencebay, Gülsen Bubikoglu, and Raik Alniaçik.","[""leyla i̇le mecnun"", ""Leyla İle Mecnun"", ""Leyla Ile Mecnun""]",leyla i̇le mecnun | Leyla İle Mecnun | Leyla Ile Mecnun,"[""cinema"", ""film"", ""turkiye""]","[""film""]",true
Q12810813,memet ali alabora,Memet Ali Alabora (born 25 November 1977) is a Turkish film and theatre actor. He is the son of actors Mustafa Alabora and Betül Arım.,"[""memet ali alabora"", ""Memet Ali Alabora""]",memet ali alabora | Memet Ali Alabora,"[""cinema"", ""people"", ""turkiye""]","[""cast_member""]",true
Q12811020,Müjde Ar,"Müjde Ar (born Kâmile Suat Ebrem, 21 June 1954) is a Turkish film actress.","[""Müjde Ar"", ""mujde ar"", ""muejde ar"", ""Mujde Ar"", ""müjde ar"", ""Muejde Ar""]",Müjde Ar | mujde ar | muejde ar | Mujde Ar | müjde ar | Muejde Ar,"[""cinema"", ""people"", ""turkiye""]","[""cast_member""]",true
Q12812387,merhoba sizin cok guzal aktyorsuz,"Ushan Çakır is a Turkish actor. He became known for the character Arda he played in Leyla and Mecnun in 2011. Ushan Çakır, graduated from Istanbul State Conservatory, has participated in a number of dramatic performances as well as playing theater.","[""merhoba sizin cok guzal aktyorsuz"", ""Merhoba sizin cok guzal aktyorsuz"", ""ushan çakır"", ""Ushan Çakır""]",merhoba sizin cok guzal aktyorsuz | Merhoba sizin cok guzal aktyorsuz | ushan çakır | Ushan Çakır,"[""cinema"", ""people"", ""turkiye""]","[""cast_member""]",true
Q12812549,yaprak ozdemiroglu,"Yaprak Özdemiroğlu (born 14 August 1963) is a Turkish actress, and ballet dancer.","[""yaprak ozdemiroglu"", ""Yaprak Özdemiroğlu"", ""yaprak özdemiroğlu"", ""Yaprak Özdemiroglu"", ""yaprak özdemiroglu"", ""Yaprak Ozdemiroglu""]",yaprak ozdemiroglu | Yaprak Özdemiroğlu | yaprak özdemiroğlu | Yaprak Özdemiroglu | yaprak özdemiroglu | Yaprak Ozdemiroglu,"[""cinema"", ""people"", ""turkiye""]","[""cast_member""]",true
Q12835393,Bitter Life (film),Bitter Life (Turkish: Acı Hayat) is a 1962 Turkish drama film directed by Metin Erksan.,"[""Bitter Life (film)"", ""bitter life (film)""]",Bitter Life (film) | bitter life (film),"[""cinema"", ""film"", ""turkiye""]","[""film""]",true
Q1284001,murat yıldırım (actor),Murat Yıldırım (born 13 April 1979) is a Turkish actor.,"[""murat yıldırım (actor)"", ""murat yildirim (actor)"", ""Murat Yildirim (actor)"", ""Murat Yıldırım (actor)""]",murat yıldırım (actor) | murat yildirim (actor) | Murat Yildirim (actor) | Murat Yıldırım (actor),"[""cinema"", ""people"", ""turkiye""]","[""cast_member""]",true
Q1285407,ediz hun,Ediz Hun (born 20 November 1940) is a Turkish film actor and politician.,"[""ediz hun"", ""Ediz Hun""]",ediz hun | Ediz Hun,"[""cinema"", ""people"", ""turkiye""]","[""cast_member""]",true
Q1294015,Deniz Cakir,"Deniz Çakır (born 31 December 1982) is a Turkish film and television actress. Çakır is better known for her role in the popular television series, Muhteşem Yüzyıl as Şah Sultan. And for her character ""Ferhunde"" in Yaprak Dökümü. She is especially known for her recent role in the popular TV series Eşkıya Dünyaya Hükümdar Olmaz as Meryem Çakırbeyli.","[""Deniz Cakir"", ""Deniz Çakır"", ""deniz çakır"", ""deniz cakir"", ""deniz çakir"", ""Deniz Çakir""]",Deniz Cakir | Deniz Çakır | deniz çakır | deniz cakir | deniz çakir | Deniz Çakir,"[""cinema"", ""people"", ""turkiye""]","[""cast_member""]",true
Q129649,İzmit,"İzmit, known as Nicomedia in antiquity, is a city in Turkey, the administrative center of the Kocaeli Province as well as the Metropolitan Municipality. It is located at the Gulf of İzmit in the Sea of Marmara, about 100 km (62 mi) east of Istanbul, on the northwestern part of Anatolia. The city center has a population of 300,611 (2011 census). The population of the province (including rural areas) is 1,459,772. Unlike other provinces in Turkey, apart from Istanbul, the whole province is included within the municipality of the metropolitan center.Nicomedia was the eastern and most senior capital city of the Roman Empire between 286 and 324, during the Tetrarchy introduced by Diocletian. Following Constantine the Great's victory over co-emperor Licinius at the Battle of Chrysopolis in 324, Nicomedia served as an interim capital city for Nova Roma.","[""İzmit"", ""kocaeli, turkey"", ""izmid province, ottoman empire"", ""İzmit Province, Ottoman Empire"", ""izmid"", ""un/locode:trizt"", ""i̇zmid province, ottoman empire"", ""Ismid"", ""Izmit Province, Ottoman Empire"", ""UN/LOCODE:TRIZT""]","İzmit | kocaeli, turkey | izmid province, ottoman empire | İzmit Province, Ottoman Empire | izmid | un/locode:trizt | i̇zmid province, ottoman empire | Ismid | Izmit Province, Ottoman Empire | UN/LOCODE:TRIZT","[""cinema"", ""turkiye""]","[""birth_place""]",true
Q1297,city of chicago,"Chicago ( (listen), locally also ), officially the City of Chicago, is the most populous city in Illinois, as well as the third most populous city in the United States. With an estimated population of 2,705,994 (2018), it is the most populous city in the Midwest. Chicago is the principal city of the Chicago metropolitan area, often referred to as Chicagoland, and the county seat of Cook County, the second most populous county in the United States. The metropolitan area, at nearly 10 million people, is the third-largest in the United States.Located on the shores of freshwater Lake Michigan, Chicago was incorporated as a city in 1837 near a portage between the Great Lakes and the Mississippi River watershed and grew rapidly in the mid-19th century. After the Great Chicago Fire of 1871, which destroyed several square miles and left more than 100,000 homeless, the city made a concerted effort to rebuild. The construction boom accelerated population growth throughout the following decades, and by 1900 Chicago was the fifth largest city in the world. Chicago made noted contributions to urban planning and zoning standards, including new construction styles (including the Chicago School of architecture), the development of the City Beautiful Movement, and the steel-framed skyscraper.Chicago is an international hub for finance, culture, commerce, industry, technology, telecommunications, and transportation. It is the site of the creation of the first standardized futures contracts at the Chicago Board of Trade, which today is the largest and most diverse derivatives market globally, generating 20% of all volume in commodities and financial futures. O'Hare International Airport is one of the busiest airports in the world, and the region also has the largest number of U.S. highways and greatest amount of railroad freight. In 2012, Chicago was listed as an alpha global city by the Globalization and World Cities Research Network, and it ranked seventh in the entire world in the 2017 Global Cities Index. The Chicago area has one of the highest gross domestic products (GDP) in the world, generating $680 billion in 2017. In addition, the city has one of the world's most diversified and balanced economies, not being dependent on any one industry, with no single industry employing more than 14% of the workforce.Chicago's 58 million domestic and international visitors in 2018 made it the second most visited city in the nation, behind New York City's approximate 65 million visitors. The city ranked first place in the 2018 Time Out City Life Index, a global quality of life survey of 15,000 people in 32 cities. The city is also home to several fortune 500 companies, the most notable being, Allstate, Boeing, Exelon, McDonald's, Quaker Oats, and United Airlines Holdings. Landmarks in the city include Millennium Park, Navy Pier, the Magnificent Mile, the Art Institute of Chicago, Museum Campus, the Willis (Sears) Tower, Grant Park (Chicago), the Museum of Science and Industry, and Lincoln Park Zoo. Chicago's culture includes the visual arts, literature, film, theater, comedy (especially improvisational comedy), food, and music, particularly jazz, blues, soul, hip-hop, gospel, and electronic dance music including house music. Of the area's many colleges and universities, the University of Chicago, Northwestern University, and the University of Illinois at Chicago are classified as ""highest research"" doctoral universities. Chicago has professional sports teams in each of the major professional leagues, including two Major League Baseball teams.","[""city of chicago"", ""performing arts in chicago"", ""chicago (ill.)"", ""City of Chicago"", ""The Second City"", ""the second city"", ""p:chi"", ""transport in chicago"", ""chicago, united states"", ""Chicago, Illinois, U.S.""]","city of chicago | performing arts in chicago | chicago (ill.) | City of Chicago | The Second City | the second city | p:chi | transport in chicago | chicago, united states | Chicago, Illinois, U.S.","[""cinema"", ""turkiye""]","[""birth_place""]",true
Q130164,mehmet emin toprak,"Mehmet Emin Toprak (Yenice, Çanakkale, 11 September 1974 – 2 December 2002) was a Turkish film actor. Emin Toprak starred in the critically praised 2002 film Uzak (released as Distant (film) in the UK). He died in a car crash on the way back from the Ankara Film Festival near the town of Çan at the age of 28 years.","[""mehmet emin toprak"", ""mehmet emin toprak (actor)"", ""Mehmet Emin Toprak"", ""Mehmet Emin Toprak (actor)""]",mehmet emin toprak | mehmet emin toprak (actor) | Mehmet Emin Toprak | Mehmet Emin Toprak (actor),"[""cinema"", ""people"", ""turkiye""]","[""cast_member""]",true
Q130553,Manisa Ili Province,"Manisa Province (Turkish: Manisa ili) is a province in western Turkey. Its neighboring provinces are İzmir to the west, Aydın to the south, Denizli to the southeast, Uşak to the east, Kütahya to the northeast, and Balıkesir to the north. The city of Manisa is the seat and capital of the province. The traffic code is 45.","[""Manisa Ili Province"", ""Manisa Province"", ""manisa ili province, turkey"", ""Manisa Ili"", ""manisa ili"", ""Manisa İli Province"", ""Manisa Ili Province, Turkey"", ""Manisa İli Province, Turkey"", ""manisa i̇li province, turkey"", ""manisa i̇li province""]","Manisa Ili Province | Manisa Province | manisa ili province, turkey | Manisa Ili | manisa ili | Manisa İli Province | Manisa Ili Province, Turkey | Manisa İli Province, Turkey | manisa i̇li province, turkey | manisa i̇li province","[""cinema"", ""turkiye""]","[""birth_place"", ""turkey_neighbor""]",true
Q1307030,"yor, the hunter from the future","Yor, the Hunter from the Future (Italian: Il mondo di Yor, lit. 'The World of Yor') is a 1983 science fiction fantasy film directed by Antonio Margheriti and starring Reb Brown, Corinne Cléry, Luciano Pigozzi, and John Steiner. The film was an Italian-French-Turkish co-production based on the Argentinian comic Yor the Hunter.Though the film was one of Margheriti's most financially successful films, it received poor reviews from Variety and The New York Times and drew three nominations at the 1983 Golden Raspberry Awards.","[""yor, the hunter from the future"", ""yor"", ""Yor: The Hunter from the Future"", ""yor: the hunter from the future"", ""Yor Hunter From The Future"", ""yor hunter from the future"", ""Yor, the Hunter from the Future"", ""Yor"", ""Yor: Hunter From the Future"", ""il mondo di yor""]","yor, the hunter from the future | yor | Yor: The Hunter from the Future | yor: the hunter from the future | Yor Hunter From The Future | yor hunter from the future | Yor, the Hunter from the Future | Yor | Yor: Hunter From the Future | il mondo di yor","[""cinema"", ""film"", ""turkiye""]","[""film"", ""film_seed""]",true
Q131293,Mardin province,"Mardin Province (Classical Syriac: ܡܪܕܐ‎, Turkish: Mardin ili, Kurdish: Parêzgeha Mêrdînê‎, Arabic: ماردين,), is a province of Turkey with a population of 809,719 in 2017. The population was 835,173 in 2000. The capital of the Mardin Province is Mardin (Classical Syriac: ܡܶܪܕܺܝܢ‎ ""Mardin"" in related Semitic language Arabic: ماردين, Mardīn). Located near the traditional boundary of Anatolia and Mesopotamia, it has a diverse population, composed of Kurdish, Arab and Assyrian people, with Kurds forming the majority of the province's population.","[""Mardin province"", ""mardin province"", ""Mardin Province""]",Mardin province | mardin province | Mardin Province,"[""cinema"", ""turkiye""]","[""turkey_neighbor""]",true
Q134291,"mersin, turkey","Mersin (pronounced [ˈmæɾsin]) is a large city and a port on the Mediterranean coast of southern Turkey. It is part of an interurban agglomeration – the Adana-Mersin Metropolitan Area – and lies on the western part of Çukurova, a geographical, economic, and cultural region. The city was named after the aromatic plant Myrsine (Greek: Μυρσίνη) in the family Primulaceae, a myrtle that grows in abundance in the area (Turkish: mersin); the 17th-century traveler Evliya Çelebi wrote that there was also a clan named Mersinoğulları Mersin is an important hub of Turkey's economy, and Turkey's largest seaport is located in the city. Mersin's nickname within Turkey is ""Pearl of the Mediterranean"" (Turkish: Akdeniz'in İncisi) and the city hosted the 2013 Mediterranean Games. Mersin is the provincial capital of the eponymous Mersin Province of Turkey.As of 2014, the population of the city is 955,106","[""mersin, turkey"", ""History of Mersin"", ""Ichili"", ""Hadrianopolis in Cilicia"", ""Zephyrion"", ""history of mersin"", ""Mersina"", ""Mersin, Turkey"", ""zephyrion"", ""mersina""]","mersin, turkey | History of Mersin | Ichili | Hadrianopolis in Cilicia | Zephyrion | history of mersin | Mersina | Mersin, Turkey | zephyrion | mersina","[""cinema"", ""turkiye""]","[""birth_place""]",true
Q1348747,Erdal Inonu,"Erdal İnönü (6 June 1926 – 31 October 2007) was a Turkish theoretical physicist and politician, who served as the interim Prime Minister of Turkey between 16 May and 25 June 1993. He also served as the Deputy Prime Minister of Turkey from 1991 to 1993 and as the Minister of Foreign Affairs from March to October 1995. He served as the leader of the Social Democracy Party (SODEP) from 1983 to 1985 and later the Social Democratic Populist Party (SHP) from 1986 to 1993. He was the son of the 2nd President of Turkey, İsmet İnönü.İnönü initially founded the SODEP in 1983 with the intention of contesting the 1983 general election. However, the National Security Council that had been established following the 1980 military coup banned İnönü from standing for office. Standing down as chairman in order to be replaced by a politician that could seek office, İnönü was succeeded by Cezmi Kartay. However, SODEP was banned completely from contesting the election, resulting in İnönü taking over as leader for a second time shortly after. His party contested the 1984 local elections and came second with 23.4% of the vote. SODEP merged with the People's Party in 1985 and İnönü became the leader of the new Social Democratic Populist Party (SHP) in 1986. In the 1986 parliamentary by-elections, the SHP came third with 22.7% of the vote and İnönü was elected as a Member of Parliament for İzmir. He was the only successful SHP candidate.Following the 1991 general election, the SHP formed a coalition with Süleyman Demirel's True Path Party (DYP) and İnönü became Deputy Prime Minister. He briefly served as the acting Prime Minister in 1993 after Demirel was elected President. After the DYP elected Tansu Çiller as their leader and she formed a government, İnönü continued as Deputy Prime Minister until he resigned as party leader in 1993. He later served as Foreign Minister in 1995 until he stepped down as an MP in the 1995 general election.","[""Erdal Inonu"", ""erdal inonu"", ""erdal inönü"", ""Erdal Inönü"", ""erdal i̇nönü"", ""Erdal İnönü""]",Erdal Inonu | erdal inonu | erdal inönü | Erdal Inönü | erdal i̇nönü | Erdal İnönü,"[""cinema"", ""turkiye""]","[""turkey_neighbor""]",true
Q1349104,erden kiral,"Erden Kıral (born 1942) is a Turkish film director and screenwriter. He has directed 12 films since 1978. His 1979 film The Canal was entered into the 11th Moscow International Film Festival. His 1983 film A Season in Hakkari was entered into the 33rd Berlin International Film Festival, where it won the Silver Bear - Special Jury Prize. Five years later, his  film Hunting Time was entered into the 38th Berlin International Film Festival.","[""erden kiral"", ""Erden Kıral"", ""erden kıral"", ""Erden Kiral""]",erden kiral | Erden Kıral | erden kıral | Erden Kiral,"[""cinema"", ""people"", ""turkiye""]","[""director""]",true
Q1358965,"Kouhoku-ku, Yokohama","Kōhoku-ku (港北区) is one of the 18 wards of the city of Yokohama in Kanagawa Prefecture, Japan. As of March 1, 2012, the ward had an estimated population of 332,488, with 156,198 households and a population density of 10,588.79 persons per km². The total area was 31.40 km². Kōhoku Ward has the largest population of Yokohama's 18 wards, and ranks second to Naka Ward in the total number of workplaces (1996 Workplace and Corporate Statistics Survey).","[""Kouhoku-ku, Yokohama"", ""Kohoku-ku, Yokohama"", ""Kohoku Ward (Yokohama)"", ""kouhoku-ku, yokohama"", ""Kouhoku-ku"", ""Kōhoku-ku"", ""Kohoku-ku"", ""kouhoku-ku"", ""kōhoku-ku"", ""kohoku-ku, yokohama""]","Kouhoku-ku, Yokohama | Kohoku-ku, Yokohama | Kohoku Ward (Yokohama) | kouhoku-ku, yokohama | Kouhoku-ku | Kōhoku-ku | Kohoku-ku | kouhoku-ku | kōhoku-ku | kohoku-ku, yokohama","[""cinema"", ""turkiye""]","[""birth_place""]",true
Q136217,Upper armenia in the middle ages,"Erzincan (pronounced [æɾˈzindʒan]) (Armenian: Երզնկա, Yerznka) is the capital of Erzincan Province in northeastern Turkey.  Nearby cities include Erzurum, Sivas, Tunceli, Bingöl, Elâzığ, Malatya, Gümüşhane, Bayburt, and Giresun.  Located at an altitude of 1,185 meters above sea level, the city's climate produces snowy winters and warm summers.The city is notable for handcrafted copper goods and a special cheese called ""tulum peyniri"" in Turkish. It is a significant road and rail junction and was once noted for its silverware. Current industries include sugar refining and textile industries. The city is home to the headquarters of the Turkish Third Army.","[""Upper armenia in the middle ages"", ""medieval upper armenia"", ""erzinjan"", ""Ekeleatzi"", ""erzincan"", ""Erznka"", ""yerznga"", ""history of erzincan"", ""Erzenjan"", ""keltzene""]",Upper armenia in the middle ages | medieval upper armenia | erzinjan | Ekeleatzi | erzincan | Erznka | yerznga | history of erzincan | Erzenjan | keltzene,"[""cinema"", ""turkiye""]","[""birth_place""]",true
Q1373349,Semih Kaplanoğlu,"Semih Kaplanoğlu (born 4 April 1963) is a Turkish screenwriter, film director and producer.","[""Semih Kaplanoğlu"", ""semih kaplanoglu"", ""Semih Kaplanoglu"", ""semih kaplanoğlu""]",Semih Kaplanoğlu | semih kaplanoglu | Semih Kaplanoglu | semih kaplanoğlu,"[""cinema"", ""people"", ""turkiye""]","[""director""]",true
Q1382418,Orhan Gencebay,"Orhan Gencebay (born Orhan Kencebay, 4 August 1944) is a Turkish musician, bağlama virtuoso, composer, singer, arranger, music producer, music director, and actor. Gencebay was born in the coastal town of Samsun on 4 August 1944. He is of Crimean Tatar descent. In 1998, he was named a State Artist of Turkey.","[""Orhan Gencebay"", ""orhan gencebay"", ""Orhan Kencebay"", ""orhan kencebay""]",Orhan Gencebay | orhan gencebay | Orhan Kencebay | orhan kencebay,"[""cinema"", ""people"", ""turkiye""]","[""cast_member"", ""person_seed""]",true
Q1402686,Paper (film),"Paper (Turkish: Kağıt) is a 2010 Turkish comedy-drama film directed by Sinan Çetin, which tells the story of a young director trying to make his first film. The film, which went on nationwide general release across Turkey on January 14, 2011 (2011-01-14), was premiered in competition at the 47th International Antalya Golden Orange Film Festival (October 9–14, 2010).","[""Paper (film)"", ""paper (film)""]",Paper (film) | paper (film),"[""cinema"", ""film"", ""turkiye""]","[""film""]",true
Q142,iso 3166-1:fr,"France (French: [fʁɑ̃s]), officially the French Republic (French: République française, pronounced [ʁepyblik fʁɑ̃sɛːz]), is a sovereign state whose territory consists of metropolitan France in Western Europe and several overseas regions and territories. The metropolitan area of France extends from the Mediterranean Sea to the English Channel and the North Sea, and from the Rhine to the Atlantic Ocean. It is bordered by Belgium, Luxembourg and Germany to the northeast, Switzerland and Italy to the east, and Andorra and Spain to the south. The overseas territories include French Guiana in South America and several islands in the Atlantic, Pacific and Indian oceans. The country's 18 integral regions (five of which are situated overseas) span a combined area of 643,801 square kilometres (248,573 sq mi) and a total population of 67.0 million (as of July 2019). France is a unitary semi-presidential republic with its capital in Paris, the country's largest city and main cultural and commercial centre. Other major urban areas include Lyon, Marseille, Toulouse, Bordeaux, Lille and Nice.During the Iron Age, what is now metropolitan France was inhabited by the Gauls, a Celtic people. Rome annexed the area in 51 BC, holding it until the arrival of Germanic Franks in 476, who formed the Kingdom of Francia. The Treaty of Verdun of 843 partitioned Francia into East Francia, Middle Francia and West Francia. West Francia, which became the Kingdom of France in 987, emerged as a major European power in the Late Middle Ages, following its victory in the Hundred Years' War (1337–1453). During the Renaissance, French culture flourished and a global colonial empire was established, which by the 20th century would become the second largest in the world. The 16th century was dominated by religious civil wars between Catholics and Protestants (Huguenots). France became Europe's dominant cultural, political, and military power in the 17th century under Louis XIV. In the late 18th century, the French Revolution overthrew the absolute monarchy, establishing one of modern history's earliest republics and drafting the Declaration of the Rights of Man and of the Citizen, which expresses the nation's ideals to this day.In the 19th century, Napoleon took power and established the First French Empire. His subsequent Napoleonic Wars (1803–15) shaped the course of continental Europe. Following the collapse of the Empire, France endured a tumultuous succession of governments culminating with the establishment of the French Third Republic in 1870. France was a major participant in World War I, from which it emerged victorious, and was one of the Allies in World War II, but came under occupation by the Axis powers in 1940. Following liberation in 1944, a Fourth Republic was established and later dissolved in the course of the Algerian War. The Fifth Republic, led by Charles de Gaulle, was formed in 1958 and remains today. Algeria and nearly all the other colonies became independent in the 1960s, with most retaining close economic and military connections with France.France has long been a global centre of art, science, and philosophy. It hosts the world's fourth-largest number of UNESCO World Heritage Sites and is the leading tourist destination, receiving around 83 million foreign visitors annually. France is a developed country with the world's sixth-largest economy by nominal GDP, and tenth-largest by purchasing power parity. In terms of aggregate household wealth, it ranks fourth in the world. France performs well in international rankings of education, health care, life expectancy, and human development. France is considered a great power in global affairs, being one of the five permanent members of the United Nations Security Council with the power to veto and an official nuclear-weapon state. It is a leading member state of the European Union and the Eurozone, and a member of the Group of 7, North Atlantic Treaty Organization (NATO), Organisation for Economic Co-operation and Development (OECD), the World Trade Organization (WTO), and La Francophonie.","[""iso 3166-1:fr"", ""Franzoesische Republik"", ""Frqnce"", ""Franzosische Republik"", ""franse"", ""FR"", ""Frankrich"", ""gallaoued"", ""Republique francaise"", ""french overseas departments""]",iso 3166-1:fr | Franzoesische Republik | Frqnce | Franzosische Republik | franse | FR | Frankrich | gallaoued | Republique francaise | french overseas departments,"[""cinema"", ""geography"", ""turkiye""]","[""country""]",true
Q145,royaume-uni,"The United Kingdom of Great Britain and Northern Ireland, commonly known as the United Kingdom (UK) or Britain, is a sovereign country located off the north-western coast of the European mainland. The United Kingdom includes the island of Great Britain, the north-eastern part of the island of Ireland, and many smaller islands. Northern Ireland is the only part of the United Kingdom that shares a land border with another sovereign state, the Republic of Ireland. Apart from this land border, the United Kingdom is surrounded by the Atlantic Ocean, with the North Sea to the east, the English Channel to the south and the Celtic Sea to the south-west, giving it the 12th-longest coastline in the world. The Irish Sea lies between Great Britain and Ireland. The United Kingdom's 242,500 square kilometres (93,600 sq mi) were home to an estimated 66.0 million inhabitants in 2017.The United Kingdom is a unitary parliamentary democracy and constitutional monarchy. The current monarch is Queen Elizabeth II, who has reigned since 1952, making her the world's longest-serving current head of state. The United Kingdom's capital and largest city is London, a global city and financial centre with an urban area population of 10.3 million. Other major cities include Birmingham, Manchester, Glasgow, Leeds and Liverpool.The United Kingdom consists of four constituent countries: England, Scotland, Wales, and Northern Ireland. Their capitals are London, Edinburgh, Cardiff, and Belfast, respectively. Apart from England, the countries have their own devolved governments, each with varying powers, but such power is delegated by the Parliament of the United Kingdom, which may enact laws unilaterally altering or abolishing devolution (England does not have any devolved power). The nearby Isle of Man, Bailiwick of Guernsey and Bailiwick of Jersey are not part of the UK, being Crown dependencies with the British Government responsible for defence and international representation. The medieval conquest and subsequent annexation of Wales by the Kingdom of England, followed by the union between England and Scotland in 1707 to form the Kingdom of Great Britain, and the union in 1801 of Great Britain with the Kingdom of Ireland created the United Kingdom of Great Britain and Ireland. Five-sixths of Ireland seceded from the UK in 1922, leaving the present formulation of the United Kingdom of Great Britain and Northern Ireland. There are fourteen British Overseas Territories, the remnants of the British Empire which, at its height in the 1920s, encompassed almost a quarter of the world's land mass and was the largest empire in history. British influence can be observed in the language, culture and political systems of many of its former colonies.The United Kingdom is a developed country and has the world's fifth-largest economy by nominal GDP and ninth-largest economy by purchasing power parity. It has a high-income economy and has a very high Human Development Index rating, ranking 14th in the world. It was the world's first industrialised country and the world's foremost power during the 19th and early 20th centuries. The UK remains a great power, with considerable economic, cultural, military, scientific and political influence internationally. It is a recognised nuclear weapons state and is sixth in military expenditure in the world. It has been a permanent member of the United Nations Security Council since its first session in 1946. It has been a leading member state of the European Union (EU) and its predecessor, the European Economic Community (EEC), since 1973; however, a referendum in 2016 resulted in 51.9 per cent of UK voters favouring leaving the European Union, and the country's exit is being negotiated. The United Kingdom is also a member of the Commonwealth of Nations, the Council of Europe, the G7, the G20, NATO, the Organisation for Economic Co-operation and Development (OECD), Interpol and the World Trade Organization (WTO).","[""royaume-uni"", ""uk"", ""united kingdom (uk)"", ""united kindom"", ""uk (state)"", ""United kingom"", ""UNited Kingdom"", ""The United Kingdom of Great Britain & Ulster"", ""Vereinigtes Königreich"", ""United Kingdom of Great Britain and Northern Island""]",royaume-uni | uk | united kingdom (uk) | united kindom | uk (state) | United kingom | UNited Kingdom | The United Kingdom of Great Britain & Ulster | Vereinigtes Königreich | United Kingdom of Great Britain and Northern Island,"[""cinema"", ""geography"", ""turkiye""]","[""country""]",true
Q1452569,Fred Williamson,"Frederick Robert Williamson (born March 5, 1938), also known as The Hammer, is an American actor and former professional American football defensive back who played mainly in the American Football League during the 1960s. Williamson is perhaps best known for his film career; starring as Tommy Gibbs in the 1973 crime drama film Black Caesar and its sequel Hell Up in Harlem. Williamson also had other notable roles in other 1970s blaxploitation films such as; Hammer (1972), That Man Bolt (1973) and Three the Hard Way (1974).","[""Fred Williamson"", ""fred \""the hammer\"" williamson"", ""Fred \""The Hammer\"" Williamson"", ""fred williamson""]","Fred Williamson | fred ""the hammer"" williamson | Fred ""The Hammer"" Williamson | fred williamson","[""cinema"", ""people"", ""turkiye""]","[""cast_member""]",true
Q147089,history of manisa,"Manisa (Turkish pronunciation: [maˈnisa]) is a large city in Turkey's Aegean Region and the administrative seat of Manisa Province.Modern Manisa is a booming center of industry and services, advantaged by its closeness to the international port city and the regional metropolitan center of İzmir and by its fertile hinterland rich in quantity and variety of agricultural production. In fact, İzmir's proximity also adds a particular dimension to all aspects of life's pace in Manisa in the form of a dense traffic of daily commuters between the two cities, separated as they are by a half-hour drive served by a fine six-lane highway nevertheless requiring attention at all times due to its curves and the rapid ascent (sea-level to more than 500 meters at Sabuncubeli Pass) across Mount Sipylus's mythic scenery.The historic part of Manisa spreads out from a forested valley in the immediate slopes of Sipylus mountainside, along Çaybaşı Stream which flows next to Niobe's ""Weeping Rock"" (""Ağlayan Kaya""), an ancient bridge called the ""Red Bridge"" (""Kırmızı Köprü"") as well as to several tombs-shrines in the Turkish style dating back to the Saruhan period (14th century). Under Ottoman rule in the centuries that followed, the city had already extended into the undulated terrain at the start of the plain. In the last couple of decades, Manisa's width more than tripled in size across its vast plain formed by the alluvial deposits of the River Gediz, a development in which the construction of new block apartments, industrial zones and of Celal Bayar University campus played a key role.The city of Manisa is also widely visited, especially during March and September festivals, the former festival being the continuation of a five-hundred-year-old ""Mesir Paste Distribution"" tradition, and also for the nearby Mount Spil national park. It is also a departure point for other visitor attractions of international acclaim which are located nearby within Manisa's depending region, such as Sardes and Alaşehir (ancient Philadelphia) inland. There is a Jewish community.","[""history of manisa"", ""magnesia, turkey"", ""manisa"", ""Manisa"", ""Manisa, Turkey"", ""Manissa"", ""manisa, turkey"", ""Magnesia, Turkey"", ""manissa"", ""History of Manisa""]","history of manisa | magnesia, turkey | manisa | Manisa | Manisa, Turkey | Manissa | manisa, turkey | Magnesia, Turkey | manissa | History of Manisa","[""cinema"", ""turkiye""]","[""birth_place""]",true
Q151729,"demirel, suleyman","Sami Süleyman Gündoğdu Demirel (Turkish pronunciation: [sylejˈman demiˈɾel]; 1 November 1924 – 17 June 2015) was a Turkish statesman and political leader who served as the 9th President of Turkey from 1993 to 2000. He previously served as the Prime Minister of Turkey seven times between the years 1965 and 1993. He was the leader of the Justice Party (AP) from 1964 to 1980 and the leader of the True Path Party (DYP) from 1987 to 1993.Having been identified as a potential future Prime Minister by Adnan Menderes, Demirel was elected leader of the Justice Party in 1964 and managed to bring down the government of İsmet İnönü in 1965 despite not being a Member of Parliament. He supported the government of Suat Hayri Ürgüplü until his party won a parliamentary majority in the 1965 general election. Claiming that his grouping was the successor of the banned Democrat Party, he was re-elected as Prime Minister in 1969 by winning a parliamentary majority for a second time. Despite his economic reforms which stabilised inflation, he resigned as Prime Minister after his budget was blocked by parliament, but formed his third government shortly after. His premiership came to an end following the 1971 Turkish coup d'état.Demirel was the leader of the opposition from 1971 to 1975 before forming a four-party government known as the First Nationalist Front, which collapsed in 1977. With two other parties, he formed the Second Nationalist Front cabinet in 1977, which collapsed in 1978. Demirel's minority government in 1979 was unable to elect a president in 1980, leading to the 1980 Turkish coup d'état which banned Demirel from politics. In the 1987 constitutional referendum, Demirel regained the right to actively participate in politics and assumed the leadership of the True Path Party. He won the 1991 general election and formed a coalition with the Social Democratic Populist Party (SHP), assuming his fifth and final term as Prime Minister. Following the sudden death of serving President Turgut Özal, Demirel contested the 1993 presidential election and subsequently became the ninth President of Turkey until 2000. With 10 years and 5 months, Demirel's tenure in the prime ministership is the third longest in Turkish history, after İsmet İnönü and Recep Tayyip Erdoğan.","[""demirel, suleyman"", ""Sueleyman Demirel"", ""Demirel, Suleyman"", ""Süleyman Demirel"", ""suleiman demirel"", ""Suleiman Demirel"", ""Sami Süleyman Gündoğdu Demirel"", ""sueleyman demirel"", ""sami süleyman gündoğdu demirel"", ""suleyman demirel""]","demirel, suleyman | Sueleyman Demirel | Demirel, Suleyman | Süleyman Demirel | suleiman demirel | Suleiman Demirel | Sami Süleyman Gündoğdu Demirel | sueleyman demirel | sami süleyman gündoğdu demirel | suleyman demirel","[""cinema"", ""turkiye""]","[""turkey_neighbor""]",true
Q15479026,Yavuz Özkan (director),Yavuz Özkan (1942 – 21 May 2019) was a Turkish film director and screenwriter. Özkan is best known for his 1978 film The Mine.,"[""Yavuz Özkan (director)"", ""Yavuz Ozkan (director)"", ""yavuz ozkan (director)"", ""yavuz özkan (director)""]",Yavuz Özkan (director) | Yavuz Ozkan (director) | yavuz ozkan (director) | yavuz özkan (director),"[""cinema"", ""people"", ""turkiye""]","[""director""]",true
Q155915,kastamon,"Kastamonu is the capital district of the Kastamonu Province, Turkey. According to the 2000 census, population of the district is 102,059 of which 64,606 live in the urban center of Kastamonu. (Population of the urban center in 2010 is 91,012.) The district covers an area of 1,834 km2 (708 sq mi), and the town lies at an elevation of 904 m (2,966 ft). It is located to the south of the province.","[""kastamon"", ""kastamone"", ""Kastamone"", ""Kastambul"", ""Kastamuni"", ""Kastamon"", ""kastamonu"", ""kastamuni"", ""Kastamonu"", ""kastambul""]",kastamon | kastamone | Kastamone | Kastambul | Kastamuni | Kastamon | kastamonu | kastamuni | Kastamonu | kastambul,"[""cinema"", ""turkiye""]","[""birth_place""]",true
Q1567050,hacettepe,"Hacettepe University is a major state university in Ankara, Turkey. Based on academic performance, it ranks 1st among Turkish universities.The University has two main campuses.  The first campus is located in the old town of Ankara and hosts the Medical Centre, and the second one, Beytepe Campus is 13 km (8 mi) from the city centre.  The Beytepe Campus covers 6,000,000 m2 (600 ha; 1,483 acres) of green land and woodland, and hosts the faculties of Economic and Administrative Sciences, Law, Education, Engineering, Fine Arts, Letters, and Science. In addition to these two main campuses, the School of Social Work is located at Keçiören, and the Turkish State Conservatory in Ankara, affiliated with the University as of 1982, is located at the Beşevler Campus..","[""hacettepe"", ""hacettepe university"", ""Hacettepe Üniversitesi"", ""Hacettepe"", ""hacettepe üniversitesi"", ""Hacettepe University""]",hacettepe | hacettepe university | Hacettepe Üniversitesi | Hacettepe | hacettepe üniversitesi | Hacettepe University,"[""cinema"", ""education"", ""turkiye""]","[""education_entity""]",true
Q1583249,usc sca,"The USC School of Cinematic Arts (commonly referred to as SCA)—formerly the USC School of Cinema-Television, otherwise known as CNTV—is a private media school within the University of Southern California in Los Angeles, California. The school offers multiple undergraduate and graduate programs covering film production, screenwriting, cinema and media studies, animation and digital arts, media arts + practice, and interactive media & games. Additional programs include the Peter Stark Producing Program and the Business of Entertainment (offered in conjunction with the USC Marshall School of Business MBA Program).It is the oldest, largest, and arguably most reputable such school in the United States, established in 1929 as a joint venture with the Academy of Motion Picture Arts and Sciences. Having been ranked as one of the best film schools in the world on several occasions, SCA has most notably topped THR's ranking for seven consecutive years. As such, admissions into the school are extremely competitive, with an estimated 2–3% acceptance rate.","[""usc sca"", ""usc cinematic arts"", ""USC Cinematic Arts"", ""USC Film School"", ""Division of animation and digital arts"", ""john c. hench division of animation and digital arts"", ""USC School of Cinema-Television"", ""USC SCA"", ""usc film school"", ""usc school of cinematic arts""]",usc sca | usc cinematic arts | USC Cinematic Arts | USC Film School | Division of animation and digital arts | john c. hench division of animation and digital arts | USC School of Cinema-Television | USC SCA | usc film school | usc school of cinematic arts,"[""cinema"", ""education"", ""turkiye""]","[""education_entity""]",true
Q160450,"samsun, turkey","Samsun (Pontic Greek: Σαμψούντα, Ottoman Turkish: صامسون) is a city on the north coast of Turkey with a population over half a million people. It is the provincial capital of Samsun Province and a major Black Sea port. The growing city has two universities, several hospitals, shopping malls, a lot of light manufacturing industry, sports facilities and an opera.Mustafa Kemal Atatürk began the Turkish War of Independence here in 1919.","[""samsun, turkey"", ""Samsoun"", ""sampsounta"", ""Amisos"", ""samsun"", ""Amisus"", ""Samson, Turkey"", ""amisos"", ""Samsun, Turkey"", ""Samsun""]","samsun, turkey | Samsoun | sampsounta | Amisos | samsun | Amisus | Samson, Turkey | amisos | Samsun, Turkey | Samsun","[""cinema"", ""turkiye""]","[""birth_place""]",true
Q16173210,kim sulhyeon,"Kim Seol-hyun (Korean: 김설현; born 3 January 1995), better known by the mononym Seolhyun, is a South Korean singer and actress. She is a member of the South Korean girl group AOA and has starred in television dramas Ugly Alert (2013) and Orange Marmalade (2015).","[""kim sulhyeon"", ""Kim Seol Hyeon"", ""Kim Sul Hyeon"", ""kim sul hyun"", ""kim seolhyeon"", ""Kim Sulhyun"", ""kim seol hyeon"", ""Kim Seol-hyun"", ""kim sul-hyun"", ""Kim Seol Hyun""]",kim sulhyeon | Kim Seol Hyeon | Kim Sul Hyeon | kim sul hyun | kim seolhyeon | Kim Sulhyun | kim seol hyeon | Kim Seol-hyun | kim sul-hyun | Kim Seol Hyun,"[""cinema"", ""people"", ""turkiye""]","[""cast_member""]",true
Q16223329,Okan Avcı,"Okan Avcı (born 29 November 1984 in Muğla, Turkey) is a Turkish film director and actor.","[""Okan Avcı"", ""okan avci"", ""Okan Avci"", ""okan avcı""]",Okan Avcı | okan avci | Okan Avci | okan avcı,"[""cinema"", ""people"", ""turkiye""]","[""cast_member""]",true
Q163012,bezirk pankow,Pankow (German pronunciation: [ˈpaŋkoː]) is the most populous and the second-largest borough of Berlin. In Berlin's 2001 administrative reform it was merged with the former boroughs of Prenzlauer Berg and Weißensee; the resulting borough retained the name Pankow.,"[""bezirk pankow"", ""pankow"", ""Pankow"", ""Bezirk Pankow""]",bezirk pankow | pankow | Pankow | Bezirk Pankow,"[""cinema"", ""turkiye""]","[""birth_place""]",true
Q16533418,the lamb (2014 film),The Lamb (Turkish: Kuzu) is a 2014 Turkish-German drama film directed by Kutluğ Ataman. The film had its premiere in the Panorama section of the 64th Berlin International Film Festival.,"[""the lamb (2014 film)"", ""The Lamb (2014 film)""]",the lamb (2014 film) | The Lamb (2014 film),"[""cinema"", ""film"", ""turkiye""]","[""film""]",true
Q16554,the mile high city,"Denver (), officially the City and County of Denver, is the capital and most populous municipality of the U.S. state of Colorado. Denver is located in the South Platte River Valley on the western edge of the High Plains just east of the Front Range of the Rocky Mountains. The Denver downtown district is immediately east of the confluence of Cherry Creek with the South Platte River, approximately 12 mi (19 km) east of the foothills of the Rocky Mountains. Denver is named after James W. Denver, a governor of the Kansas Territory. It  is nicknamed the Mile High City because its official elevation is exactly one mile (5280 feet or 1609.3 meters) above sea level. The 105th meridian west of Greenwich, the longitudinal reference for the Mountain Time Zone, passes directly through Denver Union Station.Denver is ranked as a Beta world city by the Globalization and World Cities Research Network. With an estimated population of 716,492 in 2018, Denver is the 19th-most populous U.S. city, and with a 19.38% increase since the 2010 United States Census, it has been one of the fastest-growing major cities in the United States. The 10-county Denver-Aurora-Lakewood, CO Metropolitan Statistical Area had an estimated 2018 population of 2,932,415 and is the 19th most populous U.S. metropolitan statistical area. The 12-city Denver-Aurora, CO Combined Statistical Area had an estimated 2018 population of 3,572,798 and is the 15th most populous U.S. metropolitan area. Denver is the most populous city of the 18-county Front Range Urban Corridor, an oblong urban region stretching across two states with an estimated 2018 population of 4,976,781. Denver is the most populous city within a 500-mile (800 km) radius and the second-most populous city in the Mountain West after Phoenix, Arizona. In 2016, Denver was named the best place to live in the United States by U.S. News & World Report.","[""the mile high city"", ""city of denver"", ""Denver, Colorado, United States"", ""Capital of Colorado"", ""city of denver, colorado"", ""Denver City, Colorado Territory"", ""the mile-high city"", ""Denver Co"", ""denver, colorado, united states"", ""Mile-High City""]","the mile high city | city of denver | Denver, Colorado, United States | Capital of Colorado | city of denver, colorado | Denver City, Colorado Territory | the mile-high city | Denver Co | denver, colorado, united states | Mile-High City","[""cinema"", ""turkiye""]","[""birth_place""]",true
Q165995,List of people from Malatya,"Malatya (Armenian: Մալաթիա Malat'ya; Kurdish: Meletî‎) is a large city in the Eastern Anatolia region of Turkey and the capital of Malatya Province. The city has been a human settlement for thousands of years. The Assyrians called the city Meliddu. Strabo says that the city was known ""to the ancients"" as Melitene (Ancient Greek Μελιτηνή), a name adopted by the Romans following Roman expansion into the east. According to Strabo, the inhabitants of Melitene shared with the nearby Cappadocians and Cataonians the same language and culture.The site of ancient Melitene lies a few kilometres from the modern city in what is now the village of Arslantepe and near the dependant district center of Battalgazi (Byzantine to Ottoman Empire). Present-day Battalgazi was the location of the city of Malatya until the 19th century, when a gradual move of the city to the present third location began. Battalgazi's official name was Eskimalatya (Old Malatya); until recently, it was a name used locally. In Turkey the city is renowned for its apricots, as up to 80% of the Turkish apricot production is provided by Malatya, giving Malatya the name kayısı diyarı (""apricot realm"").","[""List of people from Malatya"", ""archaeological site of arslantepe"", ""malat'ya"", ""Μαλάτεια"", ""Archaeological Site of Arslantepe"", ""list of people from malatya"", ""malatya"", ""emirate of melitene"", ""Malat'ya"", ""meletî""]",List of people from Malatya | archaeological site of arslantepe | malat'ya | Μαλάτεια | Archaeological Site of Arslantepe | list of people from malatya | malatya | emirate of melitene | Malat'ya | meletî,"[""cinema"", ""turkiye""]","[""birth_place""]",true
Q166824,Afyonkarahisar,"Afyonkarahisar (Turkish pronunciation: [afjonkaɾahiˈsaɾ], Turkish: afyon ""poppy, opium"", kara ""black"", hisar ""fortress"") is a city in western Turkey, the capital of Afyon Province. Afyon is in mountainous countryside inland from the Aegean coast, 250 km (155 mi) south-west of Ankara along the Akarçay River. Elevation 1,021 m (3,350 ft). Population (2010 census) 173,100 In Turkey, Afyonkarahisar stands out as a capital city of thermal and spa, an important junction of railway, highway and air traffic in West-Turkey, and the grounds where independence had been won.In addition, Afyonkarahisar is one of the top leading provinces in agriculture, globally renowned for its marble and globally largest producer of pharmaceutical opium.","[""Afyonkarahisar"", ""afyon"", ""Afium-Kara-hissar"", ""Kara-Hissar Sharki"", ""history of afyonkarahisar"", ""Afium-Kara-Hissar"", ""akroinon"", ""History of Afyon"", ""History of Afyonkarahisar"", ""Karahisar-i Sahip""]",Afyonkarahisar | afyon | Afium-Kara-hissar | Kara-Hissar Sharki | history of afyonkarahisar | Afium-Kara-Hissar | akroinon | History of Afyon | History of Afyonkarahisar | Karahisar-i Sahip,"[""cinema"", ""turkiye""]","[""birth_place""]",true
Q16736826,inside (2012 film),Inside (Turkish: Yeraltı) is a 2012 Turkish drama film directed by Zeki Demirkubuz.. It is inspired by Dostoevsky's novella Notes from Underground.,"[""inside (2012 film)"", ""Inside (2012 film)"", ""yeraltı"", ""Yeraltı""]",inside (2012 film) | Inside (2012 film) | yeraltı | Yeraltı,"[""cinema"", ""film"", ""turkiye""]","[""film"", ""film_seed""]",true
Q168197,history of adıyaman,"Adıyaman (Kurdish: Semsûr‎; Armenian: Բերա; Arabic: حصن منصور‎) is a city in southeastern Turkey, capital of the Adıyaman Province. It is one of the fastest-growing cities in Turkey. The population rose from 100,045 (1990) to 202,735 in 2010. The city has a significant Kurdish population.","[""history of adıyaman"", ""pordonnium"", ""Adiyaman"", ""Semsûr"", ""adıyaman"", ""adiyaman"", ""Adıyaman"", ""Pordonnium"", ""History of Adıyaman"", ""semsûr""]",history of adıyaman | pordonnium | Adiyaman | Semsûr | adıyaman | adiyaman | Adıyaman | Pordonnium | History of Adıyaman | semsûr,"[""cinema"", ""turkiye""]","[""birth_place""]",true
Q1685054,jean-marie pallardy,"Jean-Marie Pallardy is a French movie director.He first worked as a male model in the 1960s, before opting for a career change and directing softcore erotic pictures. He also tried his hand at crime fiction and adventure films, with mixed results. His most ambitious project to date is White Fire (1985), starring Robert Ginty and Fred Williamson, a movie which has proved to be quite popular among camp aficionados. Pallardy's career dwindled in the 1980s, with the decline of France's exploitation cinema, and his movies became few and far between. His last movie to date, The Donor, guest-starring David Carradine, was released straight to DVD in 2004.","[""jean-marie pallardy"", ""Jean-Marie Pallardy""]",jean-marie pallardy | Jean-Marie Pallardy,"[""cinema"", ""people"", ""turkiye""]","[""director""]",true
Q1688122,jess hahn,"Jess Hahn (born October 29, 1921, Terre Haute, Indiana – d. June 29, 1998, Saint-Malo, France) was an American actor who mostly starred in French films.After serving with the Marines in the Second World War, he moved to France in 1949 and took French citizenship.Firstly a musician, he became an actor and starred in film noirs and westerns. A large man, Hahn often appeared in ""strong man"" roles, such as in Cartouche and Topkapi. Hahn was employed by French movie-maker Jean-Marie Pallardy, becoming one of his recurrent actors, until his retirement. Hahn died at age 76 in Saint-Malo, France.","[""jess hahn"", ""Jess Hahn""]",jess hahn | Jess Hahn,"[""cinema"", ""people"", ""turkiye""]","[""cast_member""]",true
Q168866,Eski-Shehr,"Eskişehir (US:  ES-kish-ə-HEER, Turkish: [esˈciʃehiɾ]; from eski ""old"" and şehir ""city"") is a city in northwestern Turkey and the capital of the Eskişehir Province. In the Byzantine era its name was Dorylaeum. The urban population of the city is 717,135 with a metropolitan population of 826,135. The city is located on the banks of the Porsuk River, 792 m above sea level, where it overlooks the fertile Phrygian Valley. In the nearby hills one can find hot springs. The city is 233 km (145 mi) to the west of Ankara, 330 km (205 mi) to the southeast of Istanbul and 78 km (48 mi) to the northeast of Kütahya. Known as a university town, both Eskişehir Osmangazi University and Anadolu University (which has one of the largest student enrollments in the world) are based in Eskişehir. The province covers an area of 2,678 km2 (1,034 sq mi).","[""Eski-Shehr"", ""eski-shehr"", ""Eskișehir"", ""Eskisehir, Turkey"", ""History of Eskişehir"", ""eskişehir"", ""eskișehir"", ""δορύλαιον"", ""UN/LOCODE:TRESK"", ""Eskē'shehēr""]","Eski-Shehr | eski-shehr | Eskișehir | Eskisehir, Turkey | History of Eskişehir | eskişehir | eskișehir | δορύλαιον | UN/LOCODE:TRESK | Eskē'shehēr","[""cinema"", ""turkiye""]","[""birth_place""]",true
Q16954839,the little apocalypse (2006 film),The Little Apocalypse (Original Turkish title: Küçük Kıyamet) is a 2006 Turkish psychological horror film directed by the Taylan brothers. (Yağmur and Durul Taylan),"[""the little apocalypse (2006 film)"", ""The Little Apocalypse (2006 film)"", ""küçük kıyamet"", ""Küçük Kıyamet""]",the little apocalypse (2006 film) | The Little Apocalypse (2006 film) | küçük kıyamet | Küçük Kıyamet,"[""cinema"", ""film"", ""turkiye""]","[""film""]",true
Q16955948,the trace (film),The Trace (Turkish: İz) is a 1994 Turkish thriller film directed by Yeşim Ustaoğlu. It was entered into the 19th Moscow International Film Festival.,"[""the trace (film)"", ""i̇z"", ""İz"", ""Trace"", ""Track"", ""The Trace (film)""]",the trace (film) | i̇z | İz | Trace | Track | The Trace (film),"[""cinema"", ""film"", ""turkiye""]","[""film""]",true
Q17,p:jp,"Japan (Japanese: 日本; Nippon [ɲippoɴ] or Nihon [ɲihoɴ]; formally 日本国 Nippon-koku or Nihon-koku, lit. 'State of Japan') is an island country in East Asia. Located in the Pacific Ocean, it lies off the eastern coast of the Asian continent and stretches from the Sea of Okhotsk in the north to the East China Sea and the Philippine Sea in the south.The kanji that make up Japan's name mean 'sun origin', and it is often called the ""Land of the Rising Sun"". Japan is a stratovolcanic archipelago consisting of about 6,852 islands. The four largest are Honshu, Hokkaido, Kyushu, and Shikoku, which make up about ninety-seven percent of Japan's land area and often are referred to as home islands. The country is divided into 47 prefectures in eight regions, with Hokkaido being the northernmost prefecture and Okinawa being the southernmost one. Japan is the 2nd most populous island country. The population of 126 million (2019) is the world's eleventh largest, of which 98.5% are ethnic Japanese. 90.7% of people live in cities, while 9.3% live in the countryside. About 13.8 million people live in Tokyo, the capital of Japan. The Greater Tokyo Area is the most populous metropolitan area in the world with over 38 million people.Archaeological research indicates that Japan was inhabited as early as the Upper Paleolithic period. The first written mention of Japan is in Chinese history texts from the 1st century AD. Influence from other regions, mainly China, followed by periods of isolation, particularly from Western Europe, has characterized Japan's history.From the 12th century until 1868, Japan was ruled by successive feudal military shōguns who ruled in the name of the Emperor. Japan entered into a long period of isolation in the early 17th century, which was ended in 1853 when a United States fleet pressured Japan to open to the West. After nearly two decades of internal conflict and insurrection, the Imperial Court regained its political power in 1868 through the help of several clans from Chōshū and Satsuma – and the Empire of Japan was established. In the late 19th and early 20th centuries, victories in the First Sino-Japanese War, the Russo-Japanese War and World War I allowed Japan to expand its empire during a period of increasing militarism. The Second Sino-Japanese War of 1937 expanded into part of World War II in 1941, which came to an end in 1945 following the Japanese surrender. Since adopting its revised constitution on May 3, 1947, during the occupation led by SCAP, the sovereign state of Japan has maintained a unitary parliamentary constitutional monarchy with an Emperor and an elected legislature called the National Diet.Japan is a member of the ASEAN Plus mechanism, UN, the OECD, the G7, the G8, and the G20, and is considered a great power. Its economy is the world's third-largest by nominal GDP and the fourth-largest by purchasing power parity. It is also the world's fourth-largest exporter and fourth-largest importer.Japan benefits from a highly skilled and educated workforce; it has among the world's largest proportion of citizens holding a tertiary education degree. Although it has officially renounced its right to declare war, Japan maintains a modern military with the world's eighth-largest military budget, used for self-defense and peacekeeping roles; it ranked as the world's fourth most-powerful military in 2015. Japan is a highly developed country with a very high standard of living and Human Development Index. Its population enjoys the highest life expectancy and third lowest infant mortality rate in the world, but is experiencing issues due to an aging population and low birthrate. Japan is renowned for its historical and extensive cinema, influential music industry, anime, video gaming, rich cuisine and its major contributions to science and modern technology.","[""p:jp"", ""P:JP"", ""p:japan"", ""jap"", ""iso 3166-1:jp"", ""japang"", ""wikiportal/japan"", ""modern–era japan"", ""JPN"", ""Japan/Anniversaries/June/June 28""]",p:jp | P:JP | p:japan | jap | iso 3166-1:jp | japang | wikiportal/japan | modern–era japan | JPN | Japan/Anniversaries/June/June 28,"[""cinema"", ""geography"", ""turkiye""]","[""country""]",true
Q17045512,ayla arslancan,"Ayla Arslancan (16 April 1936 – 29 March 2015) was a Turkish actress, best known for her roles in Züğürt Ağa, Uçurtmayı Vurmasınlar, and Selamsız Bandosu.Arslancan was born in Istanbul in 1936 and raised in Ankara, Turkey. She began acting on stage when she was 20 years old. She appeared in many plays, movies and television programs, including Üç İstanbul (1983), Ah Gardaşım (1991), Gümüş (2005), Acemi Cadı (2006), Fırtına (2006), Annem (2007), Kavşak (2010), Ayrılık (2010), Entelköy Efeköy'e Karşı (2011), Sihirli Annem (2012), Acayip Hikayeler (2012) and Romantik Komedi 2: Bekarlığa Veda (2013).","[""ayla arslancan"", ""Ayla Arslancan""]",ayla arslancan | Ayla Arslancan,"[""cinema"", ""people"", ""turkiye""]","[""cast_member""]",true
Q170967,denizli,"Denizli is an industrial city in the southwestern part of Turkey and the eastern end of the alluvial valley formed by the river Büyük Menderes, where the plain reaches an elevation of about three hundred and fifty metres (1,148 ft). Denizli is located in the country's Aegean Region.The city has a population of about 577,000 (2013 census). This is a jump from 389,000 in 2007, due to the merger of 13 municipalities and 10 villages when the area under Denizli Municipality jurisdiction increased almost fivefold and the population around 50 percent. Denizli (Municipality) is the capital city of Denizli Province.Denizli has seen economic development in the last few decades, mostly due to textile production and exports.Denizli also attracts visitors to the nearby mineral-coated hillside hot spring of Pamukkale, and with red color thermal water spa hotels Karahayıt, just 5 kilometres (3 miles) north of Pamukkale. Recently, Denizli became a major domestic tourism destination due to the various types of thermal waters in Sarayköy, Central/Denizli (where Karahayıt and Pamukkale towns are located), Akköy (Gölemezli), Buldan (Yenicekent), and Çardak districts.The ancient ruined city of Hierapolis, as well as ruins of the city of Laodicea on the Lycus, the ancient metropolis of Phrygia. Also in the depending of Honaz, about 10 mi (16 km) west of Denizli is, what was, in the 1st century AD, the city of Colossae.The weather is hot in Denizli in summers, whereas in winters, it may occasionally be very cold with snow on the mountains that surround the city. Some years, snow can be observed in the urban areas. Springs and autumns are rainy, mild climate, warm.","[""denizli"", ""Denizli Ladik"", ""Denizli, Turkey"", ""History of Denizli"", ""denizli, turkey"", ""Denizli"", ""denizli ladik"", ""history of denizli""]","denizli | Denizli Ladik | Denizli, Turkey | History of Denizli | denizli, turkey | Denizli | denizli ladik | history of denizli","[""cinema"", ""turkiye""]","[""birth_place""]",true
Q171031,isparta,"Isparta (Greek: Σπάρτη, Baris/Βάρις in Byzantine Greek) is a city in western Turkey and the capital of Isparta Province. The city's population was 222,556 in 2010 and its elevation is 1035 m. It is known as the ""City of Roses"".Isparta is well-connected to other parts of Turkey via roads. Antalya lies 130 km to the south and Eskişehir is 350 km to the north.Süleyman Demirel University has introduced thousands of youths from varied backgrounds to the city's mostly conservative fabric in recent years. The city's football team, Ispartaspor, plays in Group 7 of the Turkish Regional Amateur League.","[""isparta"", ""hamid-abad"", ""Hamideli"", ""baris in pisidia"", ""Baris in Pisidia"", ""Izbarta"", ""izbarta"", ""Isparta"", ""hamideli"", ""Hamid-abad""]",isparta | hamid-abad | Hamideli | baris in pisidia | Baris in Pisidia | Izbarta | izbarta | Isparta | hamideli | Hamid-abad,"[""cinema"", ""turkiye""]","[""birth_place""]",true
Q17150245,"alina, the turkish assassin","Alina, the Turkish Assassin is a 2012 film written by Seda Eğridere and directed by Vladimir Jedlicka. The consulting producer for the film was the famous American director Bobby Roth. It stars Seda Eğridere and Tamer Karadağlı.","[""alina, the turkish assassin"", ""Alina, the Turkish Assassin""]","alina, the turkish assassin | Alina, the Turkish Assassin","[""cinema"", ""film"", ""turkiye""]","[""film""]",true
Q1720967,kadir i̇nanır,"Kadir İnanır (born 15 April 1949, Fatsa, Ordu Province) is a popular Turkish film actor and director.","[""kadir i̇nanır"", ""kadir inanır"", ""Kadir Inanir"", ""Kadir Inanır"", ""kadir inanir"", ""Kadir İnanır""]",kadir i̇nanır | kadir inanır | Kadir Inanir | Kadir Inanır | kadir inanir | Kadir İnanır,"[""cinema"", ""people"", ""turkiye""]","[""cast_member""]",true
Q17277912,Circle (2014 film),Circle (Turkish: Daire) is a 2014 film written and directed by Atıl İnaç.,"[""Circle (2014 film)"", ""Circle (Daire)"", ""daire"", ""circle (2014 film)"", ""Daire"", ""circle (daire)""]",Circle (2014 film) | Circle (Daire) | daire | circle (2014 film) | Daire | circle (daire),"[""cinema"", ""film"", ""turkiye""]","[""film""]",true
Q173310,kirkuk (city),"Kirkuk (Arabic: كركوك‎ Karkūk; Kurdish: کەرکووک‎ Kerkûk; Syriac: ܟܪܟܘ݂ܟ‎Turkish: Kerkük) is a city in Iraq, serving as the capital of the Kirkuk Governorate, located 238 kilometres (148 miles) north of Baghdad.Kirkuk lies in a wide zone with an enormously diverse population and has been multilingual for centuries. There were dramatic demographic changes during Kirkuk's urbanization in the twentieth century, which saw the development of distinct ethnic groups. Kurds, Iraqi Turkmen, Arabs, and Assyrians lay conflicting claims to this zone, and all have their historical accounts and memories to buttress their claims. The city sits on the ruins of the original Kirkuk Citadel, site of the ancient mid-3rd millennium BC, Akkadian city of Arrapha, and which sits near the Khasa River. The region became a part of the Akkadian empire (2335–2154 BC) which united all of the Akkadian and Sumerian speaking Mesopotamians under one rule. After its collapse, the language isolate-speaking Gutians, a pre-Iranic race from Ancient Iran, overran the region for a few decades, making Arrapha their capital, before being ejected from Mesopotamia by the Sumerians during the Neo-Sumerian Empire (2112–2004 BC). The city later came to be dominated by the Hurrians from eastern Anatolia before being incorporated into the Old Assyrian Empire (2025–1750 BC), after which Arrapha and the whole of northern Mesopotamia, together with parts of north east Syria and south east Turkey, became a part of Assyria proper. During the late 15th century BC Assyria and Arrapha was under the domination of the short-lived Mittani-Hurrian empire, but after the Assyrians overthrew and destroyed the Hurri-Mitanni in the early 14th century BC the city was once more under Assyrian rule. Arrapha remained an important Assyrian city until the fall of the Assyrian empire between 615–599 BC. After this it remained a part of the geo-political province of Assyria (Achaemenid Assyria, Athura, Seleucid Syria, Assyria (Roman province) and Assuristan) under various foreign empires, and between the 2nd century BC and 3rd century AD became the capital of the Neo-Assyrian state of Beth Garmai before this was conquered into the Sassanid empire and became a part of Assuristan. The Arab Islamic conquest of the 7th century AD saw the dissolution of Assyria as a geo-political entity.Kurds and Turkmens have claimed the city as a cultural capital despite the fact that Kurds in the last reliable census represented only 25% of population of the city. It was named the ""capital of Iraqi culture"" by the Iraqi ministry of culture in 2010. The city currently consists mainly of people who self-identify as Kurds, Arabs, Iraqi Turkmens, Chaldeans, and Assyrians, with changes in population after the US-led invasion in 2003, and later the war against the Islamic State from 2014 to 2017.","[""kirkuk (city)"", ""Karkuk"", ""history of kirkuk"", ""kirkuk"", ""karkuk"", ""erekha"", ""Kerkouk"", ""کەرکووک"", ""Kerkuk"", ""bet selok""]",kirkuk (city) | Karkuk | history of kirkuk | kirkuk | karkuk | erekha | Kerkouk | کەرکووک | Kerkuk | bet selok,"[""cinema"", ""turkiye""]","[""birth_place""]",true
Q173402,miss world best in swimsuit winners,"Miss World is the oldest running international beauty pageant. It was created in the United Kingdom by Eric Morley in 1951. Since his death in 2000, Morley's widow, Julia Morley, has co-chaired the pageant. Along with Miss Universe, Miss International and Miss Earth, this pageant is one of the Big Four international beauty pageants—the most coveted beauty titles when it comes to international pageant competitions.The current Miss World is Vanessa Ponce of Mexico who was crowned on 8 December 2018 in Sanya, China. She is the first Mexican woman to win Miss World.","[""miss world best in swimsuit winners"", ""Miss World Best In Swimsuit"", ""Miss World"", ""Miss World Europe"", ""miss mundo"", ""Miss World Africa"", ""Queen of Africa"", ""Beach Beauty contest"", ""queen of caribbean"", ""beach beauty contest""]",miss world best in swimsuit winners | Miss World Best In Swimsuit | Miss World | Miss World Europe | miss mundo | Miss World Africa | Queen of Africa | Beach Beauty contest | queen of caribbean | beach beauty contest,"[""award"", ""cinema"", ""turkiye""]","[""award""]",true
Q173474,"Veliko Tarnovo, Bulgaria","Veliko Tarnovo (Bulgarian: Велико Търново, pronounced [vɛˈliko ˈtɤ̞rnovo], ""Great Tarnovo"") is a city in north central Bulgaria and the administrative centre of Veliko Tarnovo Province.Often referred to as the ""City of the Tsars"", Veliko Tarnovo is located on the Yantra River and is famously known as the historical capital of the Second Bulgarian Kingdom, attracting many tourists with its unique architecture. The old part of the city is situated on three hills, Tsarevets, Trapezitsa, and Sveta Gora, rising amidst the meanders of the Yantra. On Tsarevets are the palaces of the Bulgarian emperors and the Patriarchate, the Patriarchal Cathedral, and also a number of administrative and residential edifices surrounded by thick walls.Trapezitsa is known for its many churches and as the former main residence of the nobility. During the Middle Ages, the city was among the main European centres of culture and gave its name to the architecture of the Tarnovo Artistic School, painting of the Tarnovo Artistic School, and to literature. Veliko Tarnovo is an important administrative, economic, educational, and cultural centre of Northern Bulgaria.","[""Veliko Tarnovo, Bulgaria"", ""veliko tarnovo"", ""Veliko Turnovo"", ""turnovgrad"", ""veliko turnovo"", ""Ternobus"", ""tirnovo"", ""Tarnovo"", ""Veliko trnovo"", ""V Tarnovo""]","Veliko Tarnovo, Bulgaria | veliko tarnovo | Veliko Turnovo | turnovgrad | veliko turnovo | Ternobus | tirnovo | Tarnovo | Veliko trnovo | V Tarnovo","[""cinema"", ""turkiye""]","[""birth_place""]",true
Q17378488,Recep İvedik 4,Recep İvedik 4 is a 2014 Turkish comedy film directed by Togan Gökbakar. The title role is played by Şahan Gökbakar.,"[""Recep İvedik 4"", ""recep ivedik 4"", ""Recep Ivedik 4"", ""recep i̇vedik 4""]",Recep İvedik 4 | recep ivedik 4 | Recep Ivedik 4 | recep i̇vedik 4,"[""cinema"", ""film"", ""turkiye""]","[""film""]",true
Q174060,mamuretuelaziz,"Elazığ (Turkish pronunciation: [eˈlazɯː]), formerly Mamuretülaziz, is a city in Eastern Anatolia, Turkey, and the administrative centre of Elazığ Province. It is located in the uppermost Euphrates valley. The plain on which the city extends has an altitude of 1,067 metres (3,501 ft). Elazığ resembles an inland peninsula surrounded by the natural Lake Hazar and reservoirs of Keban Dam, Karakaya Dam, Kıralkızı and Özlüce.Elazığ initially developed in 1834 as an extension of the historic city of Harput, which was situated on a hill and difficult to access in winter.","[""mamuretuelaziz"", ""Mamuret ul-Aziz"", ""Xarput"", ""mamuretü'l-azîz"", ""mezra"", ""Mezereh"", ""Mamuret-ul Aziz Province, Ottoman Empire"", ""kharpout"", ""mamuret-ul-aziz"", ""charpete""]","mamuretuelaziz | Mamuret ul-Aziz | Xarput | mamuretü'l-azîz | mezra | Mezereh | Mamuret-ul Aziz Province, Ottoman Empire | kharpout | mamuret-ul-aziz | charpete","[""cinema"", ""turkiye""]","[""birth_place""]",true
Q1740774,kibar feyzo,Kibar Feyzo is a 1978 Turkish comedy film directed by Atif Yilmaz.,"[""kibar feyzo"", ""Kibar Feyzo""]",kibar feyzo | Kibar Feyzo,"[""cinema"", ""film"", ""turkiye""]","[""film""]",true
Q17432108,vedat örfi bengü,"Vedat Örfi Bengü, also spelt as Wedad Orfi, and Wadad Orfi, (October 14, 1900 – May 25, 1953) was a Turkish-Egyptian silent film producer and actor.","[""vedat örfi bengü"", ""wedad orfi"", ""Wedad Orfi"", ""Vedat Örfi Bengü""]",vedat örfi bengü | wedad orfi | Wedad Orfi | Vedat Örfi Bengü,"[""cinema"", ""people"", ""turkiye""]","[""director""]",true
Q174341,Iskenderiye,"İskenderun (Arabic: الإسكندرونة‎, Greek: Αλεξανδρέττα ""Little Alexandria""), historically known as Alexandretta and Scanderoon, is a city and the largest district in Hatay Province on the Mediterranean coast of Turkey.","[""Iskenderiye"", ""alexandretta, syria"", ""İskenderun"", ""alexandria parva"", ""Alexandria Minor"", ""iskandarun"", ""alexandrette"", ""alexandretta"", ""Iskenderum"", ""cambysopolis""]","Iskenderiye | alexandretta, syria | İskenderun | alexandria parva | Alexandria Minor | iskandarun | alexandrette | alexandretta | Iskenderum | cambysopolis","[""cinema"", ""turkiye""]","[""birth_place""]",true
Q17450797,Düğün Dernek,"Düğün Dernek (translated as ""Wedding Association"") is a Turkish comedy film produced in 2013. The film was written by Selçuk Aydemir and produced by BKM. Ahmet Kural, Murat Cemcir, Rasim Öztekin, Devrim Yakut and Barış Yıldız stars in the film. The plot of the movie is about Ismail's (who lives in Sivas, Esenyurt Village) efforts to wed his son Tarık, and the comedic escapades that ensues from it. The film was released with 229 copies in Turkey on 6 December 2013. In the first 3 days it was watched by 572,838 people and got 5,947,213 TRY revenue. In the first quarter of 2014, it took the ""most watched film of the past 30 years"" title from Fetih 1453. The film mostly got good feedback but some of the reviewers thought the harmony between Murat Cemcir and Ahmet Kural was forced and the plot was too slapstick comedy to be taken seriously or realistically.","[""Düğün Dernek"", ""nuptials and merriments"", ""Nuptials and Merriments"", ""Dugun Dernek"", ""düğün dernek"", ""dugun dernek""]",Düğün Dernek | nuptials and merriments | Nuptials and Merriments | Dugun Dernek | düğün dernek | dugun dernek,"[""cinema"", ""film"", ""turkiye""]","[""film""]",true
Q17450810,gulyabani,"Gulyabani is a 2014 Turkish horror-comedy film directed by Orçun Benli. According to Turkish myth, Gulyabani is a humongous ghoul with a long beard who wanders at night and scares people.","[""gulyabani"", ""Gulyabani (film)"", ""gulyabani (film)"", ""Gulyabani""]",gulyabani | Gulyabani (film) | gulyabani (film) | Gulyabani,"[""cinema"", ""film"", ""turkiye""]","[""film""]",true
Q17450815,güllü,Güllü is a 1972 Turkish comedy film directed by Atıf Yılmaz.,"[""güllü"", ""Güllü""]",güllü | Güllü,"[""cinema"", ""film"", ""turkiye""]","[""film""]",true
Q17450844,Limonata,Limonata is a 2015 Turkish comedy film directed by Ali Atay. Part of this story takes place as a road movie from Macedonia to Istanbul and back. This is the story of how two brothers who are initially strangers come to know one another.,"[""Limonata"", ""limonata""]",Limonata | limonata,"[""cinema"", ""film"", ""turkiye""]","[""film""]",true
Q17450883,sev kardeşim,Sev Kardeşim is a 1972 Turkish comedy film directed by Ertem Eğilmez.,"[""sev kardeşim"", ""Sev Kardeşim""]",sev kardeşim | Sev Kardeşim,"[""cinema"", ""film"", ""turkiye""]","[""film""]",true
Q17512617,the cut (2014 film),"The Cut is a 2014 internationally co-produced drama film directed by Fatih Akın. It was selected to compete for the Golden Lion at the 71st Venice International Film Festival. The film is about the life and experiences of a young Armenian by the name of Nazareth Manoogian, in the light of the Armenian Genocide and its repercussions in different parts of the world.","[""the cut (2014 film)"", ""The Cut (2014 film)"", ""Cut""]",the cut (2014 film) | The Cut (2014 film) | Cut,"[""cinema"", ""film"", ""turkiye""]","[""film"", ""film_seed""]",true
Q17560788,sivas (film),Sivas is a 2014 Turkish drama film directed by Kaan Müjdeci. It was selected to compete for the Golden Lion at the 71st Venice International Film Festival where it won the Special Jury Prize. The film was selected as the Turkish entry for the Best Foreign Language Film at the 88th Academy Awards but it was not nominated.,"[""sivas (film)"", ""Sivas (film)""]",sivas (film) | Sivas (film),"[""cinema"", ""film"", ""turkiye""]","[""film""]",true
Q1758492,"Yenice, Çanakkale","Yenice is a town and district of Çanakkale Province in the Marmara region of Turkey. According to the 2000 census, population of the district is 35,796 of which 6,903 live in the town of Yenice. The district covers an area of 1,417 km2 (547 sq mi), and the town lies at an elevation of 255 m (837 ft).","[""Yenice, Çanakkale"", ""Yenice, Canakkale"", ""yenice, çanakkale"", ""yenice, canakkale""]","Yenice, Çanakkale | Yenice, Canakkale | yenice, çanakkale | yenice, canakkale","[""cinema"", ""turkiye""]","[""birth_place""]",true
Q1769370,Der Ehrenmord,"Mutluluk (English title: Bliss) is a 2007 Turkish film directed by Abdullah Oğuz, and starring Özgü Namal, Talat Bulut, and Murat Han. It was chosen to open the 2007 Asian Film Festival in Mumbai and the 2007 Medfilm Festival in Rome. It won the audience prize and the young jury prize at the 2008 Turkish Film Festival in Nuremberg and won the audience award for international films at the 2008 Miami International Film Festival.Also, Mutluluk was rewarded by European Council with the Prix Odyssee Human Rights Award in 2007.","[""Der Ehrenmord"", ""bliss (2007 film)"", ""der ehrenmord"", ""Bliss (2007 film)"", ""Mutluluk"", ""mutluluk""]",Der Ehrenmord | bliss (2007 film) | der ehrenmord | Bliss (2007 film) | Mutluluk | mutluluk,"[""cinema"", ""film"", ""turkiye""]","[""film""]",true
Q177993,"abbass, hiam","Hiam Abbass (Arabic: هيام عباس‎, Hebrew: היאם עבאס‎; born 30 November 1960), also Hiyam Abbas, is an Israeli Arab actress and film director.","[""abbass, hiam"", ""Hiam Abbass"", ""Abbass, Hiam"", ""hiam abbass"", ""Hiam Abbas"", ""hiam abbas""]","abbass, hiam | Hiam Abbass | Abbass, Hiam | hiam abbass | Hiam Abbas | hiam abbas","[""cinema"", ""people"", ""turkiye""]","[""cast_member"", ""person_seed""]",true
Q179808,palme d'or 1939–1959,"The Palme d'Or (French pronunciation: ​[palm(ə) dɔʁ]; English: Golden Palm) is the highest prize awarded at the Cannes Film Festival. It was introduced in 1955 by the festival's organizing committee. Previously, from 1939 to 1954, the highest prize at the festival was the Grand Prix du Festival International du Film. In 1964, The Palme d'Or was replaced again by the Grand Prix, before being reintroduced in 1975.The Palme d'Or is widely considered to be one of the most prestigious awards in the film industry.","[""palme d'or 1939–1959"", ""The Palme d'Or"", ""golden palm awards"", ""the palme d'or"", ""palme d'or 2000–2019"", ""Palme d´Or"", ""palme d’or"", ""Palme d'Or 1939–1959"", ""palme d'or 1939-1959"", ""palme d'or 1960-1979""]",palme d'or 1939–1959 | The Palme d'Or | golden palm awards | the palme d'or | palme d'or 2000–2019 | Palme d´Or | palme d’or | Palme d'Or 1939–1959 | palme d'or 1939-1959 | palme d'or 1960-1979,"[""award"", ""cinema"", ""turkiye""]","[""award""]",true
Q180280,"ozal, turgut","Halil Turgut Özal (Turkish pronunciation: [tuɾˈɡut œˈzaɫ]; 13 October 1927 – 17 April 1993) was a Turkish politician who served as the 8th President of Turkey from 1989 to 1993. He previously served as the 26th Prime Minister of Turkey from 1983 to 1989 as the leader of the Motherland Party. He was the Deputy Prime Minister of Turkey in the military government of Bülend Ulusu between 1980 and 1982.After working briefly at the World Bank in the United States and as a university lecturer, Özal became the general secretary and later the leader of the main miners' trade union of Turkey in 1979, serving as a chief negotiator during large-scale industrial action in 1977. He unsuccessfully stood for Parliament in the 1977 general election as a National Salvation Party (MSP) candidate from İzmir. In 1979, he became an undersecretary to Prime Minister Süleyman Demirel's minority government until the 1980 military coup. As an undersecretary, he played a major role in developing economic reforms, known as the '24 January decisions,' which paved the way for greater economic liberalism of the Turkish economy. After the coup, he was appointed as the Deputy Prime Minister of Turkey responsible for the economy in Bülend Ulusu's government and continued to implement economic reforms. He resigned in 1982 following disagreements over economic policy.Özal formed the Motherland Party (ANAP) in 1983 after the ban on political parties was lifted by the military government. ANAP won a parliamentary majority in the 1983 general election and Özal subsequently became the Prime Minister of Turkey. While implementing several economic reforms concerning the exchange rate and deregulation, a rise in inflation and the growing conflict with Kurdish separatists led to ANAP winning reduced pluralities in the 1984 local elections. Despite a referendum in 1987 allowing politicians banned during the 1980 coup to resume political activities, ANAP was re-elected with a parliamentary majority in the 1987 general election, albeit with a reduced share of the vote. He survived an assassination attempt during a party congress in 1988. Özal's foreign policy focused on averting war with Greece following the Şimşek Incident and temporarily allowed Turks in Bulgaria to return to Turkey.Özal was elected President of the Turkish Republic in the 1989 presidential election, while Yıldırım Akbulut replaced him as Prime Minister. Despite assuming a ceremonial role with minimal political duties, Özal remained occupied with government activities, such as intervening in the 1990 Zonguldak miners' strikes. While Akbulut took a docile approach as Prime Minister, disputes over the President's and Prime Minister's duties were dominant when Süleyman Demirel became Prime Minister after the 1991 general election. The Southeastern Anatolia development project began with the construction of the Atatürk Dam in Şanlıurfa, while Özal participated in the first ever summit of Turkic Republics in 1992 held in Ankara. He maintained close relations with the President of the United States George H. W. Bush during the Gulf War and the end of the Cold War. Özal died unexpectedly while in office in 1993, with an exhumation in 2012 leading to evidence of poisoning but the cause of death was unclear.","[""ozal, turgut"", ""Turgat Ozal"", ""Turgut Ozal"", ""Halil Turgut Özal"", ""turgut ozal"", ""Halil Turgut Ozal"", ""turgat ozal"", ""Turgut Özal"", ""halil turgut ozal"", ""turgut özal""]","ozal, turgut | Turgat Ozal | Turgut Ozal | Halil Turgut Özal | turgut ozal | Halil Turgut Ozal | turgat ozal | Turgut Özal | halil turgut ozal | turgut özal","[""cinema"", ""turkiye""]","[""turkey_neighbor""]",true
Q18170176,Magi (film),"Magi is a 2016 Turkish horror film directed and written by Hasan Karacadağ and starring Lucie Pohl, Michael Madsen, Stephen Baldwin and Brianne Davis. The film went on general release across Turkey on April 29, 2016.","[""Magi (film)"", ""magi (film)""]",Magi (film) | magi (film),"[""cinema"", ""film"", ""turkiye""]","[""film""]",true
Q183,Germanz,"Germany (German: Deutschland, German pronunciation: [ˈdɔʏtʃlant]), officially the Federal Republic of Germany (German: Bundesrepublik Deutschland, listen ), is a country in Central and Western Europe, lying between the Baltic and North Seas to the north and the Alps, Lake Constance and the High Rhine to the south. It borders Denmark to the north, Poland and the Czech Republic to the east, Austria and Switzerland to the south, France to the southwest, and Luxembourg, Belgium and the Netherlands to the west.Germany includes 16 constituent states, covers an area of 357,386 square kilometres (137,988 sq mi), and has a largely temperate seasonal climate. With 83 million inhabitants, it is the second most populous state of Europe after Russia, the most populous state lying entirely in Europe, as well as the most populous member state of the European Union. Germany is a very decentralised country. Its capital and largest metropolis is Berlin, while Frankfurt serves as its financial capital and has the country's busiest airport. Germany's largest urban area is the Ruhr, with its main centres of Dortmund and Essen. The country's other major cities are Hamburg, Munich, Cologne, Stuttgart, Düsseldorf, Leipzig, Bremen, Dresden, Hanover, and Nuremberg.Various Germanic tribes have inhabited the northern parts of modern Germany since classical antiquity. A region named Germania was documented before AD 100. During the Migration Period, the Germanic tribes expanded southward. Beginning in the 10th century, German territories formed a central part of the Holy Roman Empire. During the 16th century, northern German regions became the centre of the Protestant Reformation. After the collapse of the Holy Roman Empire, the German Confederation was formed in 1815. The German revolutions of 1848–49 resulted in the Frankfurt Parliament establishing major democratic rights.In 1871, Germany became a nation state when most of the German states unified (except Switzerland and Austria) into the Prussian-dominated German Empire. After World War I and the revolution of 1918–19, the Empire was replaced by the parliamentary Weimar Republic. The Nazi seizure of power in 1933 led to the establishment of a dictatorship, the annexation of Austria, World War II, and the Holocaust. After the end of World War II in Europe and a period of Allied occupation, Austria was re-established as an independent country and two new German states were founded: West Germany, formed from the American, British, and French occupation zones, and East Germany, formed from the Soviet occupation zone. About a quarter of Germany's pre-war territory was annexed by Poland and the Soviet Union leading to the expulsion of Germans. Following the Revolutions of 1989 that ended communist rule in Central and Eastern Europe, the country was reunified on 3 October 1990.Today, the sovereign state of Germany is a federal parliamentary republic led by a chancellor. It is a great power with a strong economy; it has the world's fourth-largest economy by nominal GDP, and the fifth-largest by PPP. As a global leader in several industrial and technological sectors, it is both the world's third-largest exporter and importer of goods. As a highly developed country with a very high standard of living, it upholds a social security and universal health care system, environmental protection, and a tuition-free university education.The Federal Republic of Germany was a founding member of the European Economic Community in 1957 and the European Union in 1993. It is part of the Schengen Area and became a co-founder of the Eurozone in 1999. Germany is a member of the United Nations, NATO, the G7, the G20, and the OECD. Known for its rich cultural history, Germany has been continuously the home of influential and successful artists, philosophers, writers, musicians, film people, sportspeople, entrepreneurs, scientists, engineers, and inventors. Germany has a large number of World Heritage sites and is among the top tourism destinations in the world.","[""Germanz"", ""brd"", ""Germny"", ""Thyskaland"", ""Federal Republic of Germany"", ""Bundesdeutsch"", ""de"", ""geramny"", ""vokietija"", ""br deutschland""]",Germanz | brd | Germny | Thyskaland | Federal Republic of Germany | Bundesdeutsch | de | geramny | vokietija | br deutschland,"[""cinema"", ""geography"", ""turkiye""]","[""country""]",true
Q183651,Armenian Catholic Eparchy of Tokat,"Tokat is the capital city of Tokat Province of Turkey in the mid-Black Sea region of Anatolia. It is located at the confluence of the Tokat River (Tokat Suyu) with the Yeşilırmak. In the 2009 census, the city of Tokat had a population of 129,879.","[""Armenian Catholic Eparchy of Tokat"", ""Tokate"", ""armenian catholic eparchy of tokat"", ""Tokat"", ""Tokat of the Armenians"", ""History of Tokat"", ""tokat of the armenians"", ""tokad"", ""tokat"", ""Tokad""]",Armenian Catholic Eparchy of Tokat | Tokate | armenian catholic eparchy of tokat | Tokat | Tokat of the Armenians | History of Tokat | tokat of the armenians | tokad | tokat | Tokad,"[""cinema"", ""turkiye""]","[""birth_place""]",true
Q184116,"History of Gary, Indiana","Gary is a city in Lake County, Indiana, United States, 25 miles (40 km) from downtown Chicago, Illinois. Gary is adjacent to the Indiana Dunes National Park and borders southern Lake Michigan. Gary was named after lawyer Elbert Henry Gary, who was the founding chairman of the United States Steel Corporation. The city is known for its large steel mills, and as the birthplace of the Jackson 5 music group.The population of Gary was 80,294 at the 2010 census, making it the ninth-largest city in the state of Indiana. It was a prosperous city from the 1920s through the mid-1960s due to its booming steel industry, but overseas competition and restructuring of the steel industry resulted in a decline and a severe loss of jobs.Since the late 1960s, Gary has suffered drastic population loss, falling by 55 percent from its peak of 178,320 in 1960. The city faces the difficulties of many Rust Belt cities, including unemployment, decaying infrastructure, and low literacy and educational attainment levels. It is estimated that nearly one-third of all houses in the city are unoccupied or abandoned.","[""History of Gary, Indiana"", ""west gary lighthouse charter school"", ""gary public library system"", ""Gary neighborhoods"", ""Libraries of Gary, Indiana"", ""West Gary Lighthouse Charter School"", ""Gary-Hammond-East Chicago, IN MSA"", ""tourism in gary, indiana"", ""Gary (IN)"", ""gary, in""]","History of Gary, Indiana | west gary lighthouse charter school | gary public library system | Gary neighborhoods | Libraries of Gary, Indiana | West Gary Lighthouse Charter School | Gary-Hammond-East Chicago, IN MSA | tourism in gary, indiana | Gary (IN) | gary, in","[""cinema"", ""turkiye""]","[""birth_place""]",true
Q18419,"Brooklyn, NYC, NY","Brooklyn () is the most populous borough of New York City, with an estimated 2,648,771 residents in 2017. Named after the Dutch village of Breukelen, it borders the borough of Queens at the western end of Long Island. Brooklyn has several bridge and tunnel connections to the borough of Manhattan across the East River, and the Verrazzano-Narrows Bridge connects it with Staten Island. Since 1896, Brooklyn has been coterminous with Kings County, the most populous county in the U.S. state of New York and the second-most densely populated county in the United States, after New York County (which is coextensive with the borough of Manhattan).With a land area of 71 square miles (180 km2) and water area of 26 square miles (67 km2), Kings County is New York state's fourth-smallest county by land area and third-smallest by total area, though it is the second-largest among the city's five boroughs. Today, if each borough were ranked as a city, Brooklyn would rank as the third-most populous in the U.S., after Los Angeles and Chicago.Brooklyn was an independent incorporated city (and previously an authorized village and town within the provisions of the New York State Constitution) until January 1, 1898, when, after a long political campaign and public relations battle during the 1890s, according to the new Municipal Charter of ""Greater New York"", Brooklyn was consolidated with the other cities, boroughs, and counties to form the modern City of New York, surrounding the Upper New York Bay with five constituent boroughs. The borough continues, however, to maintain a distinct culture. Many Brooklyn neighborhoods are ethnic enclaves. Brooklyn's official motto, displayed on the Borough seal and flag, is Eendraght Maeckt Maght, which translates from early modern Dutch as ""Unity makes strength"".In the first decades of the 21st century, Brooklyn has experienced a renaissance as an avant garde destination for hipsters, with concomitant gentrification, dramatic house price increases, and a decrease in housing affordability. Since the 2010s, Brooklyn has evolved into a thriving hub of entrepreneurship and high technology startup firms, and of postmodern art and design.","[""Brooklyn, NYC, NY"", ""BKLYN"", ""borough of brooklyn"", ""brooklyn, n.y."", ""P S 193"", ""brooklyn ny"", ""p. s. 193"", ""kings county, ny"", ""brooklyn, us-ny"", ""Brooklyn, New York""]","Brooklyn, NYC, NY | BKLYN | borough of brooklyn | brooklyn, n.y. | P S 193 | brooklyn ny | p. s. 193 | kings county, ny | brooklyn, us-ny | Brooklyn, New York","[""cinema"", ""turkiye""]","[""birth_place""]",true
Q184539,Ordu,"Ordu (Turkish pronunciation: [ˈoɾdu]) is a port city on the Black Sea coast of Turkey, historically also known as Cotyora or Kotyora (Greek: Κοτύωρα), and the capital of Ordu Province with a population of 213,582 in the city center. The city is the world's largest hazelnut producer. While hazelnut is the main source of the economy, the city has developed small-sized industries and a rapidly growing tourism sector in recent years, which started, because Ordu is deemed as one of the most beautiful city in Turkey.","[""Ordu"", ""cotyora"", ""Kotyora"", ""ordu"", ""Cotyora"", ""kotyora""]",Ordu | cotyora | Kotyora | ordu | Cotyora | kotyora,"[""cinema"", ""turkiye""]","[""birth_place""]",true
Q18712718,acı zafer,"Acı Zafer is a 1972 Turkish film directed by Halit Refiğ and starring Yilmaz Köksal, Deniz Erkanat, Turgut Özatay.","[""acı zafer"", ""Acı Zafer"", ""aci zafer"", ""Aci Zafer""]",acı zafer | Acı Zafer | aci zafer | Aci Zafer,"[""cinema"", ""film"", ""turkiye""]","[""film""]",true
Q18712747,ali cengiz oyunu,"Ali Cengiz Oyunu is a 1971 Turkish romance film, directed by Halit Refiğ and starring Izzet Günay, Gülistan Güzey, and Hulusi Kentmen.","[""ali cengiz oyunu"", ""Ali Cengiz Oyunu""]",ali cengiz oyunu | Ali Cengiz Oyunu,"[""cinema"", ""film"", ""turkiye""]","[""film""]",true
Q18712767,Ask Firtinasi,"Aşk Fırtınası is a 1972 Turkish romantic drama film, directed by Halit Refiğ and starring Kartal Tibet, Bahar Erdeniz, and Muzaffer Tema.","[""Ask Firtinasi"", ""Aşk Fırtınası"", ""aşk fırtınası"", ""ask firtinasi""]",Ask Firtinasi | Aşk Fırtınası | aşk fırtınası | ask firtinasi,"[""cinema"", ""film"", ""turkiye""]","[""film""]",true
Q18712768,Aslan Pençesi,"Aslan Pençesi is a 1966 Turkish crime film, directed by Memduh Ün and starring Ayhan Işık, Sevinç Pekin and Turgut Özatay. It was written by Halit Refiğ.","[""Aslan Pençesi"", ""aslan pençesi"", ""aslan pencesi"", ""Aslan Pencesi""]",Aslan Pençesi | aslan pençesi | aslan pencesi | Aslan Pencesi,"[""cinema"", ""film"", ""turkiye""]","[""film""]",true
Q18712807,bir turk'e gonul verdim,"Bir Türk'e Gönül Verdim is a 1969 Turkish adventure film, directed by Halit Refiğ and starring Eva Bender, Ahmet Mekin and Bilal İnci.","[""bir turk'e gonul verdim"", ""bir türk'e gönül verdim"", ""Bir Türk'e Gönül Verdim"", ""Bir Turk'e Gonul Verdim""]",bir turk'e gonul verdim | bir türk'e gönül verdim | Bir Türk'e Gönül Verdim | Bir Turk'e Gonul Verdim,"[""cinema"", ""film"", ""turkiye""]","[""film""]",true
Q18712829,can yoldaslari,"Can Yoldaşları is a 1966 Turkish drama film, directed by Halit Refiğ and starring Mehmet Ali Akpinar, Suzan Avci, Nilüfer Aydan.","[""can yoldaslari"", ""Can Yoldaslari"", ""Can Yoldaşları"", ""can yoldaşları""]",can yoldaslari | Can Yoldaslari | Can Yoldaşları | can yoldaşları,"[""cinema"", ""film"", ""turkiye""]","[""film""]",true
Q18712832,canım sana feda,"Canım Sana Feda is a 1965 Turkish romantic drama film, directed by Halit Refiğ and starring Cüneyt Arkin, Nilüfer Aydan, and Muzaffer Tema.","[""canım sana feda"", ""canim sana feda"", ""Canim Sana Feda"", ""Canım Sana Feda""]",canım sana feda | canim sana feda | Canim Sana Feda | Canım Sana Feda,"[""cinema"", ""film"", ""turkiye""]","[""film""]",true
Q18712839,cennetin kapisi,"Cennetin Kapısı is a 1973 Turkish drama film, directed by Fikret Hakan and Halit Refiğ and starring Hakan, Arzu Okay and Sevda Ferdağ.","[""cennetin kapisi"", ""cennetin kapısı"", ""Cennetin Kapısı"", ""Cennetin Kapisi""]",cennetin kapisi | cennetin kapısı | Cennetin Kapısı | Cennetin Kapisi,"[""cinema"", ""film"", ""turkiye""]","[""film""]",true
Q18712859,Col Kartali,"Çöl Kartalı is a 1972 Turkish historical romance film, directed by Halit Refiğ and starring Cüneyt Arkin, Bahar Erdeniz, Süleyman Turan.","[""Col Kartali"", ""col kartali"", ""çöl kartalı"", ""Çöl Kartalı""]",Col Kartali | col kartali | çöl kartalı | Çöl Kartalı,"[""cinema"", ""film"", ""turkiye""]","[""film""]",true
Q18712937,erkek ve disi,"Erkek Ve Dişi is a 1966 Turkish drama film, directed by Halit Refiğ and starring Fikret Hakan, Selda Alkor, and Reha Yurdakul.","[""erkek ve disi"", ""Erkek Ve Dişi"", ""erkek ve dişi"", ""Erkek Ve Disi""]",erkek ve disi | Erkek Ve Dişi | erkek ve dişi | Erkek Ve Disi,"[""cinema"", ""film"", ""turkiye""]","[""film""]",true
Q18712997,gençlik hülyaları,"Gençlik Hülyaları is a 1962 Turkish drama film, directed by Halit Refiğ and starring Kenan Pars, Reha Yurdakul, and Erol Tas.","[""gençlik hülyaları"", ""genclik hulyalari"", ""Gençlik Hülyaları"", ""Genclik Hulyalari""]",gençlik hülyaları | genclik hulyalari | Gençlik Hülyaları | Genclik Hulyalari,"[""cinema"", ""film"", ""turkiye""]","[""film""]",true
Q18713008,Güneşe Giden Yol,"Güneşe Giden Yol is a 1965 Turkish drama film, directed by Halit Refiğ and starring Ayhan Isik, Selda Alkor, Muzaffer Tema.","[""Güneşe Giden Yol"", ""güneşe giden yol"", ""Gunese Giden Yol"", ""gunese giden yol""]",Güneşe Giden Yol | güneşe giden yol | Gunese Giden Yol | gunese giden yol,"[""cinema"", ""film"", ""turkiye""]","[""film""]",true
Q18713053,Istanbul'un Kizlari,"İstanbul'un Kızları is a 1964 Turkish crime drama film, directed by Halit Refiğ and starring Cüneyt Arkin, Nilüfer Aydan, and Handan Adali.","[""Istanbul'un Kizlari"", ""İstanbul'un Kızları"", ""istanbul'un kizlari"", ""i̇stanbul'un kızları""]",Istanbul'un Kizlari | İstanbul'un Kızları | istanbul'un kizlari | i̇stanbul'un kızları,"[""cinema"", ""film"", ""turkiye""]","[""film""]",true
Q18713080,karakolda ayna var,"Karakolda Ayna Var is a 1966 Turkish comedy film, directed by Halit Refiğ and starring Sadri Alisik, Fatma Girik, and Suphi Tekniker.","[""karakolda ayna var"", ""Karakolda Ayna Var""]",karakolda ayna var | Karakolda Ayna Var,"[""cinema"", ""film"", ""turkiye""]","[""film""]",true
Q18713110,kız kolunda damga var,"Kız Kolunda Damga Var is a 1967 Turkish comedy film, directed by Halit Refiğ and starring Fatma Girik, Sadri Alisik, and Sevda Nur.","[""kız kolunda damga var"", ""Kiz Kolunda Damga Var"", ""Kız Kolunda Damga Var"", ""kiz kolunda damga var""]",kız kolunda damga var | Kiz Kolunda Damga Var | Kız Kolunda Damga Var | kiz kolunda damga var,"[""cinema"", ""film"", ""turkiye""]","[""film""]",true
Q18713111,Kizim Ve Ben,"Kızım Ve Ben is a 1988 Turkish drama film, directed by Halit Refiğ and starring Gülsen Bubikoglu, Cüneyt Arkin, and Yilmaz Zafer.","[""Kizim Ve Ben"", ""kızım ve ben"", ""kizim ve ben"", ""Kızım Ve Ben""]",Kizim Ve Ben | kızım ve ben | kizim ve ben | Kızım Ve Ben,"[""cinema"", ""film"", ""turkiye""]","[""film""]",true
Q18713112,Kızımın Kanı,"Kızımın Kanı is a 1987 Turkish adventure film, directed by Halit Refiğ and starring Tarik Akan, Mine Baysan, and Neslihan Acar.","[""Kızımın Kanı"", ""kızımın kanı"", ""Kizimin Kani"", ""kizimin kani""]",Kızımın Kanı | kızımın kanı | Kizimin Kani | kizimin kani,"[""cinema"", ""film"", ""turkiye""]","[""film""]",true
Q18713113,Kizin Varmi Derdin Var,"Kızın Varmı Derdin Var is a 1973 Turkish film, directed by Halit Refiğ and starring Ayhan Işık, Perihan Savaş and Öztoprak Ünsal.","[""Kizin Varmi Derdin Var"", ""kızın varmı derdin var"", ""Kızın Varmı Derdin Var"", ""kizin varmi derdin var""]",Kizin Varmi Derdin Var | kızın varmı derdin var | Kızın Varmı Derdin Var | kizin varmi derdin var,"[""cinema"", ""film"", ""turkiye""]","[""film""]",true
Q18713126,Kopekler Adasi,"Köpekler Adası is a 1997 Turkish film, directed by Halit Refiğ and starring Mursit Bag, Ekrem Dümer, and Tanju Gürsu.","[""Kopekler Adasi"", ""kopekler adasi"", ""köpekler adası"", ""Köpekler Adası""]",Kopekler Adasi | kopekler adasi | köpekler adası | Köpekler Adası,"[""cinema"", ""film"", ""turkiye""]","[""film""]",true
Q187253,alasya,Zeki Alasya (18 April 1943 – 8 May 2015) was a Turkish actor and film director. Alasya was of Turkish Cypriot descent and was related to Kıbrıslı Mehmed Kamil Pasha.,"[""alasya"", ""Zeki Alasya"", ""Alasya"", ""zeki alasya""]",alasya | Zeki Alasya | Alasya | zeki alasya,"[""cinema"", ""people"", ""turkiye""]","[""cast_member""]",true
Q187261,zeki demirkubuz,"Zeki Demirkubuz (born 1 October 1964 in Isparta, Turkey) is a contemporary Turkish film director, screenwriter, producer and film editor.","[""zeki demirkubuz"", ""Zeki Demirkubuz""]",zeki demirkubuz | Zeki Demirkubuz,"[""cinema"", ""people"", ""turkiye""]","[""director"", ""person_seed""]",true
Q187272,Zeki Muren,"Zeki Müren (Turkish pronunciation: [zeˈci ˈmyɾæn]; 6 December 1931 – 24 September 1996) was a Turkish singer, composer, songwriter, actor and poet. Known by the nicknames ""The Sun of Art"" and ""Pasha"", he was one of the prominent figures of the Turkish classical music. Due to his contributions to the art industry, he was named a ""State Artist"" in 1991. He was the first singer to receive a gold certification in Turkey and throughout his career recorded and released hundreds of songs on cassettes and phonograph records.","[""Zeki Muren"", ""zeki müren"", ""zeki mueren"", ""Zeki Müren"", ""zeki muren"", ""Zeki muren"", ""Zeki Mueren""]",Zeki Muren | zeki müren | zeki mueren | Zeki Müren | zeki muren | Zeki muren | Zeki Mueren,"[""cinema"", ""people"", ""turkiye""]","[""cast_member""]",true
Q18753224,kurtar beni,"Kurtar Beni is a 1987 Turkish romantic drama film, directed by Halit Refiğ and starring Gülsen Bubikoglu, Talat Bulut, and Tanju Gürsu.","[""kurtar beni"", ""Kurtar Beni""]",kurtar beni | Kurtar Beni,"[""cinema"", ""film"", ""turkiye""]","[""film""]",true
Q188894,Cotiæum,"Kütahya (Turkish pronunciation: [cyˈtahja]) is a city in western Turkey with 237,804 inhabitants (2011 estimate), lying on the Porsuk river, at 969 metres above sea level. It is the capital of Kütahya Province, inhabited by some 564,294 people (2011 estimate). The region of Kütahya has large areas of gentle slopes with agricultural land culminating in high mountain ridges to the north and west.The city's Greek name was Kotyaion, Latinized in Roman times as Cotyaeum.","[""Cotiæum"", ""Kutahya"", ""kuetahya"", ""cotiaeum"", ""Cotiaium"", ""kutahia"", ""Kütahya"", ""Kutaiah"", ""kutaiah"", ""kutahya""]",Cotiæum | Kutahya | kuetahya | cotiaeum | Cotiaium | kutahia | Kütahya | Kutaiah | kutaiah | kutahya,"[""cinema"", ""turkiye""]","[""birth_place""]",true
Q189134,Usak,"Uşak (Turkish pronunciation: [ˈuʃak]) is a city in the interior part of the Aegean Region of Turkey. The city has a population of 500,000 (2016 census) and is the capital of Uşak Province. The city was previously known by its Greek name of Ousakeion/Ουσάκειον.Uşak city is situated at a distance of 210 km (130 mi) from İzmir, the region's principal metropolitan center and port city. Benefiting from its location at the crossroads of the Central Anatolian plateau and the coastal Aegean Region, and from a climate and agricultural production incorporating elements of both of these zones, Uşak has also traditionally had a strong industrial base. Uşak was the first city in Turkey to have an urban electricity network, and the first city where a collective labor relations agreement was signed, during the Ottoman era, between leather industry employees and workers. It was here that the first factory of Republican Turkey, a sugar refinery, was set up through a private sector initiative among local businessmen. The tradition of industriousness continues today around two industrial zones.","[""Usak"", ""uşşak"", ""Uşak"", ""usak"", ""Ussak"", ""uşak"", ""history of uşak"", ""ussak"", ""Uşşak"", ""oushak""]",Usak | uşşak | Uşak | usak | Ussak | uşak | history of uşak | ussak | Uşşak | oushak,"[""cinema"", ""turkiye""]","[""birth_place""]",true
Q1925634,metin akpınar,Metin Akpınar (born 2 November 1941) is a Turkish actor. He has been one of the most successful comedians in Turkey.,"[""metin akpınar"", ""Metin Akpinar"", ""metin akpinar"", ""Metin Akpınar""]",metin akpınar | Metin Akpinar | metin akpinar | Metin Akpınar,"[""cinema"", ""people"", ""turkiye""]","[""cast_member""]",true
Q1928775,Brianne Davis,"Brianne Davis (born April 21, 1982) is an American actress, producer and director, known for her roles in films Jarhead (2005), Prom Night (2008), and American Virgin (2009).","[""Brianne Davis"", ""brianne davis""]",Brianne Davis | brianne davis,"[""cinema"", ""people"", ""turkiye""]","[""cast_member""]",true
Q192964,Daruelfuenun,"Istanbul University (Turkish: İstanbul Üniversitesi) is a prominent Turkish university located in Istanbul.The main campus is adjacent to Beyazıt Square in Fatih, the capital district of the province, on the European side of the city.Some pre-1923/1930 western sources refer to it as the University of Constantinople, after the previous name of the city.","[""Daruelfuenun"", ""Istanbul Darulfununu"", ""istanbul darülfünunu"", ""Istanbul University Faculty of Economics"", ""iü"", ""list of istanbul university alumni"", ""Darulfunun"", ""List of Istanbul University alumni"", ""İstanbul Üniversitesi İngilizce İktisat"", ""İstanbul Üniversitesi İktisat Fakültesi""]",Daruelfuenun | Istanbul Darulfununu | istanbul darülfünunu | Istanbul University Faculty of Economics | iü | list of istanbul university alumni | Darulfunun | List of Istanbul University alumni | İstanbul Üniversitesi İngilizce İktisat | İstanbul Üniversitesi İktisat Fakültesi,"[""cinema"", ""education"", ""turkiye""]","[""education_entity""]",true
Q193190,Gazimağusa,"Famagusta (; Greek: Αμμόχωστος, romanized: Ammochostos locally [aˈmːoxostos]; is a city on the east coast of Cyprus. It is located east of Nicosia and possesses the deepest harbour of the island. During the medieval period (especially under the maritime republics of Genoa and Venice), Famagusta was the island's most important port city and a gateway to trade with the ports of the Levant, from where the Silk Road merchants carried their goods to Western Europe.","[""Gazimağusa"", ""Amochostos"", ""famagusta"", ""history of famagusta"", ""αμμόχωστος"", ""Magusa"", ""Ammoxostos"", ""gazi magosa"", ""Mağusa"", ""Famagusta""]",Gazimağusa | Amochostos | famagusta | history of famagusta | αμμόχωστος | Magusa | Ammoxostos | gazi magosa | Mağusa | Famagusta,"[""cinema"", ""turkiye""]","[""birth_place""]",true
Q193428,"Sakai, Osaka","Sakai (堺市, Sakai-shi) is a city located in Osaka Prefecture, Japan on the edge of Osaka Bay at the mouth of the Yamato River. It has been one of the largest and most important seaports of Japan since the Medieval era.Following the February 2005 annexation of the town of Mihara (from Minamikawachi District), the city grew to the fourteenth most populous city in Japan, with 833,544 residents as of January 1, 2018.The current city was legally founded on April 1, 1889 according to the laws of Imperial Japan. Sakai became a designated city in April 2006 giving it a greater measure of self-determination in governmental affairs. It is divided into seven districts.Sakai is known for its keyhole-shaped burial mounds, or kofun, which date from the 5th century. The largest of these, Daisen Kofun, is believed to be the grave of the Emperor Nintoku and is the largest grave in the world by area. Once known for samurai swords, Sakai is now famous for the quality of its kitchen knives; most high-quality Japanese cutlery originates in Sakai, and its production is a major industry in the city.","[""Sakai, Osaka"", ""sakai, japan"", ""Sakai-shi"", ""sakai city"", ""堺市"", ""Sakai City"", ""Sakai"", ""Sakai, Japan"", ""history of sakai, osaka"", ""History of Sakai, Osaka""]","Sakai, Osaka | sakai, japan | Sakai-shi | sakai city | 堺市 | Sakai City | Sakai | Sakai, Japan | history of sakai, osaka | History of Sakai, Osaka","[""cinema"", ""turkiye""]","[""birth_place""]",true
Q1935923,Milton Reid,"Milton Rutherford Reid (29 April 1917 – c. 1987) was an Indian-born British actor and professional wrestler. He was born in India, the son of a Scottish-born Customs and Excise inspector and an Indian woman. He wrestled in England under the name of The Mighty Chang.","[""Milton Reid"", ""milton reid""]",Milton Reid | milton reid,"[""cinema"", ""people"", ""turkiye""]","[""cast_member""]",true
Q19473346,Telling Tales (film),Telling Tales (Turkish: Bana Masal Anlatma) is a 2015 Turkish comedy film directed by Burak Aksak.,"[""Telling Tales (film)"", ""telling tales (film)"", ""bana masal anlatma"", ""Bana Masal Anlatma""]",Telling Tales (film) | telling tales (film) | bana masal anlatma | Bana Masal Anlatma,"[""cinema"", ""film"", ""turkiye""]","[""film""]",true
Q1956183,muzaffer ozdemir,Muzaffer Özdemir (born 1955 in Gümüşhane) is a Turkish actor. He is best known for his performance as Mahmut in Uzak.,"[""muzaffer ozdemir"", ""Muzaffer Ozdemir"", ""Muzaffer Özdemir"", ""muzaffer özdemir""]",muzaffer ozdemir | Muzaffer Ozdemir | Muzaffer Özdemir | muzaffer özdemir,"[""cinema"", ""people"", ""turkiye""]","[""cast_member""]",true
Q19573200,The Nameless Knight,"The Nameless Knight (Turkish: Adsız Cengaver) is a 1970 Turkish historical fantasy film directed by Halit Refiğ and starring Cüneyt Arkin, Nebahat Çehre, Birsen Ayda, and Altan Günbay.","[""The Nameless Knight"", ""the nameless knight"", ""adsız cengaver"", ""nameless knight"", ""Nameless Knight"", ""Adsız Cengaver""]",The Nameless Knight | the nameless knight | adsız cengaver | nameless knight | Nameless Knight | Adsız Cengaver,"[""cinema"", ""film"", ""turkiye""]","[""film""]",true
Q19581968,şehrazat (film),"Şehrazat  is a 1964 Turkish crime thriller film, directed by Halit Refiğ and starring Orhan Günsiray, Leyla Sayar, and Nilüfer Aydan.","[""şehrazat (film)"", ""Şehrazat (film)"", ""sehrazat (film)"", ""Sehrazat (film)""]",şehrazat (film) | Şehrazat (film) | sehrazat (film) | Sehrazat (film),"[""cinema"", ""film"", ""turkiye""]","[""film""]",true
Q19581975,Sevistigimiz Gunler,"Seviştiğimiz Günler is a 1961 Turkish romantic drama film, directed by Halit Refiğ and starring Orhan Günsiray, Fatma Girik, and Nilüfer Aydan.","[""Sevistigimiz Gunler"", ""Seviştiğimiz Günler"", ""seviştiğimiz günler"", ""sevistigimiz gunler""]",Sevistigimiz Gunler | Seviştiğimiz Günler | seviştiğimiz günler | sevistigimiz gunler,"[""cinema"", ""film"", ""turkiye""]","[""film""]",true
Q19587294,istanbul unveiled,"Istanbul Unveiled is a 61-minute travel documentary film produced in English about Istanbul and Turkish culture in 2013.Scriptwriter Şerif Yenen co-produced the film with Saadet Özen and co-directed it with Levent Ayasli. Hosted by American actress Jessica Berkmen, the footage took more than 2 years. The musical pieces composed by Mercan Dede, Baba Zula and Burhan Öçal have been used.The documentary contains interviews with many people including Asena, Demet Sabancı, Dilek Hanif, Nadir Güllü, Nick Merdenyan, Tülin Şahin and Vedat Başaran.","[""istanbul unveiled"", ""Istanbul Unveiled""]",istanbul unveiled | Istanbul Unveiled,"[""cinema"", ""film"", ""turkiye""]","[""film""]",true
Q19599195,sevmek ve ölmek zamanı,"Sevmek Ve Ölmek Zamanı is a 1971 Turkish romance film, directed by Halit Refiğ and starring Türkan Soray, Murat Soydan, and Zuhal Aktan.","[""sevmek ve ölmek zamanı"", ""Sevmek Ve Ölmek Zamanı"", ""Sevmek Ve Olmek Zamani"", ""sevmek ve olmek zamani""]",sevmek ve ölmek zamanı | Sevmek Ve Ölmek Zamanı | Sevmek Ve Olmek Zamani | sevmek ve olmek zamani,"[""cinema"", ""film"", ""turkiye""]","[""film""]",true
Q19600142,Uc Korkusuz Arkadas,"Üç Korkusuz Arkadaş is a 1966 Turkish war drama film, directed by Halit Refiğ and starring Tanju Gürsu, Nilüfer Aydan and Kuzey Vargin.","[""Uc Korkusuz Arkadas"", ""uc korkusuz arkadas"", ""Üç Korkusuz Arkadaş"", ""üç korkusuz arkadaş""]",Uc Korkusuz Arkadas | uc korkusuz arkadas | Üç Korkusuz Arkadaş | üç korkusuz arkadaş,"[""cinema"", ""film"", ""turkiye""]","[""film""]",true
Q19600502,yarın ağlayacağım,"Yarın Ağlayacağım is a 1986 Turkish drama film, directed by Halit Refiğ and starring Kadir İnanır, Yaprak Özdemiroğlu and Gül Erda.","[""yarın ağlayacağım"", ""yarin aglayacagim"", ""Yarin Aglayacagim"", ""Yarın Ağlayacağım""]",yarın ağlayacağım | yarin aglayacagim | Yarin Aglayacagim | Yarın Ağlayacağım,"[""cinema"", ""film"", ""turkiye""]","[""film""]",true
Q19600506,Yasak Aşk,"Yasak Aşk is a 1961 Turkish romantic drama film, directed by Halit Refiğ and starring Nilüfer Aydan, Efgan Efekan, and Cahit Irgat.","[""Yasak Aşk"", ""yasak aşk"", ""Yasak Ask"", ""yasak ask""]",Yasak Aşk | yasak aşk | Yasak Ask | yasak ask,"[""cinema"", ""film"", ""turkiye""]","[""film""]",true
Q19600508,yasamak ne guzel sey,"Yaşamak Ne Güzel Şey is a 1969 Turkish musical comedy film directed by Halit Refiğ and starring Öztürk Serengil, Selda Alkor, and Engin Çaglar.","[""yasamak ne guzel sey"", ""Yaşamak Ne Güzel Şey"", ""yaşamak ne güzel şey"", ""Yasamak Ne Guzel Sey""]",yasamak ne guzel sey | Yaşamak Ne Güzel Şey | yaşamak ne güzel şey | Yasamak Ne Guzel Sey,"[""cinema"", ""film"", ""turkiye""]","[""film""]",true
Q19726886,sarmasik,"Ivy (Turkish: Sarmaşık) is a 2015 Turkish drama film written and directed by Turkish filmmaker Tolga Karaçelik. After premiering in-competition at the 2015 Sundance Film Festival in Utah, the film continued its festival circuit, screening at more than 30 international film festivals, including Toronto IFF, Karlovy Vary IFF, Sao Paulo IFF and Sydney FF. The film won four awards at the Antalya International Film Festival (previously known as Antalya Golden Orange Film Festival) including Best Film and Best Director, making Karacelik one of the youngest directors to ever receive the Golden Orange.","[""sarmasik"", ""Sarmasik"", ""Ivy (2015 film)"", ""ivy (2015 film)""]",sarmasik | Sarmasik | Ivy (2015 film) | ivy (2015 film),"[""cinema"", ""film"", ""turkiye""]","[""film""]",true
Q1973615,necdet mahfi ayral,"Necdet Mahfi Ayral (August 6, 1908 in Istanbul – June 6, 2004 in Istanbul) was a well-known Turkish stage and cinema actor, as well as theatre director. While alive, he held the record for being the oldest actor who was still active. He is father of actress and well-known voice-over artist Jeyan Ayral Tözüm.","[""necdet mahfi ayral"", ""Necdet Mahfi Ayral""]",necdet mahfi ayral | Necdet Mahfi Ayral,"[""cinema"", ""people"", ""turkiye""]","[""cast_member""]",true
Q19771,Current G20 Countries,"The G20 (or Group of Twenty) is an international forum for the governments and central bank governors from 19 countries and the European Union (EU). Founded in 1999 with the aim to discuss policy pertaining to the promotion of international financial stability, the G20 has expanded its agenda since 2008 and heads of government or heads of state, as well as finance ministers and foreign ministers, have periodically conferred at summits ever since. It seeks to address issues that go beyond the responsibilities of any one organization.Membership of the G20 consists of 19 individual countries plus the European Union. The EU is represented by the European Commission and by the European Central Bank. Collectively, the G20 economies account for around 90% of the gross world product (GWP), 80% of world trade (or, if excluding EU intra-trade, 75%), two-thirds of the world population, and approximately half of the world land area.With the G20 growing in stature after its inaugural leaders' summit in 2008, its leaders announced on 25 September 2009 that the group would replace the G8 as the main economic council of wealthy nations. Since its inception, the G20's membership policies have been criticized by numerous intellectuals, and its summits have been a focus for major protests by left-wing groups and anarchists.The heads of the G20 nations held summits twice in 2009 and twice in 2010. Since the November 2011 Cannes summit, G20 summits have been held annually.","[""Current G20 Countries"", ""G 20"", ""member organization of the group of twenty finance ministers and central bank governors"", ""group of twenty"", ""current g20 countries"", ""Group of Twenty"", ""g20 (group of economies)"", ""g/g20"", ""G20 (Group of economies)"", ""g20""]",Current G20 Countries | G 20 | member organization of the group of twenty finance ministers and central bank governors | group of twenty | current g20 countries | Group of Twenty | g20 (group of economies) | g/g20 | G20 (Group of economies) | g20,"[""cinema"", ""turkiye""]","[""turkey_neighbor""]",true
Q19824796,mustang (film),"Mustang is a 2015 internationally co-produced drama film directed by Turkish-French film director Deniz Gamze Ergüven in her feature debut. The film is set in a remote Turkish village and depicts the lives of five young orphaned sisters and challenges they face growing up as girls in a conservative society. The event that triggers the family backlash against the five sisters at the beginning of the film is based on Ergüven's personal life.It premiered at the Directors' Fortnight section of the 2015 Cannes Film Festival where it won the Europa Cinemas Label Award. The film was selected as France's submission, and was nominated for, the Best Foreign Language Film at the 88th Academy Awards. It was also nominated for a Golden Globe Award for Best Foreign Language Film. It received nine nominations at the 41st César Awards, and won four, for Best First Feature Film, Best Original Screenplay, Best Editing and Best Original Music. Mustang has received widespread critical praise.","[""mustang (film)"", ""Mustang (film)""]",mustang (film) | Mustang (film),"[""cinema"", ""film"", ""turkiye""]","[""film""]",true
Q19858720,let's sin,Let's Sin (Turkish: İtirazım Var) is a 2014 Turkish action film directed by Onur Ünlü.,"[""let's sin"", ""Let's Sin""]",let's sin | Let's Sin,"[""cinema"", ""film"", ""turkiye""]","[""film""]",true
Q19954477,grain (film),Grain (Buğday) is a 2017 Turkish/German/French/Swedish film written and directed by Semih Kaplanoğlu.,"[""grain (film)"", ""Grain (film)""]",grain (film) | Grain (film),"[""cinema"", ""film"", ""turkiye""]","[""film""]",true
Q199723,balikesir,"Balıkesir (Turkish pronunciation: [baˈlɯkesiɾ]) is a city and the capital city of Balıkesir Province. Balıkesir is in the Marmara region of Turkey and has a population of 331,788 inhabitants. Between 1341–1922, it was the capital of Karasi.","[""balikesir"", ""Balikesir"", ""Palaeokastron"", ""Achyraous"", ""balikisri"", ""Balikisri"", ""palaeokastron"", ""Balıkesir"", ""balıkesir"", ""achyraous""]",balikesir | Balikesir | Palaeokastron | Achyraous | balikisri | Balikisri | palaeokastron | Balıkesir | balıkesir | achyraous,"[""cinema"", ""turkiye""]","[""birth_place""]",true
Q20002323,ölmüs bir kadinin evraki metrukesi,"Ölmüs bir kadinin evraki metrukesi is a 1956 Turkish romantic drama film directed by Metin Erksan and Semih Evin, based on a novel by Güzide Sabri. It stars Sezer Sezin, Kenan Artun, and Altan Karindas.","[""ölmüs bir kadinin evraki metrukesi"", ""ölmüş bir kadının evrakı metrukesi"", ""Olmus bir kadinin evraki metrukesi"", ""Ölmüş bir kadının evrakı metrukesi"", ""Ölmüs bir kadinin evraki metrukesi"", ""olmus bir kadinin evraki metrukesi""]",ölmüs bir kadinin evraki metrukesi | ölmüş bir kadının evrakı metrukesi | Olmus bir kadinin evraki metrukesi | Ölmüş bir kadının evrakı metrukesi | Ölmüs bir kadinin evraki metrukesi | olmus bir kadinin evraki metrukesi,"[""cinema"", ""film"", ""turkiye""]","[""film""]",true
Q20002539,dark world,"The Dark World (Turkish: Karanlık Dünya), also known as Aşık Veysel'ın Hayatı, is a 1953 Turkish biographical drama film directed by Metin Erksan, and written by Bedri Rahmi Eyuboglu. It stars Asik Veysel, Ayfer Feray, and Kemal Öz.Erksan's debut film, it is often described as being ""a realistic account of the life of the bard Veysel, shot in his native village"". The film was censored because of the showing of the meagre growth of crops in Anatolia.","[""dark world"", ""Dark World"", ""The Dark World (1953 film)"", ""the dark world (1953 film)"", ""karanlık dünya"", ""Karanlık Dünya""]",dark world | Dark World | The Dark World (1953 film) | the dark world (1953 film) | karanlık dünya | Karanlık Dünya,"[""cinema"", ""film"", ""turkiye""]","[""film""]",true
Q20002628,kanlarıyla ödediler,"They Paid With Their Blood (Turkish: Kanlarıyla Ödediler) is a 1955 Turkish drama film directed by Osman F. Seden. It stars Esref Kolçak, Neriman Köksal, Kenan Pars, Talat Artemel, Mualla Kaynak, Kadir Savun and Tamer Balci.","[""kanlarıyla ödediler"", ""they paid with their blood"", ""They paid with their blood"", ""They Paid With Their Blood"", ""Kanlarıyla Ödediler""]",kanlarıyla ödediler | they paid with their blood | They paid with their blood | They Paid With Their Blood | Kanlarıyla Ödediler,"[""cinema"", ""film"", ""turkiye""]","[""film""]",true
Q20065085,do not forget me istanbul,Do Not Forget Me Istanbul is a 2012 Greek / Turkish anthology film.,"[""do not forget me istanbul"", ""Do Not Forget Me Istanbul""]",do not forget me istanbul | Do Not Forget Me Istanbul,"[""cinema"", ""film"", ""turkiye""]","[""film"", ""film_seed""]",true
Q200951,bishop of claudiopolis,"Bolu is a city in Turkey, and administrative center of the Bolu Province. The population is 131,264 (2012 census).The city has been governed by mayor Alaaddin Yılmaz (AK Party) since local elections in 2004. It was the site of Ancient Claudiopolis and has also been called Eskihisar (""old fortress"") (and as such has several Turkish namesakes).Bolu is on the old highway from Istanbul to Ankara, which climbs over Mount Bolu, while the new motorway passes through Mount Bolu Tunnel below the town.","[""bishop of claudiopolis"", ""Claudiopolis in Honoriade"", ""History of Bolu"", ""Bithynion"", ""Bishop of Claudiopolis"", ""claudiopolis (bithynia)"", ""bithynion"", ""Bithynium"", ""bolu"", ""bithynium""]",bishop of claudiopolis | Claudiopolis in Honoriade | History of Bolu | Bithynion | Bishop of Claudiopolis | claudiopolis (bithynia) | bithynion | Bithynium | bolu | bithynium,"[""cinema"", ""turkiye""]","[""birth_place""]",true
Q2042947,oya aydoğan,"Oya Aydoğan (10 February 1957 – 15 May 2016) was a Turkish actress, model, and television presenter. She was the winner of the Ses Magazine Movie Actress Contest in 1976.She suffered from aortic aneurysm on 7 May 2016, before the Mother's Day and died on 15 May 2016 at Liv Hospital in Ulus.","[""oya aydoğan"", ""Oya Aydoğan""]",oya aydoğan | Oya Aydoğan,"[""cinema"", ""people"", ""turkiye""]","[""cast_member""]",true
Q204905,elefsis airport,"Eleusis (Greek: Ελευσίνα Elefsina, Ancient Greek: Ἐλευσίς Eleusis) is a town and municipality in West Attica, Greece. It is situated about 18 kilometres (11 miles) northwest from the centre of Athens. It is located in the Thriasian Plain, at the northernmost end of the Saronic Gulf. North of Eleusis are Mandra and Magoula, while Aspropyrgos is to the northeast.Eleusis is the seat of administration of West Attica regional unit. It is the site of the Eleusinian Mysteries and the birthplace of Aeschylus.  Today, Eleusis is a major industrial centre, with the largest oil refinery in Greece as well as the home of the Aeschylia Festival, the longest-lived arts event in the Attica Region.On 11 November 2016 Eleusis was named the European Capital of Culture for 2021.","[""elefsis airport"", ""Elevsis"", ""elefsina, greece"", ""elefsis"", ""elevsis"", ""eleusina"", ""Elefsis airport"", ""eleysina"", ""Elefsina"", ""eleusinian""]","elefsis airport | Elevsis | elefsina, greece | elefsis | elevsis | eleusina | Elefsis airport | eleysina | Elefsina | eleusinian","[""cinema"", ""turkiye""]","[""birth_place""]",true
Q206900,"Corum, turkey","Çorum (Turkish pronunciation: [ˈtʃoɾum]; Medieval Greek: Ευχάνεια, romanized: Euchaneia) is a landlocked northern Anatolian city that is the capital of the Çorum Province of Turkey. Çorum is located inland in the central Black Sea Region of Turkey, and is approximately 244 km (152 mi) from Ankara and 608 km (378 mi) from Istanbul. The city has an elevation of 801 m (2,628 ft) above sea level, a surface area of 12,820 km2 (4950 mi2), and as of the 2016 census, a population of 237,000.Çorum is primarily known for its Phrygian and Hittite archaeological sites, its thermal springs, and its native roasted chick-pea snacks known nationally as leblebi.","[""Corum, turkey"", ""Corum"", ""corum"", ""çorum"", ""corum, turkey"", ""chorum"", ""Çorum"", ""Chorum"", ""history of çorum"", ""History of Çorum""]","Corum, turkey | Corum | corum | çorum | corum, turkey | chorum | Çorum | Chorum | history of çorum | History of Çorum","[""cinema"", ""turkiye""]","[""birth_place""]",true
Q20730476,deniz gamze erguven,Deniz Gamze Ergüven (born  4 June 1978) is a Turkish-French film director best known for her debut feature film Mustang.,"[""deniz gamze erguven"", ""Deniz Gamze Erguven"", ""Deniz Gamze Ergüven"", ""deniz gamze ergüven""]",deniz gamze erguven | Deniz Gamze Erguven | Deniz Gamze Ergüven | deniz gamze ergüven,"[""cinema"", ""people"", ""turkiye""]","[""director""]",true
Q2075940,gazanfer ozcan,"Saim Gazanfer Özcan (January 27, 1931 – February 17, 2009) was a Turkish actor.","[""gazanfer ozcan"", ""Gazanfer Ozcan"", ""Gazanfer Özcan"", ""gazanfer özcan""]",gazanfer ozcan | Gazanfer Ozcan | Gazanfer Özcan | gazanfer özcan,"[""cinema"", ""people"", ""turkiye""]","[""cast_member""]",true
Q2086445,Mayis Sikintisi,Clouds of May (Turkish: Mayıs Sıkıntısı) is a 1999 Turkish film directed by Nuri Bilge Ceylan.,"[""Mayis Sikintisi"", ""Mayıs Sikintisi"", ""mayıs sikintisi"", ""mayis sikintisi"", ""Mayis sikintisi"", ""Mayıs Sıkıntısı"", ""clouds of may"", ""mayıs sıkıntısı"", ""Clouds of may"", ""Clouds of May""]",Mayis Sikintisi | Mayıs Sikintisi | mayıs sikintisi | mayis sikintisi | Mayis sikintisi | Mayıs Sıkıntısı | clouds of may | mayıs sıkıntısı | Clouds of may | Clouds of May,"[""cinema"", ""film"", ""turkiye""]","[""film""]",true
Q2090,fischbach unrra displaced persons camp,"Nuremberg (; German: Nürnberg; pronounced [ˈnʏɐ̯nbɛɐ̯k] (listen); Nuremberg dialect: Närmberch; East Franconian: Närrnberch or Nämberch) is the second-largest city of the German federal state of Bavaria after its capital Munich, and its 511,628 (2016) inhabitants make it the 14th largest city in Germany. On the Pegnitz River (from its confluence with the Rednitz in Fürth onwards: Regnitz, a tributary of the River Main) and the Rhine–Main–Danube Canal, it lies in the Bavarian administrative region of Middle Franconia, and is the largest city and the unofficial capital of Franconia. Nuremberg forms a continuous conurbation with the neighbouring cities of Fürth, Erlangen and Schwabach with a total population of 787,976 (2016), while the larger Nuremberg Metropolitan Region has approximately 3.5 million inhabitants. The city lies about 170 kilometres (110 mi) north of Munich. It is the largest city in the East Franconian dialect area (colloquially: ""Franconian""; German: Fränkisch).There are many institutions of higher education in the city, most notably the University of Erlangen-Nuremberg (Friedrich-Alexander-Universität Erlangen-Nürnberg), with 39,780 students (2017) Bavaria's third and Germany's 11th largest university with campuses in Erlangen and Nuremberg and a university hospital in Erlangen (Universitätsklinikum Erlangen); Technische Hochschule Nürnberg Georg Simon Ohm; and Hochschule für Musik Nürnberg. Nuremberg Airport (Flughafen Nürnberg “Albrecht Dürer“) is the second-busiest airport of Bavaria after Munich Airport, and the tenth-busiest airport of Germany.Staatstheater Nürnberg is one of the five Bavarian state theatres, showing operas, operettas, musicals, and ballets (main venue: Nuremberg Opera House), plays (main venue: Schauspielhaus Nürnberg), as well as concerts (main venue: Meistersingerhalle). Its orchestra, Staatsphilharmonie Nürnberg, is Bavaria's second-largest opera orchestra after the Bavarian State Opera's Bavarian State Orchestra in Munich. Nuremberg is the birthplace of Albrecht Dürer and Johann Pachelbel.Nuremberg was the site of major Nazi rallies, and it provided the site for the Nuremberg trials, which held to account many major Nazi officials.","[""fischbach unrra displaced persons camp"", ""nürnberg"", ""Nurnberg, Germany"", ""Nuremberg (Germany)"", ""Nuernburg"", ""Nürnburg"", ""nurnberg, germany"", ""Nuremburg, Germany"", ""nuernberg displaced persons camp"", ""Neuremburg""]","fischbach unrra displaced persons camp | nürnberg | Nurnberg, Germany | Nuremberg (Germany) | Nuernburg | Nürnburg | nurnberg, germany | Nuremburg, Germany | nuernberg displaced persons camp | Neuremburg","[""cinema"", ""turkiye""]","[""birth_place""]",true
Q20986937,Gute Recherche/sandbox,"Daniel Puente Encina is a Chilean singer-songwriter, guitarist, film composer, producer and actor known for his bands  such as the anti-fascist Pinochet Boys from Santiago de Chile, Niños Con Bombas from Hamburg and Polvorosa from Barcelona, where he currently lives. He was born in Santiago de Chile.","[""Gute Recherche/sandbox"", ""Daniel Puente Encina"", ""daniel puente encina"", ""gute recherche/sandbox""]",Gute Recherche/sandbox | Daniel Puente Encina | daniel puente encina | gute recherche/sandbox,"[""cinema"", ""people"", ""turkiye""]","[""cast_member""]",true
Q209905,History of Akhisar,"Akhisar is a county district and its town center in Manisa Province in the Aegean region of Western Turkey. Akhisar is also the ancient city of Thyatira (also known as Thyateira).With archaeological findings that are proving settlements going back to 3000 BC, Akhisar has been a busy trade center with its strategic location at the intersection of important roads during ancient and medieval ages.  Akhisar also hosted one of the Seven churches of Asia: Thyateira, which is mentioned in the Bible. Akhisar maintained its importance as a regional trade center during the Ottoman period.Today's Akhisar is still the trade and business center in its region. Akhisar's name is internationally associated with tobacco. The fertile Akhisar Plain produces about 10% of total Turkish tobacco production. Akhisar's high-quality olives and olive oil are also globally known.","[""History of Akhisar"", ""akhisar, turkey"", ""akhisar"", ""ak-hissar"", ""Tepe Mezarligi"", ""Ak-Hissar"", ""history of akhisar"", ""Akhisar, Turkey"", ""tepe mezarligi"", ""Akhisar""]","History of Akhisar | akhisar, turkey | akhisar | ak-hissar | Tepe Mezarligi | Ak-Hissar | history of akhisar | Akhisar, Turkey | tepe mezarligi | Akhisar","[""cinema"", ""turkiye""]","[""birth_place""]",true
Q2100,history of duisburg,"Duisburg (, also US: , German: [ˈdyːsbʊɐ̯k] (listen)) is a city in the Ruhr metropolitan area of the northwestern German state North Rhine-Westphalia. Lying on the confluence of the Rhine and the Ruhr rivers, Duisburg is one of the largest cities in Ruhr and 15th largest city in Germany.In the Middle Ages, it was city-state and a member of the Hanseatic League, and later became a major centre of iron, steel, and chemicals industries. For this reason, it was heavily bombed in World War II. Today it boasts the world's largest inland port, with 21 docks and 40 kilometres of wharf.","[""history of duisburg"", ""duisbourg"", ""duisburg, west germany"", ""un/locode:dedui"", ""UN/LOCODE:DEDUI"", ""Dispargum"", ""Walsum, Duisburg"", ""duisberg"", ""Duisburg, West Germany"", ""dispargum""]","history of duisburg | duisbourg | duisburg, west germany | un/locode:dedui | UN/LOCODE:DEDUI | Dispargum | Walsum, Duisburg | duisberg | Duisburg, West Germany | dispargum","[""cinema"", ""turkiye""]","[""birth_place""]",true
Q21001943,tamam miyiz?,Are We OK? (Turkish: Tamam miyiz?) is a 2013 Turkish drama film directed by Çağan Irmak.,"[""tamam miyiz?"", ""Tamam miyiz?"", ""Are We OK?"", ""are we ok?""]",tamam miyiz? | Tamam miyiz? | Are We OK? | are we ok?,"[""cinema"", ""film"", ""turkiye""]","[""film""]",true
Q210292,Yuzgad,"Yozgat is a city and the capital district of Yozgat province in the Central Anatolia Region of Turkey. According to 2009 census, population of the district is 645,266 of which 75,853 live in the city of Yozgat.","[""Yuzgad"", ""yuzgad"", ""Yozgad"", ""yuzgat"", ""history of yozgat"", ""yozgat"", ""History of Yozgat"", ""Yuzgat"", ""yozgad"", ""Yozgat""]",Yuzgad | yuzgad | Yozgad | yuzgat | history of yozgat | yozgat | History of Yozgat | Yuzgat | yozgad | Yozgat,"[""cinema"", ""turkiye""]","[""birth_place""]",true
Q211828,history of bayburt,"Bayburt is a city in northeast Turkey lying on the Çoruh River and is the provincial capital of Bayburt Province.Bayburt was once an important center on the ancient Silk Road. It was visited by Marco Polo and Evliya Çelebi. Remains of its medieval castle still exist. There are several historical mosques, Turkish baths, and tombs in the city. There are also ancient historical sites such as the Çatalçeşme Underground Complex and natural wonders like the Sirakayalar Waterfall in the other parts of the province.","[""history of bayburt"", ""Baberd"", ""baberd"", ""History of Bayburt""]",history of bayburt | Baberd | baberd | History of Bayburt,"[""cinema"", ""turkiye""]","[""birth_place""]",true
Q21209533,Kaan Müjdeci,Kaan Müjdeci (born 24 September 1980) is a screenwriter and film director. He is the winner of Special Jury Prize at the 71st Venice International Film Festival with his debut feature Sivas in 2014.,"[""Kaan Müjdeci"", ""Kaan Mujdeci"", ""kaan müjdeci"", ""kaan mujdeci""]",Kaan Müjdeci | Kaan Mujdeci | kaan müjdeci | kaan mujdeci,"[""cinema"", ""people"", ""turkiye""]","[""director""]",true
Q214303,gomish khaneh,"Gümüşhane or Gyumushkhana (Turkish: [ɟyˈmyʃhaːne] (listen), Argyrópolis or Arghyropolis, Αργυρόπολις in Greek) is a city and the capital district of Gümüşhane Province in the Black Sea region of Turkey. The city lies along the Harşit River, at an elevation of 5,000 feet (1,500 m), about 40 miles (65 km) southwest of Trabzon. According to the 2010 census, population of Gümüşhane urban center is 28,620. The district covers an area of 1,789 km2 (691 sq mi), and the town lies at an elevation of 1,227 m (4,026 ft). Coordinates on world : 40°27′35″N 39°28′40″E","[""gomish khaneh"", ""gümüsane"", ""Gumush-Khane"", ""Gumusane"", ""History of Gümüşhane"", ""gümüshane"", ""gumusane"", ""Gümüsane"", ""Gumush-Khaneh"", ""Gomish khaneh""]",gomish khaneh | gümüsane | Gumush-Khane | Gumusane | History of Gümüşhane | gümüshane | gumusane | Gümüsane | Gumush-Khaneh | Gomish khaneh,"[""cinema"", ""turkiye""]","[""birth_place""]",true
Q21526296,Jîn,"Jîn (in Kurdish it means ""Woman"", Jin in English) is a 2013 Turkish-German movie directed by Reha Erdem. The movie is about a Kurdish guerilla fighter who deserted her military unit aiming at leaving the conflict region (Eastern Turkey) for the city of Izmir.","[""Jîn"", ""jîn""]",Jîn | jîn,"[""cinema"", ""film"", ""turkiye""]","[""film""]",true
Q2157934,nur aysan,"Asiye Nur Fettahoğlu (Turkish pronunciation: [nuɾ ˈfettahoːɫu]) (born November 12, 1980) is a Turkish-German actress.","[""nur aysan"", ""nur fettahoğlu"", ""nur fettahoglu"", ""Nur Aysan"", ""Nur Fettahoğlu"", ""Nur Fettahoglu""]",nur aysan | nur fettahoğlu | nur fettahoglu | Nur Aysan | Nur Fettahoğlu | Nur Fettahoglu,"[""cinema"", ""people"", ""turkiye""]","[""cast_member""]",true
Q216912,Muğla,"Muğla (pronounced [ˈmuːɫa]) is a city in south-western Turkey. Muğla is the center of the district of the same name, as well as of Muğla Province, which stretches along Turkey's Aegean coast. Muğla's center is situated inland at an altitude of 660 m and lies at a distance of about 30 km (19 mi) from the nearest seacoast in the Gulf of Gökova to its south-west. Muğla district area neighbors the district areas of Milas, Yatağan and Kavaklıdere to its north by north-west and those of Ula and Köyceğiz, all of whom are dependent districts. Muğla is the administrative capital of a province that incorporates internationally well-known and popular tourist resorts such as Bodrum, Marmaris and Fethiye and also the smaller resort of SarigermeThe district area's physical features are determined by several pot-shaped high plains abbreviated by mountains, of which the largest is the one where the city of Muğla is located and which is called under the same name (Muğla Plain). It is surrounded by slopes denuded of soil, paved with calcerous formations and a scrub cover which gives the immediate vicinity of Muğla a barren look uncharacteristic for its region. Arable land is restricted to valley bottoms.A relatively small city of 61,550 (2009 estimate) and often overlooked by visitors to nearby coastal resorts, Muğla received a new boost with the foundation of Muğla University in the 1990s. Today, the university brings together a student community of 16,000 and, added by its academia and staff, it played a key role in bringing movement to the city and in opening it to the outside world. Its former profile as a predominantly rural, difficult to access, isolated and underpopulated region enclosed by a rugged mountainous complex is now coming to an end. Also in recent years, a major program of restoration of the city's architectural heritage has enhanced local tourism. The city remains an orderly, compact and leafy provincial center, which kept its old neighborhoods without surrendering to a boom in concrete constructions, but displays a progressive mind as exemplified by the pride still expressed at having had Turkey's first female provincial governor in the 1990s, Ms. Lale Aytaman. Nevertheless, Muğla still lacks sizeable manufacturing and processing centers and relies on trade, crafts, services, tourism and agriculture in its economy.","[""Muğla"", ""mugla"", ""mughla"", ""Mogola"", ""mogola"", ""muğla"", ""Mughla"", ""Mugla"", ""history of muğla"", ""History of Muğla""]",Muğla | mugla | mughla | Mogola | mogola | muğla | Mughla | Mugla | history of muğla | History of Muğla,"[""cinema"", ""turkiye""]","[""birth_place""]",true
Q21787529,ertugrul 1890,"125 Years Memory (海難1890, Kainan 1890) is a 2015 drama film directed by Mitsutoshi Tanaka and written by Eriko Komatsu. A Japanese-Turkish co-production, the film was produced by Japan's Creators' Union and Toei together with Turkey's Böcek Yapım(tr). It was released in Japan by Toei on December 5, 2015, and in Turkey by Mars on December 25, 2015. The film connects two historical incidents that deepened the friendship between Japan and Turkey: The sinking of the Turkish frigate Ertuğrul off the Japanese coast in 1890, and the evacuation of Japanese nationals from Tehran in 1985. It received ten nominations at the 39th Japan Academy Film Prize, winning the awards for Best Art Direction and Best Sound Recording.","[""ertugrul 1890"", ""kainan 1890"", ""125 Years Memory"", ""ertuğrul 1890"", ""Ertuğrul 1890"", ""Kainan 1890"", ""125 years memory"", ""海難1890"", ""Ertugrul 1890""]",ertugrul 1890 | kainan 1890 | 125 Years Memory | ertuğrul 1890 | Ertuğrul 1890 | Kainan 1890 | 125 years memory | 海難1890 | Ertugrul 1890,"[""cinema"", ""film"", ""turkiye""]","[""film""]",true
Q220,Roma (city),"Rome (Latin and Italian: Roma [ˈroːma] (listen)) is the capital city and a special comune of Italy (named Comune di Roma Capitale). Rome also serves as the capital of the Lazio region. With 2,872,800 residents in 1,285 km2 (496.1 sq mi), it is also the country's most populated comune. It is the fourth most populous city in the European Union by population within city limits. It is the centre of the Metropolitan City of Rome, which has a population of 4,355,725 residents, thus making it the most populous metropolitan city in Italy. Rome is located in the central-western portion of the Italian Peninsula, within Lazio (Latium), along the shores of the Tiber. The Vatican City (the smallest country in the world) is an independent country inside the city boundaries of Rome, the only existing example of a country within a city: for this reason Rome has been often defined as capital of two states.Rome's history spans 28 centuries. While Roman mythology dates the founding of Rome at around 753 BC, the site has been inhabited for much longer, making it one of the oldest continuously occupied sites in Europe. The city's early population originated from a mix of Latins, Etruscans, and Sabines. Eventually, the city  successively became the capital of the Roman Kingdom, the Roman Republic and the Roman Empire, and is regarded by some as the first ever metropolis. It was first called The Eternal City (Latin: Urbs Aeterna; Italian: La Città Eterna) by the Roman poet Tibullus in the 1st century BC, and the expression was also taken up by Ovid, Virgil, and Livy. Rome is also called the ""Caput Mundi"" (Capital of the World). After the fall of the Western Empire, which marked the beginning of the Middle Ages, Rome slowly fell under the political control of the Papacy, and in the 8th century it became the capital of the Papal States, which lasted until 1870. Beginning with the Renaissance, almost all the popes since Nicholas V (1447–1455) pursued over four hundred years a coherent architectural and urban programme aimed at making the city the artistic and cultural centre of the world. In this way, Rome became first one of the major centres of the Italian Renaissance, and then the birthplace of both the Baroque style and Neoclassicism. Famous artists, painters, sculptors and architects made Rome the centre of their activity, creating masterpieces throughout the city. In 1871, Rome became the capital of the Kingdom of Italy, which, in 1946, became the Italian Republic.Rome has the status of a global city. In 2016, Rome ranked as the 14th-most-visited city in the world, 3rd most visited in the European Union, and the most popular tourist attraction in Italy. Its historic centre is listed by UNESCO as a World Heritage Site. The Vatican Museums are among the world's most visited museums while the Colosseum was the most popular tourist attraction in the world with 7.4 million visitors in 2018. Host city for the 1960 Summer Olympics, Rome is the seat of several specialized agencies of the United Nations, such as the Food and Agriculture Organization (FAO), the World Food Programme (WFP) and the International Fund for Agricultural Development (IFAD). The city also hosts the Secretariat of the Parliamentary Assembly of the Union for the Mediterranean (UfM) as well as the headquarters of many international business companies such as Eni, Enel, TIM, Leonardo S.p.A., and national and international banks such as Unicredit and BNL. Its business district, called EUR, is the base of many companies involved in the oil industry, the pharmaceutical industry, and financial services. Rome is also an important fashion and design centre thanks to renowned international brands centered in the city. Rome's Cinecittà Studios have been the set of many Academy Award–winning movies.","[""Roma (city)"", ""Rome Italy"", ""Capital city of italy"", ""Rome, Italy"", ""rome/comments"", ""roma, italy"", ""Sports in Rome"", ""Roma"", ""italian capital"", ""fascist architecture in rome""]","Roma (city) | Rome Italy | Capital city of italy | Rome, Italy | rome/comments | roma, italy | Sports in Rome | Roma | italian capital | fascist architecture in rome","[""cinema"", ""turkiye""]","[""birth_place""]",true
Q220584,Michael Søren Madsen,"Michael Søren Madsen (born September 25, 1957) is an American actor, producer, director, writer, poet and photographer. He has starred in many feature films and television series.","[""Michael Søren Madsen"", ""michael søren madsen"", ""Madsen, Michael"", ""madsen, michael"", ""Michael Madsen"", ""Michael Soren Madsen"", ""michael soren madsen"", ""michael madsen""]","Michael Søren Madsen | michael søren madsen | Madsen, Michael | madsen, michael | Michael Madsen | Michael Soren Madsen | michael soren madsen | michael madsen","[""cinema"", ""people"", ""turkiye""]","[""cast_member""]",true
Q2237841,halit refiğ,"Halit Refiğ (5 March 1934, İzmir – 11 October 2009, İstanbul) was a Turkish film director, film producer, screenwriter and writer. He made around sixty films, including feature films, documentaries and TV serials. He is considered to be the pioneer of the National Cinema movement and the initiator of the production of TV serials in Turkey.","[""halit refiğ"", ""halit refig"", ""Halit Refig"", ""Halit Refiğ""]",halit refiğ | halit refig | Halit Refig | Halit Refiğ,"[""cinema"", ""people"", ""turkiye""]","[""director""]",true
Q227,azerbajani,"Azerbaijan (UK:  (listen), US: ; Azerbaijani: Azərbaycan [ɑːzæɾbɑjˈd͡ʒɑn]), officially the Republic of Azerbaijan (Azerbaijani: Azərbaycan Respublikası [ɑːzæɾbɑjˈd͡ʒɑn ɾespublikɑˈsɯ]), is a country in the South Caucasus region of Eurasia at the crossroads of Eastern Europe and Western Asia. It is bounded by the Caspian Sea to the east, Russia to the north, Georgia to the northwest, Armenia to the west and Iran to the south. The exclave of Nakhchivan is bounded by Armenia to the north and east, Iran to the south and west, and has an 11 km (6.8 mi) long border with Turkey in the northwest.The Azerbaijan Democratic Republic proclaimed its independence in 1918 and became the first secular democratic Muslim-majority state. In 1920 the country was incorporated into the Soviet Union as the Azerbaijan Soviet Socialist Republic. The modern Republic of Azerbaijan proclaimed its independence on 30 August 1991, shortly before the dissolution of the USSR in the same year. In September 1991, the Armenian majority of the disputed Nagorno-Karabakh region seceded to form the Republic of Artsakh. The region and seven adjacent districts outside it became de facto independent with the end of the Nagorno-Karabakh War in 1994. These regions are internationally recognized as part of Azerbaijan pending a solution to the status of the Nagorno-Karabakh through negotiations facilitated by the OSCE.Azerbaijan is a unitary semi-presidential republic. It is one of six independent Turkic states and an active member of the Turkic Council and the TÜRKSOY community. Azerbaijan has diplomatic relations with 158 countries and holds membership in 38 international organizations, including the United Nations (since 1992), the Council of Europe, the Non-Aligned Movement, the OSCE, and the NATO Partnership for Peace (PfP) program. It is one of the founding members of GUAM, the Commonwealth of Independent States (CIS) and the Organisation for the Prohibition of Chemical Weapons. Azerbaijan also holds observer status in the World Trade Organization.While more than 89% of the population is Shia Muslim, the Constitution of Azerbaijan does not declare an official religion and all major political forces in the country are secularist. Azerbaijan has a high level of human development that ranks on par with most Eastern European countries. It has a high rate of economic development and literacy, as well as a low rate of unemployment. However, the ruling party, the New Azerbaijan Party, has been accused of authoritarianism and human rights abuses.","[""azerbajani"", ""republic of azerbaijan"", ""Azerbaijin"", ""azərbaycan"", ""azerbaijani independence"", ""Azerbajian"", ""history of the name azerbaijan"", ""azerbijan"", ""Azerbaijan Republic"", ""azyerbaijan""]",azerbajani | republic of azerbaijan | Azerbaijin | azərbaycan | azerbaijani independence | Azerbajian | history of the name azerbaijan | azerbijan | Azerbaijan Republic | azyerbaijan,"[""cinema"", ""geography"", ""turkiye""]","[""country""]",true
Q2274910,settar tanriogen,Settar Tanrıöğen (born 15 July 1962) is a Turkish actor.,"[""settar tanriogen"", ""settar tanrıöğen"", ""Settar Tanriogen"", ""Settar Tanriöğen"", ""settar tanriöğen"", ""Settar Tanrıöğen""]",settar tanriogen | settar tanrıöğen | Settar Tanriogen | Settar Tanriöğen | settar tanriöğen | Settar Tanrıöğen,"[""cinema"", ""people"", ""turkiye""]","[""cast_member""]",true
Q2288769,Sinan Cetin,"Sinan Çetin (born March 1, 1953) is a Turkish film director, actor, and producer.Çetin was born as the son of a customs officer and studied art history at Hacettepe University. Çetin has produced full-length films and television series, and foremost, commercials. He is best known in the English-speaking world for his 1999 film Propaganda, a critically acclaimed libertarian comedy about post-World War II eastern Turkey. Çetin both directed and produced this film, as he did for many other films. His 1993 film Berlin in Berlin was entered into the 18th Moscow International Film Festival.Çetin is a fan of Ayn Rand, and has published Rand's books and other libertarian books in Turkey.Çetin manages and owns the film production company Plato Film Productions. He opened the company in 1986 and it has been expanding ever since. It is one of the most commercially successful Production Companies of Turkey. He is currently working on his 13th feature film named Çanakkale Çocukları. The film will star actors such as Haluk Bilginer, Oktay Kaynarca, Yavuz Bingöl, and Sinan Çetin's two sons Rafael Cemo Çetin and Orfeo Çetin.","[""Sinan Cetin"", ""Sinan Çetin"", ""sinan cetin"", ""sinan çetin""]",Sinan Cetin | Sinan Çetin | sinan cetin | sinan çetin,"[""cinema"", ""people"", ""turkiye""]","[""director""]",true
Q229,greek cyprus,"Cyprus ( (listen); Greek: Κύπρος [ˈcipros]; Turkish: Kıbrıs [ˈkɯbɾɯs]), officially the Republic of Cyprus (Greek: Κυπριακή Δημοκρατία,  lit. Cypriot Republic; Turkish: Kıbrıs Cumhuriyeti, lit. Republic of Cyprus), is an island country in the Eastern Mediterranean and the third largest and third most populous island in the Mediterranean, located south of Turkey, west of Syria and Lebanon, northwest of Israel and Palestine, north of Egypt, and southeast of Greece.The earliest known human activity on the island dates to around the 10th millennium BC. Archaeological remains from this period include the well-preserved Neolithic village of Khirokitia, and Cyprus is home to some of the oldest water wells in the world. Cyprus was settled by Mycenaean Greeks in two waves in the 2nd millennium BC. As a strategic location in the Middle East, it was subsequently occupied by several major powers, including the empires of the Assyrians, Egyptians and Persians, from whom the island was seized in 333 BC by Alexander the Great. Subsequent rule by Ptolemaic Egypt, the Classical and Eastern Roman Empire, Arab caliphates for a short period, the French Lusignan dynasty and the Venetians, was followed by over three centuries of Ottoman rule between 1571 and 1878 (de jure until 1914).Cyprus was placed under the UK's administration based on the Cyprus Convention in 1878 and was formally annexed by the UK in 1914. While Turkish Cypriots made up 18% of the population, the partition of Cyprus and creation of a Turkish state in the north became a policy of Turkish Cypriot leaders and Turkey in the 1950s. Turkish leaders for a period advocated the annexation of Cyprus to Turkey as Cyprus was considered an ""extension of Anatolia"" by them; while, since the 19th century, the majority Greek Cypriot population and its Orthodox church had been pursuing union with Greece, which became a Greek national policy in the 1950s. Following nationalist violence in the 1950s, Cyprus was granted independence in 1960. The crisis of 1963–64 brought further intercommunal violence between Greek Cypriots and Turkish Cypriots, which displaced more than 25,000 Turkish Cypriots into enclaves and brought the end of Turkish Cypriot representation in the republic. On 15 July 1974, a coup d'état was staged by Greek Cypriot nationalists and elements of the Greek military junta in an attempt at enosis, the incorporation of Cyprus into Greece. This action precipitated the Turkish invasion of Cyprus on 20 July, which led to the capture of the present-day territory of Northern Cyprus in the following month, after a ceasefire collapsed, and the displacement of over 150,000 Greek Cypriots and 50,000 Turkish Cypriots. A separate Turkish Cypriot state in the north was established by unilateral declaration in 1983; the move was widely condemned by the international community, with Turkey alone recognizing the new state. These events and the resulting political situation are matters of a continuing dispute.The Republic of Cyprus has de jure sovereignty over the entire island, including its territorial waters and exclusive economic zone, with the exception of the Sovereign Base Areas of Akrotiri and Dhekelia, which remain under the UK's control according to the London and Zürich Agreements. However, the Republic of Cyprus is de facto partitioned into two main parts: the area under the effective control of the Republic, located in the south and west and comprising about 59% of the island's area, and the north, administered by the self-declared Turkish Republic of Northern Cyprus, covering about 36% of the island's area. Another nearly 4% of the island's area is covered by the UN buffer zone. The international community considers the northern part of the island to be territory of the Republic of Cyprus occupied by Turkish forces. The occupation is viewed as illegal under international law and amounting to illegal occupation of EU territory since Cyprus became a member of the European Union.Cyprus is a major tourist destination in the Mediterranean. With an advanced, high-income economy and a very high Human Development Index, the Republic of Cyprus has been a member of the Commonwealth since 1961 and was a founding member of the Non-Aligned Movement until it joined the European Union on 1 May 2004. On 1 January 2008, the Republic of Cyprus joined the eurozone.","[""greek cyprus"", ""Culture of Cyprus"", ""greek republic of cyprus"", ""name of northern cyprus"", ""Greek Cypriot Administration of Southern Cyprus"", ""kıbrıs"", ""Cyprus goods"", ""Cyrpus"", ""Ciprus"", ""etymology of cyprus""]",greek cyprus | Culture of Cyprus | greek republic of cyprus | name of northern cyprus | Greek Cypriot Administration of Southern Cyprus | kıbrıs | Cyprus goods | Cyrpus | Ciprus | etymology of cyprus,"[""cinema"", ""geography"", ""turkiye""]","[""country""]",true
Q23022350,Ghosts of Garip,"The Ghosts of Garip a.k.a. Kanlı Girdap & Vlad's Legacy directed by Patricio Valladares, is a Turkish Film. Gianni Capaldi and Selma Ergeç star in this found footage horror film. Film was released on 11 July 2016 in Turkey.","[""Ghosts of Garip"", ""ghosts of garip"", ""the ghosts of garip"", ""The Ghosts of Garip"", ""The Ghosts of Garip (2016 film)"", ""the ghosts of garip (2016 film)""]",Ghosts of Garip | ghosts of garip | the ghosts of garip | The Ghosts of Garip | The Ghosts of Garip (2016 film) | the ghosts of garip (2016 film),"[""cinema"", ""film"", ""turkiye""]","[""film""]",true
Q232745,Azra Akın,"Azra Akın (born 8 December 1981) is a Turkish-Dutch actress, dancer, model and beauty queen who was crowned Miss World 2002 in London, United Kingdom on December 7, 2002.","[""Azra Akın"", ""list of turkish winners of miss world"", ""azra akın"", ""List of Turkish winners of Miss World"", ""Azra Akin"", ""azra akin""]",Azra Akın | list of turkish winners of miss world | azra akın | List of Turkish winners of Miss World | Azra Akin | azra akin,"[""cinema"", ""people"", ""turkiye""]","[""cast_member"", ""person_seed""]",true
Q2335956,Stefan Arsenijevic,"Stefan Arsenijević (Serbian Cyrillic: Стефан Арсенијевић; born 11 March 1977 in Belgrade, SR Serbia, SFR Yugoslavia) is Serbian Film director.","[""Stefan Arsenijevic"", ""Arsenijević, Stefan"", ""stefan arsenijevic"", ""stefan arsenijević"", ""arsenijević, stefan"", ""Stefan Arsenijević""]","Stefan Arsenijevic | Arsenijević, Stefan | stefan arsenijevic | stefan arsenijević | arsenijević, stefan | Stefan Arsenijević","[""cinema"", ""people"", ""turkiye""]","[""director""]",true
Q23482,UN/LOCODE:FRMRS,"Marseille (, French: [maʁsɛj] (listen), locally [mɑχˈsɛjə] (listen); also spelled in English as Marseilles; Provençal: Marselha [maʀˈsejɔ, -ˈsijɔ]) is the second-largest city of France. The main city of the historical province of Provence, it is the prefecture of the department of Bouches-du-Rhône and region of Provence-Alpes-Côte d'Azur. It is located on the Mediterranean coast near the mouth of the Rhône. The city covers an area of 241 km2 (93 sq mi) and had a population of 852,516 in 2012. Its metropolitan area, which extends over 3,173 km2 (1,225 sq mi) is the third-largest in France after Paris and Lyon, with a population of 1,831,500 as of 2010.Known to the ancient Greeks and Romans as Massalia (Greek: Μασσαλία, romanized: Massalía), Marseille was  an important European trading centre and remains the main commercial port of the French Republic. Marseille is now France's largest city on the Mediterranean coast and the largest port for commerce, freight and cruise ships. The city was European Capital of Culture in 2013 and European Capital of Sport in 2017; it hosted matches at the 1998 World Cup and Euro 2016. It is home to Aix-Marseille University.","[""UN/LOCODE:FRMRS"", ""Marseille (France)"", ""marsaille"", ""bay of marseille"", ""8th sector of marseille"", ""3rd sector of marseille"", ""marsailles"", ""city of marseille"", ""City of Marseille"", ""Massilia""]",UN/LOCODE:FRMRS | Marseille (France) | marsaille | bay of marseille | 8th sector of marseille | 3rd sector of marseille | marsailles | city of marseille | City of Marseille | Massilia,"[""cinema"", ""turkiye""]","[""birth_place""]",true
Q23556,hotlanta,"Atlanta () is the capital and most populous city in the U.S. state of Georgia. With an estimated 2018 population of 498,044, it is also the 37th most-populous city in the United States. The city serves as the cultural and economic center of the Atlanta metropolitan area, home to 5.9 million people and the ninth-largest metropolitan area in the nation. Atlanta is the seat of Fulton County, the most populous county in Georgia.  Portions of the city extend eastward into neighboring DeKalb County.Atlanta was originally founded as the terminating stop of a major state-sponsored railroad. With rapid expansion, however, it soon became the convergence point between multiple railroads, spurring its rapid growth. The city's name derives from that of the Western and Atlantic Railroad's local depot, signifying the town's growing reputation as a transportation hub. During the American Civil War, the city was almost entirely burned to the ground in General William T. Sherman's famous March to the Sea. However, the city rose from its ashes and quickly became a national center of commerce and the unofficial capital of the ""New South"".  During the 1950s and 1960s, Atlanta became a major organizing center of the civil rights movement, with Dr. Martin Luther King Jr., Ralph David Abernathy, and many other locals playing major roles in the movement's leadership. During the modern era, Atlanta has attained international prominence as a major air transportation hub, with Hartsfield–Jackson Atlanta International Airport being the world's busiest airport by passenger traffic since 1998.Atlanta is rated as a ""beta(+)"" world city that exerts a moderate impact on global commerce, finance, research, technology, education, media, art, and entertainment. It ranks in the top twenty among world cities and 10th in the nation with a gross domestic product (GDP) of $385 billion. Atlanta's economy is considered diverse, with dominant sectors that include aerospace, transportation, logistics, professional and business services, media operations, medical services, and information technology. Atlanta has topographic features that include rolling hills and dense tree coverage, earning it the nickname of ""the city in a forest."" Revitalization of Atlanta's neighborhoods, initially spurred by the 1996 Summer Olympics, has intensified in the 21st century, altering the city's demographics, politics, aesthetics, and culture.","[""hotlanta"", ""Atlanta ga"", ""population of atlanta"", ""Population of atlanta"", ""atlanta georgia"", ""The A-T-L"", ""atlanta, georgia"", ""culture of atlanta, georgia"", ""atanta, ga"", ""Atlanta, United States""]","hotlanta | Atlanta ga | population of atlanta | Population of atlanta | atlanta georgia | The A-T-L | atlanta, georgia | culture of atlanta, georgia | atanta, ga | Atlanta, United States","[""cinema"", ""turkiye""]","[""birth_place""]",true
Q2374086,Eric Nazarian,"Eric Nazarian is an Armenian-American film director and screenwriter.His film The Blue Hour premiered at the 2007 San Sebastian International Film Festival and was selected by Nanni Moretti to screen at the 25th Torino Film Festival in Turin, Italy.Nazarian was born in Armenia and moved to the United States as a young child.He grew up in Los Angeles and is a graduate of the University of Southern California School of Cinematic Arts.In 2008, Eric won the Academy of Motion Picture Arts and Sciences Nicholl Fellowship, the world's most prestigious screenwriting competition.","[""Eric Nazarian"", ""eric nazarian""]",Eric Nazarian | eric nazarian,"[""cinema"", ""people"", ""turkiye""]","[""director""]",true
Q23755171,kaçma birader,Kaçma Birader is a 2016 Turkish comedy film directed by Defne Deliormanli and Murat Kaman.,"[""kaçma birader"", ""Kaçma Birader""]",kaçma birader | Kaçma Birader,"[""cinema"", ""film"", ""turkiye""]","[""film""]",true
Q238217,dera'a,"Daraa (Arabic: درعا‎, Levantine Arabic: [ˈdarʕa], also Darʿā, Dara’a, Deraa, Dera'a, Dera, Derʿā and Edrei; means ""fortress"", compare Dura-Europos) is a city in southwestern Syria, located about 13 kilometres (8.1 mi) north of the border with Jordan. It is the capital of Daraa Governorate, historically part of the ancient Hauran region. The city is located about 90 kilometres (56 mi) south of Damascus on the Damascus–Amman highway, and is used as a stopping station for travelers. Nearby localities include Umm al-Mayazen and Nasib to the southeast, al-Naimeh to the east, Ataman to the north, al-Yadudah to the northwest and Ramtha, Jordan to the southwest.According to the Syrian Central Bureau of Statistics, Daraa had a population of 97,969 in the 2004 census. It is the administrative center of a nahiyah (""sub-district"") which contains eight localities with a collective population of 146,481 in 2004. Its inhabitants are predominantly Sunni Muslims.Daraa became known as the ""cradle of the revolution"" after protests at the arrest of 15 boys from prominent families for painting graffiti with anti-government slogans sparked the beginning of Syrian Uprising of 2011.","[""dera'a"", ""daraa"", ""deraa"", ""Darٰā"", ""Deraa"", ""dara’a"", ""Dera'a"", ""darٰā"", ""Dar`a"", ""Adhri'ah""]",dera'a | daraa | deraa | Darٰā | Deraa | dara’a | Dera'a | darٰā | Dar`a | Adhri'ah,"[""cinema"", ""turkiye""]","[""birth_place""]",true
Q2415901,Allied Occupation of Germany,"Upon defeat of Nazi Germany in World War II, the victorious Allies asserted joint authority and sovereignty over 'Germany as a whole', defined as all territories of the former German Reich west of the Oder–Neisse line, having declared the destruction of Nazi Germany at the death of Adolf Hitler (see 1945 Berlin Declaration). The four powers divided 'Germany as a whole' into four occupation zones for administrative purposes, under the United States, United Kingdom, France and the Soviet Union respectively; creating what became collectively known as Allied-occupied Germany (German: Alliierten-besetztes Deutschland). This division was ratified at the Potsdam Conference (17 July to 2 August 1945). The four zones were as agreed in February 1945 by the United States, United Kingdom and Soviet Union meeting at the Yalta Conference; setting aside an earlier division into three zones (excluding France) proposed by the London Protocol.At Potsdam, the United States, United Kingdom and the Soviet Union approved the detachment from 'Germany as a whole' of the German eastern territories east of the Oder–Neisse line; with the exact line of the boundary to be determined at a final German Peace Treaty. This treaty was expected to confirm the ""shifting westward"" of Poland's borders, as the United Kingdom and the United States committed themselves to support in any future peace treaty the permanent incorporation of former eastern German territories into Poland and the Soviet Union. From March 1945 to July 1945, these former eastern territories of Germany had been administered under Soviet military occupation authorities, but following the Potsdam Conference they were handed over to Soviet and Polish civilian administrations and ceased to constitute part of Allied-occupied Germany.In the closing weeks of fighting in Europe, United States forces had pushed beyond the agreed boundaries for the future zones of occupation, in some places by as much as 320 km (200 miles). The so-called line of contact between Soviet and American forces at the end of hostilities, mostly lying eastward of the July 1945-established inner German border, was temporary. After two months in which they had held areas that had been assigned to the Soviet zone, U.S. forces withdrew in the first days of July 1945. Some have concluded that this was a crucial move that persuaded the Soviet Union to allow American, British and French forces into their designated sectors in Berlin, which occurred at roughly the same time (July 1945), although the need for intelligence gathering (see Operation Paperclip) may also have been a factor.","[""Allied Occupation of Germany"", ""Allied occupation of Nazi Germany"", ""British zone"", ""allied occupation zones of germany"", ""us occupation zone"", ""US Occupation Zone"", ""Occupied Germany"", ""military governor of the u.s. occupation zone in germany"", ""british zone of occupation"", ""British Zone of Germany""]",Allied Occupation of Germany | Allied occupation of Nazi Germany | British zone | allied occupation zones of germany | us occupation zone | US Occupation Zone | Occupied Germany | military governor of the u.s. occupation zone in germany | british zone of occupation | British Zone of Germany,"[""cinema"", ""geography"", ""turkiye""]","[""country""]",true
Q2427828,Nebahat Çehre,"Hilal Nebahat Çehre (Turkish pronunciation: [nebaˌhat tʃehˈɾe]; born 15 March 1944), is a Golden Orange-winning Turkish-Georgian actress, model, and singer who was crowned Miss Turkey 1960. She is best known for her protagonistic roles as Firdevs Yöreoğlu on the Kanal D drama series Aşk-ı Memnu (2008–10) and as Ayşe Hafsa Sultan, the Valide Sultan, on the series Muhteşem Yüzyıl (2011–14).As the Miss Turkey, Çehre represented Turkey in the Miss World 1960 pageant held in London, United Kingdom. She also represented Turkey in the Miss Universe 1965 beauty pageant which took place on 24 July 1965 at the Miami Beach Auditorium in Miami Beach, Florida, United States.","[""Nebahat Çehre"", ""nebahat cehre"", ""Nebahat Cehre"", ""nebahat çehre""]",Nebahat Çehre | nebahat cehre | Nebahat Cehre | nebahat çehre,"[""cinema"", ""people"", ""turkiye""]","[""cast_member""]",true
Q2489440,zeynep tokus,"Zeynep Tokuş (born 1977) is a Turkish actress and former beauty pageant winner. In 2007, she won the title of the TV show Turkish version of Dancing on Ice.","[""zeynep tokus"", ""Zeynep Tokuş"", ""zeynep tokuş"", ""Zeynep Tokus""]",zeynep tokus | Zeynep Tokuş | zeynep tokuş | Zeynep Tokus,"[""cinema"", ""people"", ""turkiye""]","[""cast_member""]",true
Q25331,bishopric of odense,"Odense (, also US: , Danish: [ˈoðˀn̩sə] (listen)) is the third-largest city in Denmark.It has a population of 178,210 as of January 2016, and is the main city of the island of Funen. By road, Odense is located 45 kilometres (28 mi) north of Svendborg, 144 kilometres (89 mi) to the south of Aarhus and 167 kilometres (104 mi) to the southwest of Copenhagen. The city is the seat of Odense Municipality and was the seat of Odense County  until 1970, and Funen County from 1970 until 1 January 2007, when Funen County became part of the Region of Southern Denmark. Odense has close associations with Hans Christian Andersen who is remembered above all for his fairy tales. He was born in the city in 1805 and spent his childhood years there.There has been human settlement in the Odense area for over 4,000 years, although the name was not mentioned in writing until 988, and by 1070, it had already grown into a thriving city. Canute IV of Denmark, generally considered to be the last Viking king, was murdered by unruly peasants in Odense's St Alban's Priory on 10 July 1086. Although the city was burned in 1249 following a royal rivalry, it quickly recovered and flourished as a centre of commerce in the Middle Ages. After a period of decline, large-scale plans for development were made during the 18th century, which led to the rebuilding of Odense Palace and the building of a canal to the Port of Odense, facilitating trade. In 1865, one of the largest railway terminals in Denmark was built, further increasing the population and commerce, and by 1900, Odense had reached a population of 35,000. Odense's Odinstårnet was one of the tallest towers in Europe when built in 1935 but was destroyed by the Nazis during World War II. The University of Southern Denmark was established in 1966.In the present day, Odense remains the commercial hub of Funen, and has a notable shopping district with a diversity of stores. Several major industries are located in the city including the Albani Brewery and GASA, Denmark's major dealer in vegetables, fruits and flowers. The city is home to Odense Palace, erected by King Frederik IV who died there in 1730, the Odense Theatre, the Odense Symphony Orchestra, and the Hans Christian Andersen Museum, situated in the house that was the birthplace of Hans Christian Andersen. In sports, Odense has a number of football clubs including OB, BM, B1909, and B1913, the Odense Bulldogs professional ice hockey team, and the city also hosts the H.C. Andersen Marathon. Odense is served by Hans Christian Andersen Airport and Odense station, which lies on the line between Copenhagen and the Jutland peninsula.","[""bishopric of odense"", ""odense, denmark"", ""un/locode:dkode"", ""History of Odense"", ""Odense"", ""Odense, Denmark"", ""Bishopric of Odense"", ""history of odense"", ""UN/LOCODE:DKODE"", ""odense""]","bishopric of odense | odense, denmark | un/locode:dkode | History of Odense | Odense | Odense, Denmark | Bishopric of Odense | history of odense | UN/LOCODE:DKODE | odense","[""cinema"", ""turkiye""]","[""birth_place""]",true
Q25476945,Dag II,"Dağ II (Mountain II), is a Turkish drama and action film directed by Alper Çağlar in 2016.This movie is the sequel of The Mountain, which was released in 2012. The film was screened at cinema on November 4, 2016.","[""Dag II"", ""The Mountain 2"", ""the mountain 2"", ""dag ii"", ""mountain ii"", ""the mountain 2 (2016 film)"", ""The Mountain 2 (2016 film)"", ""Mountain II""]",Dag II | The Mountain 2 | the mountain 2 | dag ii | mountain ii | the mountain 2 (2016 film) | The Mountain 2 (2016 film) | Mountain II,"[""cinema"", ""film"", ""turkiye""]","[""film""]",true
Q25479948,Ember (film),"Ember (Turkish: Kor) is Turkish director Zeki Demirkubuz's 11th film and is featured in the International Golden Tulip Competition. Shooting began on February 2015 in various districts of Istanbul, especially Eyüp and Güzeltepe. The Turkish-German co-production stars Taner Birsel, Aslıhan Gürbüz, Caner Cindoruk, İştar Gökseven, Talha Yayıkçı, Dolunay Soysert and Çağlar Çorumlu in the leading roles. The film was selected to be screened in the Contemporary World Cinema section at the 2016 Toronto International Film Festival.","[""Ember (film)"", ""ember (film)""]",Ember (film) | ember (film),"[""cinema"", ""film"", ""turkiye""]","[""film""]",true
Q25480414,İstanbul Kırmızısı (film),"İstanbul Kırmızısı (Italian: Rosso Istanbul, Red Istanbul) is a Turkish film of 2017 directed by Ferzan Özpetek, based on the novel written by Özpetek, published in 2013. The film was shot in Turkish language with a cast composed entirely of Turkish actors, 16 years after his second work Harem Suare, director Özpetek came back to shoot a film in İstanbul. The film's first international promotion was held at the Rome Film Festival.","[""İstanbul Kırmızısı (film)"", ""İstanbul Kırmızısı"", ""i̇stanbul kırmızısı (film)"", ""i̇stanbul kırmızısı"", ""rosso istanbul"", ""Rosso Istanbul""]",İstanbul Kırmızısı (film) | İstanbul Kırmızısı | i̇stanbul kırmızısı (film) | i̇stanbul kırmızısı | rosso istanbul | Rosso Istanbul,"[""cinema"", ""film"", ""turkiye""]","[""film""]",true
Q256292,Nurgul Yesilcay,Nurgül Yeşilçay (born 26 March 1976) is a Turkish stage and film actress.,"[""Nurgul Yesilcay"", ""Nurgül Yesilçay"", ""nurgul yesilcay"", ""nurgül yesilcay"", ""nurgül"", ""nurgül yeşilçay"", ""nurgül yesilçay"", ""Yeşilçay"", ""Nurgül Yeşilçay"", ""yeşilçay""]",Nurgul Yesilcay | Nurgül Yesilçay | nurgul yesilcay | nurgül yesilcay | nurgül | nurgül yeşilçay | nurgül yesilçay | Yeşilçay | Nurgül Yeşilçay | yeşilçay,"[""cinema"", ""people"", ""turkiye""]","[""cast_member""]",true
Q257031,şebnem dönmez,"Şebnem Dönmez (born May 17, 1974 in Salzgitter, Germany)  is a Turkish movie, television series actress and host of television shows.Originally a model, she debuted in 1992 at the television scene taking part in a motorsports show of TRT, at that time Turkey's only channel. Şebnem Dönmez kept on appearing in and hosting several TV shows since then.She acted in a stream of Turkish films and television series. The first international movie she acted in was The Net 2.0, a Hollywood production shot in Istanbul. She performed on stage with one of the leading roles in Oyunun Oyunu (Noises Off) by Michael Frayn.In 2005, she married the film director Ezel Akay. Their marriage ended after two years.","[""şebnem dönmez"", ""sebnem dönmez"", ""Sebnem Donmez"", ""sebnem donmez"", ""Sebnem Dönmez"", ""Şebnem Dönmez"", ""sebnem doenmez"", ""Sebnem Doenmez""]",şebnem dönmez | sebnem dönmez | Sebnem Donmez | sebnem donmez | Sebnem Dönmez | Şebnem Dönmez | sebnem doenmez | Sebnem Doenmez,"[""cinema"", ""people"", ""turkiye""]","[""cast_member"", ""person_seed""]",true
Q257669,Home Coming (film),Home Coming (Turkish: Eve Dönüş) is a 2006 Greek-Turkish drama film directed by Ömer Ugur.,"[""Home Coming (film)"", ""Eve Dönüş"", ""home coming (film)"", ""eve dönüş""]",Home Coming (film) | Eve Dönüş | home coming (film) | eve dönüş,"[""cinema"", ""film"", ""turkiye""]","[""film"", ""film_seed""]",true
Q258974,History of Bitburg,"Bitburg (German pronunciation: [ˈbɪtbʊʁk]; French: Bitbourg; Luxembourgish: Béibreg) is a city in Germany, in the state of Rhineland-Palatinate approximately 25 km (16 mi.) northwest of Trier and 50 km (31 mi.) northeast of Luxembourg city. The American Spangdahlem Air Base is nearby.","[""History of Bitburg"", ""bitburg military cemetery"", ""Bitburg military cemetery"", ""Bitburg, Germany"", ""bitburg"", ""history of bitburg"", ""Bitburg"", ""Béibreg"", ""Bitburg Land"", ""bitburg, germany""]","History of Bitburg | bitburg military cemetery | Bitburg military cemetery | Bitburg, Germany | bitburg | history of bitburg | Bitburg | Béibreg | Bitburg Land | bitburg, germany","[""cinema"", ""turkiye""]","[""birth_place""]",true
Q2598575,reha erdem,"Reha Erdem (born 1960 in Istanbul, Turkey) is a Turkish film director and screenwriter.","[""reha erdem"", ""Reha Erdem""]",reha erdem | Reha Erdem,"[""cinema"", ""people"", ""turkiye""]","[""director""]",true
Q25999824,victory sun,The Victory Sun (Turkish: Zafer Güneşi) is a 1953 Turkish drama film directed by and starring Seyfi Havaeri.,"[""victory sun"", ""The Victory Sun"", ""Victory Sun"", ""the victory sun"", ""zafer günesi"", ""Zafer günesi""]",victory sun | The Victory Sun | Victory Sun | the victory sun | zafer günesi | Zafer günesi,"[""cinema"", ""film"", ""turkiye""]","[""film""]",true
Q25999885,The Sob,The Sob (Turkish: Hıçkırık) is a 1953 Turkish drama film directed by Atıf Yılmaz.,"[""The Sob"", ""Sob"", ""the sob"", ""Hiçkirik"", ""hiçkirik""]",The Sob | Sob | the sob | Hiçkirik | hiçkirik,"[""cinema"", ""film"", ""turkiye""]","[""film""]",true
Q25999897,Six Are Dead,"Six Are Dead or The Murder of Ipsala (Turkish: Altı Ölü Var/İpsala Cinayeti) is a 1953 Turkish adventure film directed by Lütfi Akad and starring Lale Oraloğlu, Cahit Irgat and Turan Seyfioğlu.","[""Six Are Dead"", ""Alti olu var/Ipsala cinayeti"", ""alti olu var/ipsala cinayeti"", ""six are dead""]",Six Are Dead | Alti olu var/Ipsala cinayeti | alti olu var/ipsala cinayeti | six are dead,"[""cinema"", ""film"", ""turkiye""]","[""film""]",true
Q25999900,kanli para,The Bloody Money (Turkish: Kanlı Para) is a 1953 Turkish adventure film directed by Orhon M. Ariburnu  and starring Ayhan Isik and Nedret Güvenç.,"[""kanli para"", ""Kanli para"", ""Bloody Money"", ""the bloody money"", ""The Bloody Money"", ""bloody money""]",kanli para | Kanli para | Bloody Money | the bloody money | The Bloody Money | bloody money,"[""cinema"", ""film"", ""turkiye""]","[""film""]",true
Q25999908,"Ceto, the Foolish Millionaire","Ceto, the Foolish Millionaire (Turkish: Çeto salak milyoner) is a 1953 Turkish comedy film directed by Orhan Erçin.","[""Ceto, the Foolish Millionaire"", ""çeto salak milyoner"", ""ceto, the foolish millionaire"", ""Çeto salak milyoner""]","Ceto, the Foolish Millionaire | çeto salak milyoner | ceto, the foolish millionaire | Çeto salak milyoner","[""cinema"", ""film"", ""turkiye""]","[""film""]",true
Q25999911,The Bloody Farm,The Bloody Farm (Turkish: Kanlı Çiftlik) is a 1953 Turkish drama film directed by Faruk Kenç.,"[""The Bloody Farm"", ""bloody farm"", ""the bloody farm"", ""kanli çiftlik"", ""Kanli çiftlik"", ""Bloody Farm""]",The Bloody Farm | bloody farm | the bloody farm | kanli çiftlik | Kanli çiftlik | Bloody Farm,"[""cinema"", ""film"", ""turkiye""]","[""film""]",true
Q25999912,Beauty from Peran,"The Beauty from Peran (Greek: I oraia tou Peran, Turkish: Beyoğlu güzeli) is a 1953 Greek-Turkish romance film directed by Vedat Örfi Bengü and Orestis Laskos and starring Katia Linta, Süha Dogan and Muazzez Arçay.","[""Beauty from Peran"", ""Beyoglu güzeli"", ""The Beauty from Peran"", ""I oraia tou Peran"", ""the beauty from peran"", ""i oraia tou peran"", ""beauty from peran"", ""beyoglu güzeli""]",Beauty from Peran | Beyoglu güzeli | The Beauty from Peran | I oraia tou Peran | the beauty from peran | i oraia tou peran | beauty from peran | beyoglu güzeli,"[""cinema"", ""film"", ""turkiye""]","[""film""]",true
Q26702984,Tayfun Belet,"Tayfun Belet is a Turkish film director, screenwriter, producer and film editor.","[""Tayfun Belet"", ""tayfun belet""]",Tayfun Belet | tayfun belet,"[""cinema"", ""people"", ""turkiye""]","[""director""]",true
Q2671060,alpu,"Alpu, also Alpıköy, is a town and district of Eskişehir Province in the Central Anatolia region of Turkey. According to 2010 census, population of the district is 12,768 of which 5,126 live in the town of Alpu. The district covers an area of 886 km2 (342 sq mi), and the town lies at an average elevation of 768 m (2,520 ft).","[""alpu"", ""Alpu""]",alpu | Alpu,"[""cinema"", ""turkiye""]","[""birth_place""]",true
Q26963199,akvaryumda sessiz sakin,"Akvaryumda Sessiz, Sakin, is a film by Tayfun Belet made in 2016. The international name is ""Peace and Quiet in the Aquarium"".","[""akvaryumda sessiz sakin"", ""Akvaryumda Sessiz Sakin (Film, 2016)"", ""Akvaryumda Sessiz Sakin"", ""akvaryumda sessiz sakin (film, 2016)""]","akvaryumda sessiz sakin | Akvaryumda Sessiz Sakin (Film, 2016) | Akvaryumda Sessiz Sakin | akvaryumda sessiz sakin (film, 2016)","[""cinema"", ""film"", ""turkiye""]","[""film""]",true
Q26964835,"Çekirdek ve Makara (Film, 2015)",Çekirdek ve Makara is a documentary film by Tayfun Belet made in 2015. The international name is The Reel and the Sunflower Seeds.,"[""Çekirdek ve Makara (Film, 2015)"", ""çekirdek ve makara (film, 2015)"", ""Çekirdek ve Makara"", ""çekirdek ve makara""]","Çekirdek ve Makara (Film, 2015) | çekirdek ve makara (film, 2015) | Çekirdek ve Makara | çekirdek ve makara","[""cinema"", ""film"", ""turkiye""]","[""film""]",true
Q270709,Leyla Hazal Kaya,Leyla Hazal Kaya (born 1 October 1990) is a Turkish actress.,"[""Leyla Hazal Kaya"", ""leyla hazal kaya"", ""Hazal kaya"", ""Hazal Kaya"", ""hazal kaya""]",Leyla Hazal Kaya | leyla hazal kaya | Hazal kaya | Hazal Kaya | hazal kaya,"[""cinema"", ""people"", ""turkiye""]","[""cast_member""]",true
Q27162,"gölcük, kocaeli","Gölcük is a town and district of Kocaeli Province in the Marmara region of Turkey. The town is located at the northern gulf of Armutlu Peninsula on the coast of Marmara Sea and south of the province.It is the district, where the 1999 earthquake disaster happened. Gölcük is the location of one of the Turkish Navy's main naval bases. Also, Ford Otosan automobile plant is located in Gölcük. The mayor is Mehmet Ellibeş (AKP).","[""gölcük, kocaeli"", ""gölcük (district), kocaeli"", ""Goelcuek"", ""Goelcuek Navy Yard"", ""Goelcuek (District), Kocaeli"", ""golcuk"", ""Golcuk"", ""Golcuk, Kocaeli"", ""goelcuek navy yard"", ""Golcuk District, Kocaeli""]","gölcük, kocaeli | gölcük (district), kocaeli | Goelcuek | Goelcuek Navy Yard | Goelcuek (District), Kocaeli | golcuk | Golcuk | Golcuk, Kocaeli | goelcuek navy yard | Golcuk District, Kocaeli","[""cinema"", ""turkiye""]","[""birth_place""]",true
Q271659,Gonesse,"Gonesse is a commune in the north-eastern suburbs of Paris, France. It is located 16.5 km (10.3 mi) from the centre of Paris.The commune lies immediately north of Le Bourget Airport, and it is six kilometres (four miles) south-west of Charles de Gaulle International Airport.","[""Gonesse"", ""Gonesse, France"", ""gonesse, france"", ""gonesse""]","Gonesse | Gonesse, France | gonesse, france | gonesse","[""cinema"", ""turkiye""]","[""birth_place""]",true
Q272649,Çarşamba,"Çarşamba is a town and district of Samsun Province in the Black Sea region of Turkey. It is second largest district of the Samsun province after Bafra. The mayor is Hüseyin Dündar (AKP). Ferhan Şensoy - writer, actor and stage director - was born here.","[""Çarşamba"", ""carsamba"", ""çarşamba"", ""Carsamba""]",Çarşamba | carsamba | çarşamba | Carsamba,"[""cinema"", ""turkiye""]","[""birth_place""]",true
Q2739722,Zeki Okten,Zeki Ökten (4 August 1941 – 19 December 2009) was a Turkish film director.,"[""Zeki Okten"", ""zeki ökten"", ""zeki okten"", ""Zeki Ökten""]",Zeki Okten | zeki ökten | zeki okten | Zeki Ökten,"[""cinema"", ""people"", ""turkiye""]","[""director""]",true
Q2758737,i̇klimler,"Climates (Turkish: İklimler) is a 2006 Turkish drama film directed by Nuri Bilge Ceylan. The film charts the deteriorating relationship between a professional Istanbul couple, İsa and Bahar, played by Ceylan and his wife Ebru Ceylan. It was Ceylan's first film shot on High-definition video.","[""i̇klimler"", ""Les Climats"", ""les climats"", ""Climates (film)"", ""iklimler"", ""climates (film)"", ""İklimler"", ""Iklimler""]",i̇klimler | Les Climats | les climats | Climates (film) | iklimler | climates (film) | İklimler | Iklimler,"[""cinema"", ""film"", ""turkiye""]","[""film""]",true
Q27703651,çalgi çengi ikimiz,Çalgi Çengi Ikimiz is a 2017 Turkish film. It was released in Turkey by Pinema on 6 January 2017. It is the second film of the series Çalgı Çengi.,"[""çalgi çengi ikimiz"", ""Çalgi Çengi Ikimiz"", ""çalgı çengi i̇kimiz"", ""Çalgı Çengi İkimiz""]",çalgi çengi ikimiz | Çalgi Çengi Ikimiz | çalgı çengi i̇kimiz | Çalgı Çengi İkimiz,"[""cinema"", ""film"", ""turkiye""]","[""film""]",true
Q27703661,big big world (film),Big Big World (Turkish: Koca Dünya) is a 2016 Turkish drama film directed by Reha Erdem. It was screened in the Horizions section at the 73rd Venice International Film Festival.,"[""big big world (film)"", ""koca dünya"", ""koca dunya"", ""Koca Dünya"", ""Big Big World (film)"", ""Koca Dunya""]",big big world (film) | koca dünya | koca dunya | Koca Dünya | Big Big World (film) | Koca Dunya,"[""cinema"", ""film"", ""turkiye""]","[""film""]",true
Q277184,Şehirdeki Yabancı,Stranger in the City (Turkish: Şehirdeki Yabancı) is a 1962 Turkish drama film directed by Halit Refiğ. It was entered into the 3rd Moscow International Film Festival.,"[""Şehirdeki Yabancı"", ""şehirdeki yabancı"", ""Stranger in the City (film)"", ""Sehirdeki Yabanci"", ""stranger in the city (film)"", ""sehirdeki yabanci""]",Şehirdeki Yabancı | şehirdeki yabancı | Stranger in the City (film) | Sehirdeki Yabanci | stranger in the city (film) | sehirdeki yabanci,"[""cinema"", ""film"", ""turkiye""]","[""film""]",true
Q27957837,Evcilik Oyunu,"Evcilik Oyunu is a 1964 Turkish romance film, directed by Halit Refiğ and starring Göksel Arsoy, Belgin Doruk, and Gürel Ünlüsoy.","[""Evcilik Oyunu"", ""evcilik oyunu""]",Evcilik Oyunu | evcilik oyunu,"[""cinema"", ""film"", ""turkiye""]","[""film""]",true
Q27957840,Vurun Kahpeye,"Vurun Kahpeye is a 1973 Turkish drama film, directed by Halit Refiğ and starring Hale Soygazi, Tugay Toksöz, and Tanju Gürsu.","[""Vurun Kahpeye"", ""vurun kahpeye""]",Vurun Kahpeye | vurun kahpeye,"[""cinema"", ""film"", ""turkiye""]","[""film""]",true
Q27957842,iki yabanci,"İki Yabancı is a 1990 Turkish drama film, directed by Halit Refiğ and starring Hakan Ural, Brıgıtte Braun, and Kuzey Vargın.","[""iki yabanci"", ""i̇ki yabancı"", ""Iki Yabanci"", ""İki Yabancı""]",iki yabanci | i̇ki yabancı | Iki Yabanci | İki Yabancı,"[""cinema"", ""film"", ""turkiye""]","[""film""]",true
Q27959328,"Çırak (Film, 2014)","Çırak, is a film by Tayfun Belet made in 2014. The international name is ""The Apprentice"".","[""Çırak (Film, 2014)"", ""çırak (film, 2014)"", ""çırak (film)"", ""Çırak (2014 film)"", ""Çırak (film)"", ""çırak (2014 film)""]","Çırak (Film, 2014) | çırak (film, 2014) | çırak (film) | Çırak (2014 film) | Çırak (film) | çırak (2014 film)","[""cinema"", ""film"", ""turkiye""]","[""film""]",true
Q2827768,Aida Begic,Aida Begić (born 9 May 1976) is a Bosnian film director and screenwriter.,"[""Aida Begic"", ""aida begic"", ""aida begić"", ""Aida Begić""]",Aida Begic | aida begic | aida begić | Aida Begić,"[""cinema"", ""people"", ""turkiye""]","[""director""]",true
Q2836362,ali suliman,"Ali Suliman (Arabic: علي سليمان‎, Hebrew: עלי סלימאן‎; born 1977) is an Arab actor with an Israeli citizenship. He is known for his work on the series Jack Ryan and the film Paradise Now.","[""ali suliman"", ""Ali Suliman""]",ali suliman | Ali Suliman,"[""cinema"", ""people"", ""turkiye""]","[""cast_member""]",true
Q284051,Makram Khoury,"Makram Jamil Khoury (Arabic: مكرم  خوري‎, Hebrew: מכרם ח'ורי‎) is an Arab-Israeli actor, born 30 May 1945 in Jerusalem. He was the youngest artist and the first Arab to win the Israel Prize, the highest civic honor in Israel.Makram is active in films, on the stage, and on television.","[""Makram Khoury"", ""makram khoury"", ""Makram Khouri"", ""makram khouri"", ""makram khuri"", ""Makram J. Khoury"", ""Makram Khuri"", ""makram j. khoury""]",Makram Khoury | makram khoury | Makram Khouri | makram khouri | makram khuri | Makram J. Khoury | Makram Khuri | makram j. khoury,"[""cinema"", ""people"", ""turkiye""]","[""cast_member"", ""person_seed""]",true
Q2845101,Anadolu Kartalları,"Anadolu Kartalları (Anatolian Eagle) is a Turkish film directed by Ömer Vargi and released in 2011. It is produced by the production company Fida Film, and stars Engin Altan Düzyatan, Özge Özpirinçci and Çağatay Ulusoy.The film, commissioned for the centenary of the Turkish Air Force, was filmed in collaboration with the Turkish Air Force in the air base in Konya. Some aerial scenes were notably performed by Türk Yıldızları and Solo Türk, the aerobatic team of the Turkish Air Force.The film is the sixth-biggest hit of 2011 Turkish box office, with a total of 1,179,190 entries and grossing 10,217,302 Turkish liras.","[""Anadolu Kartalları"", ""anatolian eagles (film)"", ""Anatolian Eagles (film)"", ""Anadolu Kartallari"", ""anadolu kartallari"", ""anadolu kartalları""]",Anadolu Kartalları | anatolian eagles (film) | Anatolian Eagles (film) | Anadolu Kartallari | anadolu kartallari | anadolu kartalları,"[""cinema"", ""film"", ""turkiye""]","[""film""]",true
Q2880,waldbühne hamm-heessen,"Hamm (German pronunciation: [ˈham] (listen), Latin: Hammona) is a city in North Rhine-Westphalia, Germany. It is located in the northeastern part of the Ruhr area. As of 2016 its population was 179,397. The city is situated between the A1 motorway and A2 motorway. Hamm railway station is an important hub for rail transport and renowned for its distinctive station building.","[""waldbühne hamm-heessen"", ""hamm, germany"", ""Hamm, North Rhine-Westphalia"", ""history of hamm"", ""hamm, north rhine westphalia"", ""hamm"", ""hamm, nrw"", ""Hamm"", ""hamm, north rhine-westphalia"", ""History of Hamm""]","waldbühne hamm-heessen | hamm, germany | Hamm, North Rhine-Westphalia | history of hamm | hamm, north rhine westphalia | hamm | hamm, nrw | Hamm | hamm, north rhine-westphalia | History of Hamm","[""cinema"", ""turkiye""]","[""birth_place""]",true
Q2882584,and then what?,"And Then What? (Turkish: Ya Sonra?) is a 2011 Turkish romantic comedy film, written and directed by Özcan Deniz, starring Deniz Çakır as an unhappily married woman who attempts to restart her long dormant career. The film, which opened on February 25, 2011 (2011-02-25) at number 2 in the Turkish box office, is one of the highest grossing Turkish films of 2011.","[""and then what?"", ""And Then What?"", ""ya sonra?"", ""ya sonra"", ""Ya Sonra"", ""Ya Sonra?"", ""and then want?"", ""And Then Want?""]",and then what? | And Then What? | ya sonra? | ya sonra | Ya Sonra | Ya Sonra? | and then want? | And Then Want?,"[""cinema"", ""film"", ""turkiye""]","[""film""]",true
Q2887,"Santiago, Chile","Santiago ( , Spanish: [sanˈtjaɣo], literally ""Saint-James""), also known as Santiago de Chile is the capital and largest city of Chile as well as one of the largest cities in the Americas. It is the center of Chile's largest and most densely populated conurbation, the Santiago Metropolitan Region, whose total population is 7 million. The city is entirely located in the country's central valley. Most of the city lies between 500 m (1,640 ft) and 650 m (2,133 ft) above mean sea level.Founded in 1541 by the Spanish conqueror Pedro de Valdivia, Santiago has been the capital city of Chile since colonial times. The city has a downtown core of 19th-century neoclassical architecture and winding side-streets, dotted by art deco, neo-gothic, and other styles. Santiago's cityscape is shaped by several stand-alone hills and the fast-flowing Mapocho River, lined by parks such as Parque Forestal. The Andes Mountains can be seen from most points in the city. These mountains contribute to a considerable smog problem, particularly during winter. The city outskirts are surrounded by vineyards and Santiago is within an hour of both the mountains and the Pacific Ocean.Santiago is the cultural, political and financial center of Chile and is home to the regional headquarters of many multinational corporations. The Chilean executive and judiciary are located in Santiago, but Congress meets mostly in nearby Valparaíso. Santiago is named after the biblical figure St. James. Santiago will host the 2023 Pan American Games.","[""Santiago, Chile"", ""stgo"", ""greater santiago, chile"", ""natural disasters in santiago de chile"", ""Stgo"", ""History of Santiago"", ""santiago de nueva extremadura"", ""Santiago de Chile"", ""stgo."", ""History of Santiago de Chile""]","Santiago, Chile | stgo | greater santiago, chile | natural disasters in santiago de chile | Stgo | History of Santiago | santiago de nueva extremadura | Santiago de Chile | stgo. | History of Santiago de Chile","[""cinema"", ""turkiye""]","[""birth_place""]",true
Q2920518,Beş Vakit,"Times and Winds  or (Turkish: Beş Vakit) is a 2006 Turkish drama film directed and written by Reha Erdem. The film premiered in the United States on January 11, 2008. It won the Best Turkish Film of the Year Award at the Istanbul International Film Festival.","[""Beş Vakit"", ""beş vakit"", ""bes vakit"", ""Bes vakit"", ""Times and Winds"", ""times and winds""]",Beş Vakit | beş vakit | bes vakit | Bes vakit | Times and Winds | times and winds,"[""cinema"", ""film"", ""turkiye""]","[""film""]",true
Q298,república de chile,"Chile ( (listen), ; Spanish: [ˈtʃile]), officially the Republic of Chile (Spanish: República de Chile ), is a South American country occupying a long, narrow strip of land between the Andes to the east and the Pacific Ocean to the west. It borders Peru to the north, Bolivia to the northeast, Argentina to the east, and the Drake Passage in the far south. Chilean territory includes the Pacific islands of Juan Fernández, Salas y Gómez, Desventuradas, and Easter Island in Oceania. Chile also claims about 1,250,000 square kilometres (480,000 sq mi) of Antarctica, although all claims are suspended under the Antarctic Treaty.The arid Atacama Desert in northern Chile contains great mineral wealth, principally copper and lithium. The relatively small central area dominates in terms of population and agricultural resources, and is the cultural and political center from which Chile expanded in the late 19th century when it incorporated its northern and southern regions. Southern Chile is rich in forests and grazing lands, and features a string of volcanoes and lakes. The southern coast is a labyrinth of fjords, inlets, canals, twisting peninsulas, and islands.Spain conquered and colonized the region in the mid-16th century, replacing Inca rule in the north and centre, but failing to conquer the independent Mapuche who inhabited what is now south-central Chile. After declaring its independence from Spain in 1818, Chile emerged in the 1830s as a relatively stable authoritarian republic. In the 19th century, Chile saw significant economic and territorial growth, ending Mapuche resistance in the 1880s and gaining its current northern territory in the War of the Pacific (1879–83) after defeating Peru and Bolivia. In the 1960s and 1970s, the country experienced severe left-right political polarization and turmoil. This development culminated with the 1973 Chilean coup d'état that overthrew Salvador Allende's democratically elected left-wing government and instituted a 16-year-long right-wing military dictatorship that left more than 3,000 people dead or missing. The regime, headed by Augusto Pinochet, ended in 1990 after it lost a referendum in 1988 and was succeeded by a center-left coalition which ruled through four presidencies until 2010.The modern sovereign state of Chile is among South America's most economically and socially stable and prosperous nations, with a high-income economy and high living standards. It leads Latin American nations in rankings of human development, competitiveness, income per capita, globalization, state of peace, economic freedom, and low perception of corruption. It also ranks high regionally in sustainability of the state, and democratic development. Chile is a member of the Organisation for Economic Co-operation and Development (OECD), joining in 2010. Currently it also has the lowest homicide rate in the Americas after Canada. Chile is a founding member of the United Nations, the Union of South American Nations (UNASUR), the Community of Latin American and Caribbean States (CELAC) and the Pacific Alliance.","[""república de chile"", ""Name of Chile"", ""Republic of Chile"", ""República de Chile"", ""🇨🇱"", ""Chilé"", ""Republica de Chile"", ""chilé"", ""State of Chile"", ""etymology of chile""]",república de chile | Name of Chile | Republic of Chile | República de Chile | 🇨🇱 | Chilé | Republica de Chile | chilé | State of Chile | etymology of chile,"[""cinema"", ""geography"", ""turkiye""]","[""country""]",true
Q30,united stated,"The United States of America (USA), commonly known as the United States (U.S. or US) or America, is a country comprising 50 states, a federal district, five major self-governing territories, and various possessions. At 3.8 million sq mi (9.8 million km2), the United States is the world's third or fourth largest country by total area and is slightly smaller than the entire continent of Europe's 3.93 million sq mi (10.2 million km2). With a population of more than 327 million people, the U.S. is the third most populous country. Most of the country is located contiguously in North America between Canada and Mexico. The extremely diverse geography, climate, and wildlife of the United States make it one of the world's 17 megadiverse countries.Paleo-Indians migrated from Siberia to the North American mainland at least 12,000 years ago. European colonization began in the 16th century. The United States emerged from the thirteen British colonies established along the East Coast. Following the French and Indian War, numerous disputes between Great Britain and the colonies led to the American Revolution, which began in 1775, and the subsequent Declaration of Independence in 1776. The war ended in 1783 with the United States becoming the first country to gain independence from a European power. The current constitution was adopted in 1788, with the first ten amendments, collectively named the Bill of Rights, being ratified in 1791 to guarantee many fundamental civil liberties. The United States embarked on a vigorous expansion across North America throughout the 19th century, acquiring new territories, displacing Native American tribes, and gradually admitting new states until it spanned the continent by 1848.During the second half of the 19th century, the Civil War led to the abolition of slavery. By the end of the century, the United States had extended into the Pacific Ocean, and its economy, driven in large part by the Industrial Revolution, began to soar. The Spanish–American War and World War I confirmed the country's status as a global military power. The United States emerged from World War II as a global superpower and a permanent member of the United Nations Security Council. The end of the Cold War and the collapse of the Soviet Union in 1991 left the United States as the world's sole superpower.The United States is a federal republic and a representative democracy. It is a founding member of the United Nations, World Bank, International Monetary Fund, Organization of American States (OAS), and many other international organizations. The United States is a highly developed country, with the world's largest economy by nominal GDP and second-largest economy by PPP, accounting for approximately a quarter of global GDP. The U.S. economy is largely post-industrial, characterized by the dominance of services and knowledge-based activities, although the manufacturing sector remains the second-largest in the world. The United States is the world's largest importer and the second largest exporter of goods, by value. Although its population is only 4.3% of the world total, the U.S. holds 31% of the total wealth in the world, the largest share of global wealth concentrated in a single country.Despite income and wealth disparities, the United States continues to rank very high in measures of socioeconomic performance, including average wage, human development, per capita GDP, and worker productivity. The United States is the foremost military power in the world, making up a third of global military spending, and is a leading political, cultural, and scientific force internationally.","[""united stated"", ""the united states of america."", ""the States"", ""u,s,"", ""Americaland"", ""U.S. OF A"", ""united satates"", ""united states of america (u.s.a.)"", ""u. s. of a."", ""us and a""]","united stated | the united states of america. | the States | u,s, | Americaland | U.S. OF A | united satates | united states of america (u.s.a.) | u. s. of a. | us and a","[""cinema"", ""geography"", ""turkiye""]","[""country""]",true
Q3040561,Ömer Kavur,"Ömer Kavur (18 June 1944 – 12 May 2005) was a Turkish film director, producer and screenwriter. He directed 14 films between 1974 and 2003. His film Gece Yolculuğu was screened in the Un Certain Regard section at the 1988 Cannes Film Festival. Nine years later, his film Akrebin Yolculuğu was screened in the same section at the 1997 Festival.He died on May 12, 2005, of lymphoma at his home in Teşvikiye, Istanbul, and was buried at the Zincirlikuyu Cemetery following the religious funeral service held at the Teşvikiye Mosque.","[""Ömer Kavur"", ""Omer Kavur"", ""ömer kavur"", ""omer kavur""]",Ömer Kavur | Omer Kavur | ömer kavur | omer kavur,"[""cinema"", ""people"", ""turkiye""]","[""director""]",true
Q3041530,Tamer Karadagli,Tamer Karadağlı (born 24 May 1967) is a Turkish actor.,"[""Tamer Karadagli"", ""Tamer Karadağlı"", ""tamer karadağlı"", ""tamer karadagli""]",Tamer Karadagli | Tamer Karadağlı | tamer karadağlı | tamer karadagli,"[""cinema"", ""people"", ""turkiye""]","[""cast_member""]",true
Q3054263,Engin Altan Düzyatan,Engin Altan Düzyatan (born 26 July 1979) is a Turkish actor best known for his role as ”Ertugrul”.,"[""Engin Altan Düzyatan"", ""engin altan"", ""engin altan duzyatan"", ""Engin Altan"", ""engin altan düzyatan"", ""Engin Altan Duzyatan""]",Engin Altan Düzyatan | engin altan | engin altan duzyatan | Engin Altan | engin altan düzyatan | Engin Altan Duzyatan,"[""cinema"", ""people"", ""turkiye""]","[""cast_member""]",true
Q3057408,erol gunaydin,"Erol Günaydın (April 16, 1933 – October 15, 2012) was a Turkish theater and film actor, as well as a renowned showman famous particularly for his portrayal of Nasreddin Hoca and his performances in the traditional Turkish meddah (one man shows).  In 1955 was played in Haldun Dormen Pocket Theater, ""The priest ran away"" from a professional actor began his career with the game. In theater since 1955 and in cinema since 1960, he recently celebrated his golden jubilee together with the fortieth anniversary of his marriage with spouse Güneş Günaydın, a native of Manisa, in company of his children, one of whom married into an Italian family.Erol Günaydın was born in Akçaabat, Trabzon Province, and became involved in theater while he was a student in Galatasaray High School. He played in a very varied range of plays and character roles in films since then and became nationally famous especially once he also started appearing in TV shows on a frequent basis, first as the Turkish voice of Yogi Bear, and then in his Nasreddin Hoca and meddah shows, with also a leading role in the very successful TV serial ""Çiçek Taxi"". He is one of the best known faces in Turkey's world of performing arts.His memoirs, put in writing in the form of long interview with the journalist Emine Algan, were published in 2007. He also voiced Carl Fredericksen in the Turkish dub of the 2009 Pixar film Up.","[""erol gunaydin"", ""erol günaydin"", ""erol guenaydin"", ""erol günaydın"", ""Erol Guenaydin"", ""Erol Gunaydin"", ""Erol Günaydin"", ""Erol Günaydın""]",erol gunaydin | erol günaydin | erol guenaydin | erol günaydın | Erol Guenaydin | Erol Gunaydin | Erol Günaydin | Erol Günaydın,"[""cinema"", ""people"", ""turkiye""]","[""cast_member""]",true
Q3057501,Ertem Egilmez,"Ertem Eğilmez (18 February 1929, Trabzon – 21 September 1989, Istanbul, Turkey) was a Turkish film director, producer and screenwriter. He is known as the name behind some of the most popular films in Turkish film history. Many of these were produced by his production company Arzu Film.","[""Ertem Egilmez"", ""ertem eğilmez"", ""Ertem Eğilmez"", ""ertem egilmez""]",Ertem Egilmez | ertem eğilmez | Ertem Eğilmez | ertem egilmez,"[""cinema"", ""people"", ""turkiye""]","[""director""]",true
Q3070476,Antalya Golden Orange Film Festival,"The Antalya Film Festival previously known as Antalya Golden Orange Film Festival (Turkish: Antalya Altın Portakal Film Festivali) is a film festival, held annually since 1963 in Antalya, is the most important film festival in Turkey. Since 2009, the event, which takes place in the autumn months at the Antalya Cultural Center (Antalya Kültür Merkezi, AKM), has  been organised solely by the Antalya Foundation for Culture and Arts (Antalya Kültür Sanat Vakfı, AKSAV) and has included an international section within the main body of the festival. The most recent edition of the festival was the 54th International Antalya Film Festival (October 21–27, 2017).","[""Antalya Golden Orange Film Festival"", ""Uluslararası Antalya Film Festivali"", ""Golden Orange Award for Best Film"", ""Antalya International Film Festival"", ""international antalya golden orange film festival"", ""Uluslararası Antalya Altın Portakal Film Festivali"", ""antalya golden orange film festival"", ""International Antalya Film Festival"", ""Golden orange"", ""antalya international film festival""]",Antalya Golden Orange Film Festival | Uluslararası Antalya Film Festivali | Golden Orange Award for Best Film | Antalya International Film Festival | international antalya golden orange film festival | Uluslararası Antalya Altın Portakal Film Festivali | antalya golden orange film festival | International Antalya Film Festival | Golden orange | antalya international film festival,"[""award"", ""cinema"", ""turkiye""]","[""award""]",true
Q3074376,ceyda ateş,Ceyda Ateş  (born 14 October 1988) is a Turkish actress.,"[""ceyda ateş"", ""Ceyda Ateş"", ""ceyda ates"", ""Ceyda Ates""]",ceyda ateş | Ceyda Ateş | ceyda ates | Ceyda Ates,"[""cinema"", ""people"", ""turkiye""]","[""cast_member""]",true
Q307737,Özcan Deniz,"Özcan Deniz (born 19 May 1972) is a Turkish actor, singer, composer, writer and director of Kurdish descent.","[""Özcan Deniz"", ""özcan deniz""]",Özcan Deniz | özcan deniz,"[""cinema"", ""people"", ""turkiye""]","[""director""]",true
Q307805,Özge Özberk,"Özge Özberk (born 13 August 1976) is a Turkish actress who has acted in many films, television series and plays.","[""Özge Özberk"", ""Ozge Ozberk"", ""ozge ozberk"", ""özge özberk""]",Özge Özberk | Ozge Ozberk | ozge ozberk | özge özberk,"[""cinema"", ""people"", ""turkiye""]","[""cast_member""]",true
Q307835,özgü namal,Özgü Namal (born 28 December 1978) is a Turkish actress.,"[""özgü namal"", ""Özgü Namal"", ""Ozgu Namal"", ""ozgu namal""]",özgü namal | Özgü Namal | Ozgu Namal | ozgu namal,"[""cinema"", ""people"", ""turkiye""]","[""cast_member""]",true
Q307906,Özkan Uğur/Comments,"Raif Özkan Uğur (born October 17, 1953) is a Turkish pop musician, member of the renowned band MFÖ and an actor.He was born as the 5th child of his family. He graduated Reşat Nuri Güntekin Primary School where he met and started playing mandolin. Afterwards, while he was studying in Fenerbahçe High School, he formed a band called  Atomikler and covered popular songs of the time.He started his career as a musician in the Şerif Yüzbaşıoğlu Orchestra as a bass guitarist. In 1971, Özkan joined Mazhar Alanson and Fuat Güner in the duo ""Kaygısızlar"" (""The Unworrieds"") The band was dissolved in 1972. Between 1972 and 1975, Özkan played Anatolian rock music with Barış Manço in his band Kurtalan Ekspres, in ""TER"" of Erkin Koray, ""Dostlar"" of Edip Akbayram, ""Kardaşlar"" of Seyhan Karabay and ""Dadaşlar"" of Ersen. In 1976, he left Anatolian rock music genre and joined the quintet ""İpucu"" led by the MFÖ trio. Özkan formed in 1978 the band ""Grup Karma"" with Galip Boransu and Cengiz Teoman. He is now playing in the group MFÖ (the three letters stand for the names of the three members: Mazhar Alanson, Fuat Güner, Özkan Uğur). While playing the bass guitar in MFÖ, he performs incredibly difficult vocals with his tenor timbre. He released ""Aynada"" (""In The Mirror"" in Turkish) single from DMC in 2016.He was also a judge in O Ses Türkiye (Turkish version of The Voice).","[""Özkan Uğur/Comments"", ""ozkan ugur"", ""özkan ugur"", ""Özkan Uğur"", ""özkan uğur/comments"", ""Ozkan Ugur"", ""özkan uğur"", ""Özkan Ugur""]",Özkan Uğur/Comments | ozkan ugur | özkan ugur | Özkan Uğur | özkan uğur/comments | Ozkan Ugur | özkan uğur | Özkan Ugur,"[""cinema"", ""people"", ""turkiye""]","[""cast_member""]",true
Q310947,"baldwin, stephen","Stephen Andrew Baldwin (born May 12, 1966) is an American actor, producer, and author. He has appeared in the films Born on the Fourth of July (1989), Posse (1993), Threesome (1994), The Usual Suspects (1995), Bio-Dome (1996), and The Flintstones in Viva Rock Vegas (2000). He also starred in the television series The Young Riders (1989–92), and as himself in the reality shows Celebrity Big Brother 7 (UK) and Celebrity Apprentice. In 2004, he directed Livin' It, a Christian-themed skateboarding DVD.","[""baldwin, stephen"", ""Steven Baldwin"", ""Stephen Baldwin"", ""stephen baldwin"", ""steven baldwin"", ""Baldwin, Stephen""]","baldwin, stephen | Steven Baldwin | Stephen Baldwin | stephen baldwin | steven baldwin | Baldwin, Stephen","[""cinema"", ""people"", ""turkiye""]","[""cast_member""]",true
Q3111250,turgut özatay,"Turgut Özatay (30 December 1927 – 26 June 2002) was a Turkish film actor. He appeared in 225 films between 1952 and 1998. He starred in the film The Broken Pots, which was entered into the 11th Berlin International Film Festival.","[""turgut özatay"", ""Turgut Özatay"", ""turgut ozatay"", ""Turgut Ozatay""]",turgut özatay | Turgut Özatay | turgut ozatay | Turgut Ozatay,"[""cinema"", ""people"", ""turkiye""]","[""cast_member""]",true
Q31193403,ayla (film),"Ayla: The Daughter of War (Turkish: Ayla) is a 2017 Turkish drama film directed by Can Ulkay. It was selected as the Turkish entry for the Best Foreign Language Film at the 90th Academy Awards, but it was not nominated.","[""ayla (film)"", ""Ayla The Daughter of War"", ""ayla the daughter of war"", ""ayla: the daughter of war"", ""Ayla: The Daughter of War"", ""Ayla (film)""]",ayla (film) | Ayla The Daughter of War | ayla the daughter of war | ayla: the daughter of war | Ayla: The Daughter of War | Ayla (film),"[""cinema"", ""film"", ""turkiye""]","[""film""]",true
Q3126013,halit akçatepe,"Halit Akçatepe (1 January 1938 – 31 March 2017) was a Turkish actor.Akçatepe  was born in Üsküdar in 1938, the son of Sitki Akçatepe. In 1943, he made his debut in the film Dertli Pınar at the age of  5 and made more appearances in other films in some child roles. Akçatepe completed his studies in Saint Benoit French High School. In 1956. he joined the army and stayed there for 1,5 years before returning to acting.Akçatepe became a household name for his parts in Ah Nerede Vah Nerede in 1960 and the films Yasak, Gündoğarken and Semaya baktım Seni Gördüm in 1963.  In 1975, he acted in Hababam Sınıfı and then later its sequels  Hababam Sınıfı Sınıfta Kaldı, Hababam Sınıfı Dokuz Doğuruyor and Hababam Sınıfı Tatilde.He died of Heart and respiratory failure in 2017.","[""halit akçatepe"", ""Halit Akçatepe"", ""halit akcatepe"", ""Halit Akcatepe""]",halit akçatepe | Halit Akçatepe | halit akcatepe | Halit Akcatepe,"[""cinema"", ""people"", ""turkiye""]","[""cast_member""]",true
Q3145038,The Inheritance (2012 film),Inheritance (French: Héritage) is a 2012 drama film directed by and starring Hiam Abbass in her feature film directorial debut. It premiered at the Venice Film Festival and Haifa International Film Festival.,"[""The Inheritance (2012 film)"", ""Inheritance (2012 film)"", ""the inheritance (2012 film)"", ""Héritage (film)"", ""inheritance (2012 film)"", ""héritage (film)""]",The Inheritance (2012 film) | Inheritance (2012 film) | the inheritance (2012 film) | Héritage (film) | inheritance (2012 film) | héritage (film),"[""cinema"", ""film"", ""turkiye""]","[""film"", ""film_seed""]",true
Q3157489,Jacky Nercessian,"Jacky Nercessian (or Nersessian (Armenian: Ժաքի Ներսեսյան), born November 16, 1950) is a French actor who is ethnically Armenian. One of his most known roles is Apkar in Mayrig by Henri Verneuil.","[""Jacky Nercessian"", ""jacky nercessian""]",Jacky Nercessian | jacky nercessian,"[""cinema"", ""people"", ""turkiye""]","[""cast_member""]",true
Q3176600,lütfi akad,"Ömer Lütfi Akad (2 September 1916 – 19 November 2011), was a Turkish film director, who directed movies from 1948 to 1974. In 1949, he debuted as a film director with Vurun Kahpeye (""Strike the Whore"") an adaptation of Halide Edip Adıvar's book of the same title. He became one of the pioneers of the period in the ""Director Generation"". The 1970s trilogy, The Bride; The Wedding; and The Sacrifice, is considered his masterpiece. Afterwards, he withdrew from movie making instead directing adaptations for TV.Ömer Lütfi Akad was born on September 2, 1916. Following his secondary education at French Jeanne d’Arc School and Galatasaray High School, he studied finance at Istanbul Economy and Commerce Higher School. Beside his occupation as financial advisor at Sema Film company, he wrote articles on theatre and cinema. After directing more than 100 movies, Ömer Lütfi Akad taught twenty years at the Mimar Sinan University of Fine Arts.He died on November 19, 2011 at the age of 95 in Istanbul.","[""lütfi akad"", ""lütfi o. akad"", ""Lütfi Akad"", ""Ömer Akad"", ""ömer lütfi akad"", ""Lutfi O. Akad"", ""Omer Lutfi Akad"", ""ömer akad"", ""omer lutfi akad"", ""Lütfi O. Akad""]",lütfi akad | lütfi o. akad | Lütfi Akad | Ömer Akad | ömer lütfi akad | Lutfi O. Akad | Omer Lutfi Akad | ömer akad | omer lutfi akad | Lütfi O. Akad,"[""cinema"", ""people"", ""turkiye""]","[""director""]",true
Q3200,Bruchmachtersen,"Salzgitter (German pronunciation: [zalt͡sˈɡɪtɐ] (listen))  is an independent city in southeast Lower Saxony, Germany, located between Hildesheim and Braunschweig. Together with Wolfsburg and Braunschweig, Salzgitter is one of the seven Oberzentren of Lower Saxony (roughly equivalent to a metropolitan area). With 101,079 inhabitants and 223.92 square kilometres (86.46 sq mi) (as of 31 December 2015), its area is the largest in Lower Saxony and one of the largest in Germany. Salzgitter originated as a conglomeration of several small towns and villages, and is today made up of 31 boroughs, which are relatively compact conurbations with wide stretches of open country between them. The main shopping street of the young city is in the borough of Lebenstedt, and the central business district is in the borough of Salzgitter-Bad. The city is connected to the Mittellandkanal and the Elbe Lateral Canal by a distributary. The nearest metropolises are Braunschweig, about 23 kilometres (14 miles) to the northeast, and Hanover, about 51 km (32 miles) to the northwest. The population of the City of Salzgitter has exceeded 100,000 inhabitants since its foundation in 1942 (which made it a city (Großstadt) in contrast to a town (Stadt) by the German definition), when it was still called Watenstedt-Salzgitter. Beside Wolfsburg, Leverkusen and Eisenhüttenstadt, Salzgitter is therefore one of the few cities in Germany founded during the 20th century.","[""Bruchmachtersen"", ""Watenstedt bei Salzgitter displaced persons camp"", ""Salzgitter-Bleckenstedt"", ""watenstedt bei salzgitter displaced persons camp"", ""Salzgitter-Lebenstedt"", ""salzgitter"", ""history of salzgitter"", ""salzgitter-lebenstedt"", ""watenstedt-salzgitter"", ""salzgitter, germany""]","Bruchmachtersen | Watenstedt bei Salzgitter displaced persons camp | Salzgitter-Bleckenstedt | watenstedt bei salzgitter displaced persons camp | Salzgitter-Lebenstedt | salzgitter | history of salzgitter | salzgitter-lebenstedt | watenstedt-salzgitter | salzgitter, germany","[""cinema"", ""turkiye""]","[""birth_place""]",true
Q3206830,Pandora'nın Kutusu,Pandora's Box (Turkish: Pandora'nın Kutusu) is a 2008 Turkish drama film directed by Yeşim Ustaoğlu.,"[""Pandora'nın Kutusu"", ""Pandoras Box (2008 film)"", ""pandoras box (2008 film)"", ""pandora's box (2008 film)"", ""Pandora's Box (2008 film)"", ""pandora'nın kutusu""]",Pandora'nın Kutusu | Pandoras Box (2008 film) | pandoras box (2008 film) | pandora's box (2008 film) | Pandora's Box (2008 film) | pandora'nın kutusu,"[""cinema"", ""film"", ""turkiye""]","[""film""]",true
Q325648,Duvara karşı,"Head-On (German: Gegen die Wand, literally Against the Wall; Turkish: Duvara Karşı) is a 2004 German-Turkish drama film written and directed by Fatih Akın.","[""Duvara karşı"", ""Gegen die Wand"", ""Head-On (film)"", ""duvara karsi"", ""Duvara Karsi"", ""duvara karşı"", ""Duvara karsi"", ""gegen die wand"", ""head-on (film)"", ""Head-On (2004 film)""]",Duvara karşı | Gegen die Wand | Head-On (film) | duvara karsi | Duvara Karsi | duvara karşı | Duvara karsi | gegen die wand | head-on (film) | Head-On (2004 film),"[""cinema"", ""film"", ""turkiye""]","[""film_seed""]",true
Q326339,Üsküdar,"Üsküdar (Turkish pronunciation: [ysˈcydaɾ]), traditionally known in Italian and English as Scutari (Skoutàrion, Σκουτάριον in Greek), is a large and densely populated district and municipality of Istanbul, Turkey, on the Anatolian shore of the Bosphorus. It is bordered on the north by Beykoz, on the east by Ümraniye, on the southeast by Ataşehir, on the south by Kadıköy, and on the west by the Bosphorus, with the areas of Beşiktaş, Beyoğlu, and Eminönü on the opposite shore. It is home to about half a million people. Üsküdar is also the usual name for the historic center of the municipality.","[""Üsküdar"", ""üsküdar"", ""Uskudar"", ""Üsküdar, İstanbul"", ""Uskuedar"", ""uskuedar"", ""uskudar"", ""üsküdar, i̇stanbul""]","Üsküdar | üsküdar | Uskudar | Üsküdar, İstanbul | Uskuedar | uskuedar | uskudar | üsküdar, i̇stanbul","[""cinema"", ""turkiye""]","[""birth_place""]",true
Q3275371,issiz adam,"Alone (Turkish: Issız Adam) is a 2008 Turkish film written and directed by Çağan Irmak. The movie has received widespread interest from the Turkish media and had an outstanding performance in the box-office. The film's Turkish title Issız Adam is a triple entendre, as it can mean ""Abandoned Man"", ""My Abandoned Island"", and ""My Lonely Ada"", Ada being the name of the female lead character.","[""issiz adam"", ""Issiz adam"", ""Alone (2008 film)"", ""issız adam"", ""The Desolate Man"", ""the desolate man"", ""alone (2008 film)"", ""Issız Adam""]",issiz adam | Issiz adam | Alone (2008 film) | issız adam | The Desolate Man | the desolate man | alone (2008 film) | Issız Adam,"[""cinema"", ""film"", ""turkiye""]","[""film""]",true
Q327852,journey to the sun,Journey to the Sun (Turkish: Güneşe Yolculuk) is a 1999 Turkish drama film written and directed by Yeşim Ustaoğlu. It was entered into the 49th Berlin International Film Festival where it won the Blue Angel Award.,"[""journey to the sun"", ""gunese yolculuk"", ""Journey to the Sun"", ""Güneşe Yolculuk"", ""Gunese Yolculuk"", ""güneşe yolculuk""]",journey to the sun | gunese yolculuk | Journey to the Sun | Güneşe Yolculuk | Gunese Yolculuk | güneşe yolculuk,"[""cinema"", ""film"", ""turkiye""]","[""film""]",true
Q3296846,demet evgar,"Demet Evgar (born 19 May 1980) is a Turkish actress known for her roles in feature films and TV series. She also pursues an active career as an actress in theatre where she had made her debut. She founded ""Pangar"", ""Hata Yapım Atölyesi"", ""Müşterek"", ""Multi Arts Production"".Evgar was born in Manisa in 1980. Her paternal family is of Albanian origin. While Ottoman Empire was collapsing, other part of her family is of Turkish descent who immigrated from Thessaloniki, Greece. Her brother is director, Yiğit Evgar.She played in ""1 Kadın 1 Erkek"" comedy series at 8 season. She played ""Kara Fatma"" (guest star) in Vatanım Sensin and now she is playing in the TV series Avlu.","[""demet evgar"", ""Demet Evgar""]",demet evgar | Demet Evgar,"[""cinema"", ""people"", ""turkiye""]","[""cast_member""]",true
Q33,republic of finland,"Finland (Finnish: Suomi [suo̯mi] (listen); Swedish: Finland [ˈfɪnland] (listen)), officially the Republic of Finland (Finnish: Suomen tasavalta, Swedish: Republiken Finland (listen to all)), is a Nordic country in Northern Europe bordering the Baltic Sea, Gulf of Bothnia, and Gulf of Finland, between Norway to the north, Sweden to the northwest, and Russia to the east. The capital and largest city is Helsinki. Other major cities are Espoo, Vantaa, Tampere, Oulu and Turku.Finland's population is 5.52 million (as of half of 2019), the majority of whom live in the central and south of the country and speak Finnish, a Uralic language unrelated to the Scandinavian languages. Finland is the eighth-largest country in Europe and the most sparsely populated country in the European Union. It is a parliamentary republic of 311 municipalities, and one autonomous region, the Åland Islands. Over 1.4 million people live in the Greater Helsinki metropolitan area, which produces one third of the country's GDP.Finland was inhabited when the last ice age ended, approximately 9000 BCE. The first settlers left behind artefacts that present characteristics shared with those found in Estonia, Russia, and Norway. The earliest people were hunter-gatherers, using stone tools. The first pottery appeared in 5200 BCE, when the Comb Ceramic culture was introduced. The arrival of the Corded Ware culture in southern coastal Finland between 3000 and 2500 BCE may have coincided with the start of agriculture. The Bronze Age and Iron Age were characterised by extensive contacts with other cultures in the Fennoscandian and Baltic regions and the sedentary farming inhabitation increased towards the end of Iron Age. At the time Finland had three main cultural areas – Southwest Finland, Tavastia and Karelia – as reflected in contemporary jewellery.From the late 13th century, Finland gradually became an integral part of Sweden through the Northern Crusades and the Swedish part-colonisation of coastal Finland, a legacy reflected in the prevalence of the Swedish language and its official status. In 1809, Finland was incorporated into the Russian Empire as the autonomous Grand Duchy of Finland. In 1906, Finland became the first European state to grant all adult citizens the right to vote, and the first in the world to give all adult citizens the right to run for public office.Following the 1917 Russian Revolution, Finland declared itself independent. In 1918, the fledgling state was divided by civil war, with the Bolshevik-leaning Red Guard, supported by Soviet Russia, fighting the White Guard, supported by the German Empire. After a brief attempt to establish a kingdom, the country became a republic. In World War II, Finland lost parts of Karelia, Salla, Kuusamo and Petsamo to the Soviet Union.Finland joined the United Nations in 1955 and adopted an official policy of neutrality. The Finno-Soviet Treaty of 1948 gave the Soviet Union some leverage in Finnish domestic politics during the Cold War. Finland joined the OECD in 1969, the NATO Partnership for Peace in 1994, the European Union in 1995, the Euro-Atlantic Partnership Council in 1997, and the Eurozone at its inception in 1999.Finland was a relative latecomer to industrialisation, remaining a largely agrarian country until the 1950s. After World War II, the Soviet Union demanded war reparations from Finland not only in money but also in material, such as ships and machinery. This forced Finland to industrialise. It rapidly developed an advanced economy while building an extensive welfare state based on the Nordic model, resulting in widespread prosperity and one of the highest per capita incomes in the world. Finland is a top performer in numerous metrics of national performance, including education, economic competitiveness, civil liberties, quality of life, and human development. In 2015, Finland was ranked first in the World Human Capital and the Press Freedom Index and as the most stable country in the world during 2011–2016 in the Fragile States Index, and second in the Global Gender Gap Report. It also ranked first on the World Happiness Report report for 2018 and 2019. A large majority of Finns are members of the Evangelical Lutheran Church, and freedom of religion is guaranteed under the Finnish Constitution.","[""republic of finland"", ""finlandia"", ""Northern Finland"", ""fin land"", ""Finlandia"", ""land of thousand lakes"", ""Suomen Tasavalta"", ""iso 3166-1:fi"", ""Suomen tasavalta"", ""etymology of finland""]",republic of finland | finlandia | Northern Finland | fin land | Finlandia | land of thousand lakes | Suomen Tasavalta | iso 3166-1:fi | Suomen tasavalta | etymology of finland,"[""cinema"", ""turkiye""]","[""turkey_neighbor""]",true
Q3306251,Meral Katı,"Meral Okay (Turkish pronunciation: [meˈɾal oˈkaj], née Katı; September 20, 1959 – April 9, 2012) was a Turkish actress, film producer and screenwriter.","[""Meral Katı"", ""Meral Okay"", ""meral katı"", ""meral okay""]",Meral Katı | Meral Okay | meral katı | meral okay,"[""cinema"", ""people"", ""turkiye""]","[""cast_member""]",true
Q3335501,namuslu,Namuslu is a 1984 Turkish drama film directed by Ertem Eğilmez.,"[""namuslu"", ""Namuslu""]",namuslu | Namuslu,"[""cinema"", ""film"", ""turkiye""]","[""film""]",true
Q3337865,Nejat İşler,Nejat İşler (born 29 February 1972) is a Turkish actor.,"[""Nejat İşler"", ""Nejat Isler"", ""nejat isler"", ""nejat i̇şler""]",Nejat İşler | Nejat Isler | nejat isler | nejat i̇şler,"[""cinema"", ""people"", ""turkiye""]","[""cast_member""]",true
Q3356874,Orestis Laskos,"Orestis Laskos (Greek: Ορέστης Λάσκος; 11 November 1907 – 17 October 1992) was a Greek film director, screenwriter and actor. He directed 55 films between 1931 and 1971. He also wrote scripts for 24 films between 1929 and 1971.","[""Orestis Laskos"", ""orestis laskos""]",Orestis Laskos | orestis laskos,"[""cinema"", ""people"", ""turkiye""]","[""director""]",true
Q339604,Dragan Micanovich,"Dragan ""Gagica"" Mićanović (Serbian: Драган Мићановић; born 30 September 1970) is a Serbian actor. International audiences probably best know him for his roles in the films Layer Cake (2004), The White Countess (2005) and RocknRolla (2008). Mićanović played his first role abroad in Hamlet at the Globe Theatre.","[""Dragan Micanovich"", ""Dragan Micanovic"", ""dragan micanovic"", ""Dragan micanovic"", ""dragan micanovich"", ""dragan mićanović"", ""Dragan Mićanović""]",Dragan Micanovich | Dragan Micanovic | dragan micanovic | Dragan micanovic | dragan micanovich | dragan mićanović | Dragan Mićanović,"[""cinema"", ""people"", ""turkiye""]","[""cast_member"", ""person_seed""]",true
Q34,p:sweden,"Sweden (Swedish: Sverige [ˈsværjɛ] (listen)), formal name: the Kingdom of Sweden (Swedish: Konungariket Sverige ), is a Scandinavian Nordic country in Northern Europe. It borders Norway to the west and north and Finland to the east, and is connected to Denmark in the southwest by a bridge-tunnel across the Öresund, a strait at the Swedish-Danish border. At 450,295 square kilometres (173,860 sq mi), Sweden is the largest country in Northern Europe, the third-largest country in the European Union and the fifth largest country in Europe by area. Sweden has a total population of 10.3 million of which 2.5 million have a foreign background. It has a low population density of 22 inhabitants per square kilometre (57/sq mi). The highest concentration is in the central and southern half of the country.Sweden is part of the geographical area of Fennoscandia. The climate is in general very mild for its northerly latitude due to significant maritime influence. In spite of the high latitude, Sweden often has warm continental summers, being located in between the North Atlantic, the Baltic Sea and the vast Eurasian Russian landmass. The general climate and environment varies significantly from the south and north due to the vast latitudal difference and much of Sweden has reliably cold and snowy winters. It also has a vast coastline with many offshore islands, many lakes, a large proportion of the country covered by forests and includes a portion of the Scandinavian Mountains.Germanic peoples have inhabited Sweden since prehistoric times, emerging into history as the Geats (Swedish Götar) and Swedes (Svear) and constituting the sea peoples known as the Norsemen. Southern Sweden is predominantly agricultural, while the north is heavily forested.  Today,  the sovereign state of Sweden is a constitutional monarchy and parliamentary democracy, with a monarch as head of state, like its neighbour Norway. The capital city is Stockholm, which is also the most populous city in the country. Legislative power is vested in the 349-member unicameral Riksdag. Executive power is exercised by the government chaired by the prime minister. Sweden is a unitary state, currently divided into 21 counties and 290 municipalities.An independent Swedish state emerged during the early 12th century. After the Black Death in the middle of the 14th century killed about a third of the Scandinavian population, the Hanseatic League threatened Scandinavia's culture, finances and languages. This led to the forming of the Scandinavian Kalmar Union in 1397, which Sweden left in 1523. When Sweden became involved in the Thirty Years War on the Reformist side, an expansion of its territories began and eventually the Swedish Empire was formed. This became one of the great powers of Europe until the early 18th century. Swedish territories outside the Scandinavian Peninsula were gradually lost during the 18th and 19th centuries, ending with the annexation of present-day Finland by Russia in 1809. The last war in which Sweden was directly involved was in 1814, when Norway was militarily forced into personal union. Since then, Sweden has been at peace, maintaining an official policy of neutrality in foreign affairs. The union with Norway was peacefully dissolved in 1905. Sweden was formally neutral through both world wars and the Cold War, albeit Sweden has since 2009 openly moved towards cooperation with NATO. Sweden has close relations to its Nordic neighbours, including linguistically, with the Swedish language being an official language in Finland and Swedish also being mutually intelligible with Danish and Norwegian.After the end of the Cold War, Sweden joined the European Union (EU) on 1 January 1995, but declined NATO membership, as well as Eurozone (EZ) membership following a referendum. It is also a member of the United Nations, the Nordic Council, the Council of Europe, the World Trade Organization and the Organisation for Economic Co-operation and Development (OECD). Sweden maintains a Nordic social welfare system that provides universal health care and tertiary education for its citizens. It has the world's eleventh-highest per capita income and ranks highly in numerous metrics of national performance, including quality of life, health, education, protection of civil liberties, economic competitiveness, equality, prosperity and human development.","[""p:sweden"", ""Climate of Sweden"", ""Swedish realm"", ""swedish sin"", ""Sveringes"", ""swedish realm"", ""Mainland Sweden"", ""schweden"", ""sverige"", ""Sverige""]",p:sweden | Climate of Sweden | Swedish realm | swedish sin | Sveringes | swedish realm | Mainland Sweden | schweden | sverige | Sverige,"[""cinema"", ""turkiye""]","[""turkey_neighbor""]",true
Q3405087,nihat nikerel,"Nihat Nikerel (05 February 1950 – 26 September 2009) was a Turkish actor, best known for his role in the crime drama series Kurtlar Vadisi.","[""nihat nikerel"", ""Nihat Nikerel""]",nihat nikerel | Nihat Nikerel,"[""cinema"", ""people"", ""turkiye""]","[""cast_member""]",true
Q343040,Ali Sen,"Ali Şen (1918 in Adana, Adana Vilayet, Ottoman Empire – 15 December 1989 in Istanbul, Turkey) was a Turkish actor, father of the actor Şener Şen. He played many roles both as good guy and bad guy.","[""Ali Sen"", ""ali şen"", ""ali sen"", ""Ali Şen""]",Ali Sen | ali şen | ali sen | Ali Şen,"[""cinema"", ""people"", ""turkiye""]","[""cast_member""]",true
Q3434403,asli tandogan,"Aslı Tandoğan (born 2 April 1979) is a Turkish actress and professional harpist. Tandoğan graduated from Hacettepe University Music Conservatory. First, she chose violin at conservatory for a year, then she chose harp. She later joined Antalya Symphony Orchestra. She founded ""Bana Göz Kulak Ol"" with Özge Özder. Her father and aunt are ballet dancers. She can play wing-chun, archery, diving, climbing, tennis, horse riding, ski.Tandoğan is best known for starring as one of the main characters, Lamia, in the Turkish television series, Dudaktan Kalbe (""From the Lips to the Heart"" ). She also co-starred in the movie Kabadayı as Karaca.","[""asli tandogan"", ""aslı tandoğan"", ""Asli Tandogan"", ""Aslı Tandoğan""]",asli tandogan | aslı tandoğan | Asli Tandogan | Aslı Tandoğan,"[""cinema"", ""people"", ""turkiye""]","[""cast_member""]",true
Q3446800,cemal hunal,"Cemal Hünal (born 2 October 1976) is a Turkish actor.He studied at Saint Benoit French High School and went on to study theatre and acting at Santa Monica College, UCLA and London Film School.In late 2010s, he acted in Romantic Comedy, and also in Çağan Irmak's films Ulak and Issız Adam.","[""cemal hunal"", ""cemal hünal"", ""Cemal Hünal"", ""Cemal Hunal""]",cemal hunal | cemal hünal | Cemal Hünal | Cemal Hunal,"[""cinema"", ""people"", ""turkiye""]","[""cast_member""]",true
Q3446835,baris falay,Barış Falay (born 9 April 1972) is a Turkish actor.,"[""baris falay"", ""barış falay"", ""Baris Falay"", ""Barış Falay""]",baris falay | barış falay | Baris Falay | Barış Falay,"[""cinema"", ""people"", ""turkiye""]","[""cast_member""]",true
Q3446906,çetin tekindor,Çetin Tekindor (born 16 July 1945) is a Turkish actor.,"[""çetin tekindor"", ""Cetin Tekindor"", ""cetin tekindor"", ""Çetin Tekindor""]",çetin tekindor | Cetin Tekindor | cetin tekindor | Çetin Tekindor,"[""cinema"", ""people"", ""turkiye""]","[""cast_member""]",true
Q3447475,Vahide Percin,"Vahide Perçin (born 13 June 1965) is a Turkish actress and television personality. She was credited for a number of years by her married name ""Vahide Gördüm"", but after divorcing, she went back to her birth name.","[""Vahide Percin"", ""vahide percin"", ""Vahide Perçin"", ""vahide perçin"", ""Vahide Gordum"", ""vahide gordum"", ""vahide gördüm"", ""Vahide Gördüm""]",Vahide Percin | vahide percin | Vahide Perçin | vahide perçin | Vahide Gordum | vahide gordum | vahide gördüm | Vahide Gördüm,"[""cinema"", ""people"", ""turkiye""]","[""cast_member""]",true
Q3459778,10 to 11,"10 to 11 (Turkish: 11'e 10 kala) is a 2009 Turkish drama film directed by Pelin Esmer.The film, loosely based on the story of Esmer’s uncle, Mithat Esmer, who also plays the leading role, follows an elderly collector in İstanbul who lives in a rundown apartment building that is under threat of demolition.","[""10 to 11"", ""11'e 10 kala"", ""10'e 10 kala"", ""11'e 10 Kala""]",10 to 11 | 11'e 10 kala | 10'e 10 kala | 11'e 10 Kala,"[""cinema"", ""film"", ""turkiye""]","[""film""]",true
Q3472837,istanbul tales,"Istanbul Tales (Turkish: Anlat İstanbul) is a 2005 Turkish drama-anthology film, directed by Selim Demirdelen, Kudret Sabancı, Ümit Ünal, Yücel Yolcu and Ömür Atay  , which tells five interconnected stories set in modern-day Istanbul based on the fairytales Snow White, Cinderella, Pied Piper, Sleeping Beauty and Little Red Riding Hood. The film, which went on nationwide general release on 11 March 2005, won several awards including Best Film at the 24th International Istanbul Film Festival.","[""istanbul tales"", ""anlat i̇stanbul"", ""Anlat istanbul"", ""Anlat Istanbul"", ""anlat istanbul"", ""Istanbul tales"", ""Istanbul Tales"", ""Anlat İstanbul""]",istanbul tales | anlat i̇stanbul | Anlat istanbul | Anlat Istanbul | anlat istanbul | Istanbul tales | Istanbul Tales | Anlat İstanbul,"[""cinema"", ""film"", ""turkiye""]","[""film"", ""film_seed""]",true
Q35,Dennmark,"Denmark (Danish: Danmark, pronounced [ˈtænmak] (listen)), officially the Kingdom of Denmark, is a sovereign state in Northern Europe. Denmark proper consists of a peninsula, Jutland, and an archipelago of 443 named islands, with the largest being Zealand, Funen and the North Jutlandic Island. The islands are characterised by flat, arable land and sandy coasts, low elevation and a temperate climate. The southernmost of the Scandinavian nations, Denmark lies southwest of Sweden and south of Norway, and is bordered to the south by Germany. The Kingdom of Denmark also comprises two autonomous constituent countries in the North Atlantic Ocean: the Faroe Islands and Greenland. Denmark has a total area of 42,924 km2 (16,573 sq mi), land area of 42,394 km2 (16,368 sq mi), and the total area including Greenland and the Faroe Islands is 2,210,579 km2 (853,509 sq mi), and a population of 5.8 million (as of 2018).The unified kingdom of Denmark emerged in the 10th century as a proficient seafaring nation in the struggle for control of the Baltic Sea. Denmark, Sweden, and Norway were ruled together under one sovereign ruler in the Kalmar Union, established in 1397 and ending with Swedish secession in 1523. The areas of Denmark and Norway remained under the same monarch until 1814, Denmark–Norway. Beginning in the 17th century, there were several devastating wars with the Swedish Empire, ending with large cessions of territory to Sweden. After the Napoleonic Wars, Norway was ceded to Sweden, while Denmark kept the Faroe Islands, Greenland, and Iceland. In the 19th century there was a surge of nationalist movements, which were defeated in the 1864 Second Schleswig War. Denmark remained neutral during World War I. In April 1940, a German invasion saw brief military skirmishes while the Danish resistance movement was active from 1943 until the German surrender in May 1945. An industrialised exporter of agricultural produce in the second half of the 19th century, Denmark introduced social and labour-market reforms in the early 20th century that created the basis for the present welfare state model with a highly developed mixed economy.The Constitution of Denmark was signed on 5 June 1849, ending the absolute monarchy, which had begun in 1660. It establishes a constitutional monarchy organised as a parliamentary democracy. The government and national parliament are seated in Copenhagen, the nation's capital, largest city, and main commercial centre. Denmark exercises hegemonic influence in the Danish Realm, devolving powers to handle internal affairs. Home rule was established in the Faroe Islandsin 1948; in Greenland home rule was established in 1979 and further autonomy in 2009. Denmark became a member of the European Economic Community (now the EU) in 1973, but negotiated certain opt-outs; it retains its own currency, the krone. It is among the founding members of NATO, the Nordic Council, the OECD, OSCE, and the United Nations; it is also part of the Schengen Area. Denmark has close ties to its Scandinavian neighbours also linguistically, with the Danish language being partially mutually intelligible with both Norwegian and Swedish.Denmark is considered to be one of the most economically and socially developed countries in the world. Danes enjoy a high standard of living and the country ranks highly in some metrics of national performance, including education, health care, protection of civil liberties, democratic governance, prosperity, and human development. The country ranks as having the world's highest social mobility, a high  level of income equality, has the lowest perceived level of corruption in the world, the eleventh-most developed in the world, has one of the world's highest per capita incomes, and one of the world's highest personal income tax rates.","[""Dennmark"", ""Daneland"", ""denmark/"", ""countries of denmark"", ""danmork"", ""denmarke"", ""Media in Denmark"", ""Administrative divisions of denmark"", ""denmakr"", ""Countries of the Kingdom of Denmark""]",Dennmark | Daneland | denmark/ | countries of denmark | danmork | denmarke | Media in Denmark | Administrative divisions of denmark | denmakr | Countries of the Kingdom of Denmark,"[""cinema"", ""geography"", ""turkiye""]","[""country""]",true
Q3552827,Ugur Polat,Uğur Polat (born 1 January 1961 in Istanbul) is a Turkish actor.He was a theatre student at the Istanbul University national conservatory. He later joined the Ankara Art Theatre (Ankara Sanat Tiyatrosu). His first film was Mist in 1988 in which he played the role of Erol.,"[""Ugur Polat"", ""ugur polat"", ""Uğur Polat"", ""uğur polat""]",Ugur Polat | ugur polat | Uğur Polat | uğur polat,"[""cinema"", ""people"", ""turkiye""]","[""cast_member""]",true
Q3561666,white fire,"White Fire (also known as Vivre Pour Survivre and Le Diamant) is a 1984 French-American-Italian-Turkish thriller film by Jean-Marie Pallardy. It stars Robert Ginty, Fred Williamson, Gordon Mitchell and Jess Hahn. The title song of the film is White Fire, sung by rock group Limelight.It is consider by fans of ""so bad it is good"" movies genre as one of the worst film ever made.","[""white fire"", ""White Fire"", ""White fire"", ""whitefire"", ""Whitefire""]",white fire | White Fire | White fire | whitefire | Whitefire,"[""cinema"", ""film"", ""turkiye""]","[""film"", ""film_seed""]",true
Q357260,Adile Nasit,"Adile Naşit (17 June 1930 – 11 December 1987) was a Turkish actress, who is best known for being the partner of Münir Özkul in movies like Happy Days and in Hababam Sınıfı (Hababam Class). She also starred in many plays, movies, and a children's programme called Uykudan Önce (Before Sleep) as a storyteller.","[""Adile Nasit"", ""Adile Naşit"", ""adile naşit"", ""adile nasit""]",Adile Nasit | Adile Naşit | adile naşit | adile nasit,"[""cinema"", ""people"", ""turkiye""]","[""cast_member""]",true
Q3574282,yıldız kenter,"Yıldız Kenter (born 11 October 1928) is a Turkish actress and lecturer, who is of English descent from her maternal side.[1]","[""yıldız kenter"", ""Yıldız Kenter"", ""yildiz kenter"", ""Yildiz Kenter""]",yıldız kenter | Yıldız Kenter | yildiz kenter | Yildiz Kenter,"[""cinema"", ""people"", ""turkiye""]","[""cast_member"", ""person_seed""]",true
Q35765,"Ôsaka, Ôsaka","Osaka (Japanese: 大阪市, Hepburn: Ōsaka-shi, pronounced [oːsakaɕi]; commonly just 大阪, Ōsaka [oːsaka] (listen)) is a designated city in the Kansai region of Japan. It is the capital city of Osaka Prefecture and the largest component of the Keihanshin Metropolitan Area, the second largest metropolitan area in Japan and among the largest in the world with over 19 million inhabitants.Osaka was traditionally considered Japan's economic hub. By the Kofun period (300–538) it had developed into an important regional port, and in the 7th and 8th centuries it served briefly as the imperial capital. Osaka continued to flourish during the Edo period (1603–1867) and became known as a center of Japanese culture. Following the Meiji Restoration, Osaka greatly expanded in size and underwent rapid industrialization. In 1889, Osaka was officially established as a municipality.Today's Osaka is a major financial center of Japan. It is home to the Osaka Securities Exchange and the multinational electronics corporation Panasonic. Landmarks in Osaka include Osaka Castle and Shitennō-ji.","[""Ôsaka, Ôsaka"", ""Naniwa-no-miya"", ""osaka city"", ""history of osaka"", ""ōsaka, osaka"", ""Ohsaka, Ohsaka"", ""õsaka, õsaka"", ""osaka, osaka"", ""Õsaka, Õsaka"", ""Osaka, Osaka""]","Ôsaka, Ôsaka | Naniwa-no-miya | osaka city | history of osaka | ōsaka, osaka | Ohsaka, Ohsaka | õsaka, õsaka | osaka, osaka | Õsaka, Õsaka | Osaka, Osaka","[""cinema"", ""turkiye""]","[""birth_place""]",true
Q35997,"ismir, turkey","İzmir (Turkish pronunciation: [ˈizmiɾ]) is a metropolitan city in the western extremity of Anatolia. It is the third most populous city in Turkey, after Istanbul and Ankara, and the second largest metropolitan area on the Aegean Sea after Athens, Greece. In 2018, the city of İzmir had a population of 2,947,000, while İzmir Province had a total population of 4,320,519. İzmir's metropolitan area extends along the outlying waters of the Gulf of İzmir and inland to the north across the Gediz River delta; to the east along an alluvial plain created by several small streams; and to slightly more rugged terrain in the south.In classical antiquity the city was known as Smyrna, a name which remained in use in English and other foreign languages until the Turkish Postal Service Law (Posta Hizmet Kanunu) of 28 March 1930 came into effect, which sought to make the Turkish name İzmir the internationally recognized name of the city in most languages. However, the historic name Smyrna is still used today in some languages, such as Greek (Σμύρνη, Smýrnē), Armenian (Զմյուռնիա, Zmyurnia), Italian (Smirne), and Spanish (Esmirna). İzmir and Smyrna have more than 3,000 years of recorded urban history, and up to 8,500 years of history as a human settlement since the Neolithic period. Lying on an advantageous location at the head of a gulf running down in a deep indentation, midway along the western Anatolian coast, it has been one of the principal mercantile cities of the Mediterranean Sea for much of its history. İzmir hosted the Mediterranean Games in 1971 and the World University Games (Universiade) in 2005.The city of İzmir is composed of several metropolitan districts. Of these, the district of Konak corresponds to historical İzmir, with this district's area having constituted the city's central ""İzmir Municipality"" (Turkish: İzmir Belediyesi) until 1984. With the formation of the ""İzmir Metropolitan Municipality"" (Turkish: İzmir Büyükşehir Belediyesi), the city of İzmir grouped together its eleven (initially nine) urban districts – namely Balçova, Bayraklı, Bornova, Buca, Çiğli, Gaziemir, Güzelbahçe, Karabağlar, Karşıyaka, Konak, and Narlıdere – and consolidated them with the province's additional districts outside the city proper, extending from Bergama in the north to Selçuk in the south, bringing the total number of districts considered part of İzmir's metropolitan area to thirty.","[""ismir, turkey"", ""Ismir, Turkey"", ""Jzmir"", ""Adıyamanı düzeltin izmir yapın"", ""İzmir city"", ""un/locode:trizm"", ""İzmir Derby"", ""i̇zmir, turkey"", ""Izmir"", ""UN/LOCODE:TRIZM""]","ismir, turkey | Ismir, Turkey | Jzmir | Adıyamanı düzeltin izmir yapın | İzmir city | un/locode:trizm | İzmir Derby | i̇zmir, turkey | Izmir | UN/LOCODE:TRIZM","[""cinema"", ""turkiye""]","[""birth_place""]",true
Q3616,"Tehran, Iran","Tehran (; Persian: تهران‎ Tehrân [tehˈɾɒːn] (listen)) is the capital of Iran and Tehran Province. With a population of around 8.7 million in the city and 15 million in the larger metropolitan area of Greater Tehran, Tehran is the most populous city in Iran and Western Asia, and has the second-largest metropolitan area in the Middle East. It is ranked 24th in the world by the population of its metropolitan area.In the Classical era, part of the territory of present-day Tehran was occupied by Rhages, a prominent Median city. It was subject to destruction through the medieval Arab, Turkic, and Mongol invasions. Its modern-day inheritor remains as an urban area absorbed into the metropolitan area of Greater Tehran.Tehran was first chosen as the capital of Iran by Agha Mohammad Khan of the Qajar dynasty in 1796, in order to remain within close reach of Iran's territories in the Caucasus, before being separated from Iran as a result of the Russo-Iranian Wars, and to avoid the vying factions of the previously ruling Iranian dynasties. The capital has been moved several times throughout the history, and Tehran is the 32nd national capital of Iran. Large scale demolition and rebuilding began in the 1920s, and Tehran has been a destination for mass migrations from all over Iran since the 20th century.Tehran is home to many historical collections, including the royal complexes of Golestan, Sa'dabad, and Niavaran, where the two last dynasties of the former Imperial State of Iran were seated. Tehran's most famous landmarks include the Azadi Tower, a memorial built under the reign of Mohammad Reza Shah of the Pahlavi dynasty in 1971 to mark the 2,500th year of the foundation of the Imperial State of Iran, and the Milad Tower, the world's sixth-tallest self-supporting tower which was completed in 2007. The Tabiat Bridge, a newly-built landmark, was completed in 2014.The majority of the population of Tehran are Persian-speaking people, and roughly 99% of the population understand and speak Persian, but there are large populations of other ethno-linguistic groups who live in Tehran and speak Persian as a second language.Tehran has an international airport (Imam Khomeini Airport), a domestic airport (Mehrabad Airport), a central railway station, the rapid transit system of Tehran Metro, a bus rapid transit system, trolleybuses, and a large network of highways.There have been plans to relocate Iran's capital from Tehran to another area, due mainly to air pollution and the city's exposure to earthquakes. To date, no definitive plans have been approved. A 2016 survey of 230 cities by consultant Mercer ranked Tehran 203rd for quality of life. According to the Global Destinations Cities Index in 2016, Tehran is among the top ten fastest growing destinations.October 6 is marked as Tehran Day based on a 2016 decision by members of the City Council, celebrating the day when the city was officially chosen as the capital of Iran by the Qajar dynasty back in 1907.","[""Tehran, Iran"", ""tehran"", ""tehrān, iran"", ""north tehran"", ""history of tehran"", ""Tehran city"", ""تهران‎"", ""tehran city"", ""tehran, iran"", ""Tehran Office Tower""]","Tehran, Iran | tehran | tehrān, iran | north tehran | history of tehran | Tehran city | تهران‎ | tehran city | tehran, iran | Tehran Office Tower","[""cinema"", ""turkiye""]","[""birth_place""]",true
Q3623884,serhat tutumluer,Serhat Tutumluer (born 29 June 1972) is a Turkish actor born in Eskişehir.,"[""serhat tutumluer"", ""Serhat Tutumluer""]",serhat tutumluer | Serhat Tutumluer,"[""cinema"", ""people"", ""turkiye""]","[""cast_member""]",true
Q3624103,Şevket Çoruh,"Şevket Çoruh (born June 30, 1973) is a Turkish actor best known as for his roles in İnşaat, Anlat İstanbul, Arka Sokaklar, Gönül, Yılan Hikayesi, Çiçek Taksi. He graduated from Müjdat Gezen Art Center, which is one of the biggest private Turkish dance and theater education institutions. He has taken a role in the second comedy film series of Çakallarla Dans (in English: Dancing with Justice) in mid-2012. He also played roles in other comedy series hasn't yet gotten well known nationally, but has been popular in some circles around Istanbul.","[""Şevket Çoruh"", ""Sevket Coruh"", ""şevket çoruh"", ""Sevket Çoruh"", ""sevket çoruh"", ""sevket coruh""]",Şevket Çoruh | Sevket Coruh | şevket çoruh | Sevket Çoruh | sevket çoruh | sevket coruh,"[""cinema"", ""people"", ""turkiye""]","[""cast_member""]",true
Q3624123,Asli Enver,"Aslı Enver (born 10 May 1984) is a Turkish actress. She is best known for her roles in several TV series including as Mine in Kavak Yelleri, as Ahu Kumral in Suskunlar and as Süreyya in İstanbullu Gelin. She is also known for her roles in Kayıp, Bana Artık Hicran De, Kardeşim Benim, and Tamam mıyız?.","[""Asli Enver"", ""asli enver"", ""aslı enver"", ""Aslı Enver""]",Asli Enver | asli enver | aslı enver | Aslı Enver,"[""cinema"", ""people"", ""turkiye""]","[""cast_member""]",true
Q3624380,Sinem Kobal,Sinem Kobal (born 14 August 1987) is a Turkish television and film actress.,"[""Sinem Kobal"", ""sinem kobal""]",Sinem Kobal | sinem kobal,"[""cinema"", ""people"", ""turkiye""]","[""cast_member""]",true
Q3640,"Angora, Turkey","Ankara (, also US: , Turkish: [ˈaŋkaɾa] (listen)), historically known as Ancyra () and Angora (, also US: ), is the capital of Turkey. With a population of 4,587,558 in the urban center (2014) and 5,150,072 in its province (2015), it is Turkey's second largest city after Istanbul (the former imperial capital), having outranked İzmir in the 20th century.On 23 April 1920 the Grand National Assembly of Turkey was established in Ankara, which became the headquarters of Atatürk and the Turkish National Movement during the Turkish War of Independence. Ankara became the new Turkish capital upon the establishment of the Republic on 29 October 1923, succeeding in this role the former Turkish capital Istanbul (Constantinople) following the fall of the Ottoman Empire. The government is a prominent employer, but Ankara is also an important commercial and industrial city, located at the center of Turkey's road and railway networks. The city gave its name to the Angora wool shorn from Angora rabbits, the long-haired Angora goat (the source of mohair), and the Angora cat. The area is also known for its pears, honey and muscat grapes. Although situated in one of the driest places of Turkey and surrounded mostly by steppe vegetation except for the forested areas on the southern periphery, Ankara can be considered a green city in terms of green areas per inhabitant, at 72 square metres (775 square feet) per head.Ankara is a very old city with various Hittite, Phrygian, Hellenistic, Roman, Byzantine, and Ottoman archaeological sites. The historical center of town is a rocky hill rising 150 m (500 ft) over the left bank of the Ankara Çayı, a tributary of the Sakarya River, the classical Sangarius. The hill remains crowned by the ruins of the old citadel. Although few of its outworks have survived, there are well-preserved examples of Roman and Ottoman architecture throughout the city, the most remarkable being the 20 BC Temple of Augustus and Rome that boasts the Monumentum Ancyranum, the inscription recording the Res Gestae Divi Augusti.","[""Angora, Turkey"", ""Ankara Metropolitan Municipality"", ""ancyra of the armenians"", ""Engürü"", ""ancyra of the romans"", ""enguru"", ""Ancyra of the Romans"", ""Ankara"", ""ego ankara"", ""engürü""]","Angora, Turkey | Ankara Metropolitan Municipality | ancyra of the armenians | Engürü | ancyra of the romans | enguru | Ancyra of the Romans | Ankara | ego ankara | engürü","[""cinema"", ""turkiye""]","[""birth_place""]",true
Q3656276,Talat Bulut,Talat Bulut (born 23 March 1956) is a Turkish actor. He has appeared in more than twenty films since 1980.,"[""Talat Bulut"", ""talat bulut""]",Talat Bulut | talat bulut,"[""cinema"", ""people"", ""turkiye""]","[""cast_member""]",true
Q366685,tuncel kurtiz,"Tuncel Tayanç Kurtiz (1 February 1936 – 27 September 2013) was a Turkish theatre, movie and TV series actor, playwright, and film director Since 1964, he acted in more than 70 movies, including many international productions.","[""tuncel kurtiz"", ""Kurtiz"", ""kurtiz"", ""Tuncel Kurtiz""]",tuncel kurtiz | Kurtiz | kurtiz | Tuncel Kurtiz,"[""cinema"", ""people"", ""turkiye""]","[""person_seed""]",true
Q3711,Belgrado,"Belgrade ( BEL-grayd; Serbian: Beograd / Београд, lit. 'White City', pronounced [beǒɡrad] (listen); names in other languages) is the capital and largest city of Serbia. It is located at the confluence of the Sava and Danube rivers and the crossroads of the Pannonian Plain and the Balkan Peninsula. The urban area of Belgrade has a population of 1.23 million, while within administrative limits of the City of Belgrade (which encompasses almost all of its metropolitan area) live nearly 1.7 million people, a quarter of total population of Serbia.One of the most important prehistoric cultures of Europe, the Vinča culture, evolved within the Belgrade area in the 6th millennium BC. In antiquity, Thraco–Dacians inhabited the region and, after 279 BC, Celts settled the city, naming it Singidūn. It was conquered by the Romans under the reign of Augustus and awarded Roman city rights in the mid-2nd century. It was settled by the Slavs in the 520s, and changed hands several times between the Byzantine Empire, the Frankish Empire, the Bulgarian Empire and the Kingdom of Hungary before it became the seat of the Serbian king Stefan Dragutin in 1284. In 1521, Belgrade was conquered by the Ottoman Empire and became the seat of the Sanjak of Smederevo. It frequently passed from Ottoman to Habsburg rule, which saw the destruction of most of the city during the Austro-Ottoman wars. Belgrade was again named the capital of Serbia in 1841. Northern Belgrade remained the southernmost Habsburg post until 1918, when the city was reunited. In a fatally strategic position, the city was battled over in 115 wars and razed 44 times. Belgrade was the capital of Yugoslavia from its creation in 1918 to its dissolution in 2006.Being Serbia's primate city, Belgrade has special administrative status within Serbia It is the seat of the central government, administrative bodies, and government ministries, as well as home of almost all of the largest Serbian companies, media, and scientific institutions. Belgrade is classified as a Beta-Global City.","[""Belgrado"", ""Nandorfehervar"", ""Capital of Serbia"", ""Prinzeugenstadt"", ""Bgd"", ""capital of yugoslavia"", ""Geography of Belgrade"", ""nandorfehervar"", ""Beograd"", ""belgrado""]",Belgrado | Nandorfehervar | Capital of Serbia | Prinzeugenstadt | Bgd | capital of yugoslavia | Geography of Belgrade | nandorfehervar | Beograd | belgrado,"[""cinema"", ""turkiye""]","[""birth_place""]",true
Q373424,Saadet Aksoy,"Saadet Aksoy, also known as Saadet Işıl Aksoy (born 29 August 1983) is a Turkish-born actress, who received critical acclaim with her portrayal of Aska, a red-haired punk trumpet player in Italian actor-director Sergio Castellitto's film Twice Born, in which she co-starred with Penélope Cruz and Emile Hirsch. Christy Lemire described her as ""the striking Saadet Aksoy"" in her Twice Born review, and film critic David Rooney stated, ""Saadet Aksoy brings a subdued fieriness to her scenes as a Bosnian woman"" in The Hollywood Reporter. In his article on Variety, Boyd Van Hoeij wrote, ""Turkish thesp Saadet Aksoy impresses in a supporting role as a spunky Yugoslav local."" about her performance in Twice Born.Sergio Castellitto explained his first encounter with Aksoy in an article on Vogue Turkey with these words: ""Saadet, the first time I met you it was through the internet. I had accidentally 'fallen' on a movie trailer. I actually don’t remember anything of that trailer, of that movie. Yet I remember that I saw a woman turning her head abruptly to the camera, her blue eyes burning everything in that framing, blasting the reverse shot.""Her recent performance as Remziye in the 2018 movie Saf was described on Filmuforia as ""SAF is carried forward by the sheer brilliance of Saadet Isil Aksoy whose Remziye acts in an enlightened and humanitarian way when the chips are down."" In his article about Saf on The Film Stage, Jared Mobarak wrote: ""Aksoy carries the rest of the film through an authentic progression from indignation to shame and ultimately to clarity.Saadet Aksoy has been in the juries of such film festivals as Cairo International Film Festival, Sarajevo Film Festival and Istanbul Film Festival. She became the spokesperson for L'Oreal Paris in Turkey in the year 2013.","[""Saadet Aksoy"", ""Saadet Isil Aksoy"", ""saadet işıl aksoy"", ""Saadet Işıl Aksoy"", ""Saadet aksoy"", ""saadet aksoy"", ""saadet isil aksoy""]",Saadet Aksoy | Saadet Isil Aksoy | saadet işıl aksoy | Saadet Işıl Aksoy | Saadet aksoy | saadet aksoy | saadet isil aksoy,"[""cinema"", ""people"", ""turkiye""]","[""cast_member""]",true
Q374415,kartal tibet,"Kartal Tibet (born 27 March 1938) is a Turkish actor and film director. Some of his famous films include Ölmeyen Aşk, Dağlar Kızı, Senede Bir Gün, Sultan, Zübük, Gol Kralı, and Şalvar Davası. Tibet is also known for his action roles, especially that of the title series.","[""kartal tibet"", ""Kartal Tibet""]",kartal tibet | Kartal Tibet,"[""cinema"", ""people"", ""turkiye""]","[""director""]",true
Q3764,"Witten, Germany","Witten is a university city in the Ennepe-Ruhr-Kreis (district) in North Rhine-Westphalia, Germany. It is the home of the Witten/Herdecke University, the first private university in Germany.","[""Witten, Germany"", ""witten (germany)"", ""witten, germany"", ""witten"", ""Witten"", ""Witten (Germany)""]","Witten, Germany | witten (germany) | witten, germany | witten | Witten | Witten (Germany)","[""cinema"", ""turkiye""]","[""birth_place""]",true
Q3811192,derviş zaim,"Derviş Zaim (born Derviş Zaimağaoğlu in 1964 in Famagusta, Cyprus) is a Turkish Cypriot filmmaker and novelist, who has twice won the Golden Orange for Best Director for Elephants and Grass (2000) and Dot (2008); Golden Oranges for Best Film and Best Screenplay for Somersault in a Coffin (1996); and the Yunus Nadi literary prize for his debut novel Ares in Wonderland (1995).","[""derviş zaim"", ""Dervis Zaim"", ""dervish zaim"", ""Dervish Zaim"", ""dervis zaim"", ""Derviş Zaim""]",derviş zaim | Dervis Zaim | dervish zaim | Dervish Zaim | dervis zaim | Derviş Zaim,"[""cinema"", ""people"", ""turkiye""]","[""director""]",true
Q3820,Beiruit,"Beirut (; Arabic: بيروت‎, romanized: Bayrūt; French: Beyrouth) is the capital and largest city of Lebanon. No recent population census has been conducted, but 2007 estimates ranged from slightly more than 1 million to 2.2 million as part of Greater Beirut. Located on a peninsula at the midpoint of Lebanon's Mediterranean coast, Beirut is the country's largest and main seaport.It is one of the oldest cities in the world, having been inhabited for more than 5,000 years.  The first historical mention of Beirut is found in the Amarna letters from the New Kingdom of Egypt, which date to the 15th century BC.Beirut is Lebanon's seat of government and plays a central role in the Lebanese economy, with most banks and corporations based in its Central District, Badaro, Rue Verdun, Hamra, Ryad el Soloh street, and Achrafieh. Following the destructive Lebanese Civil War, Beirut's cultural landscape underwent major reconstruction. Identified and graded for accountancy, advertising, banking, finance and law, Beirut is ranked as a Beta World City by the Globalization and World Cities Research Network.","[""Beiruit"", ""east beirut"", ""byblos cinema"", ""Byblos Cinema"", ""Laodicea in Phoenicia"", ""beirut vi"", ""Bayrut"", ""Beirut VII"", ""Western Beirut"", ""bayrût""]",Beiruit | east beirut | byblos cinema | Byblos Cinema | Laodicea in Phoenicia | beirut vi | Bayrut | Beirut VII | Western Beirut | bayrût,"[""cinema"", ""turkiye""]","[""birth_place""]",true
Q384,Uskueb,"Skopje (, US also ; Macedonian: Скопје [ˈskɔpjɛ] (listen), Albanian: Shkup) is the capital and largest city of North Macedonia. It is the country's political, cultural, economic, and academic center.The territory of Skopje has been inhabited since at least 4000 BC; remains of Neolithic settlements have been found within the old Kale Fortress that overlooks the modern city centre. Originally a Paeonian city, Scupi became the capital of Dardania in the second century BC. On the eve of the 1st century AD, the settlement was seized by the Romans and became a military camp. When the Roman Empire was divided into eastern and western halves in 395 AD, Scupi came under Byzantine rule from Constantinople. During much of the early medieval period, the town was contested between the Byzantines and the Bulgarian Empire, whose capital it was between 972 and 992.From 1282, the town was part of the Serbian Empire and acted as its capital city from 1346 to 1371. In 1392, Skopje was conquered by the Ottoman Turks who called it Üsküb, with this name also being in use in English for a time. The town stayed under Ottoman control for over 500 years, serving as the capital of pashasanjak of Üsküp and later the Vilayet of Kosovo. At that time the city was famous for its oriental architecture. In 1912, it was annexed by the Kingdom of Serbia during the Balkan Wars. During the First World War the city was seized by the Kingdom of Bulgaria, and after this war, it became part of the newly formed Kingdom of Yugoslavia becoming the capital of the Vardarska banovina. In the Second World War the city was again captured by Bulgaria and in 1944 became the capital of SR Macedonia, then a federated state of Yugoslavia. The city developed rapidly, but this trend was interrupted in 1963 when it was hit by a disastrous earthquake.Skopje is located on the upper course of the Vardar River, and is located on a major north-south Balkan route between Belgrade and Athens. It is a center for metal-processing, chemical, timber, textile, leather, and printing industries. Industrial development of the city has been accompanied by development of the trade, logistics, and banking sectors, as well as an emphasis on the fields of transportation, culture and sport. According to the last official count from 2002, Skopje had a population of 506,926 inhabitants; according to official estimates, the city had a population of 544,086 inhabitants, as of 30 June 2015, meaning slightly more than a quarter of all North Macedonia's population lives in the city and its immediate surrounding area.","[""Uskueb"", ""shkup"", ""uskueb"", ""shkupi"", ""Üsküb"", ""i̇skip"", ""iskip"", ""uskiib"", ""Scopje"", ""Uskub""]",Uskueb | shkup | uskueb | shkupi | Üsküb | i̇skip | iskip | uskiib | Scopje | Uskub,"[""cinema"", ""turkiye""]","[""birth_place""]",true
Q38545,adanija,"Adana (pronounced [aˈda.na]; Armenian: Ադանա; Ancient Greek: Άδανα) is a major city in southern Turkey. The city is situated on the Seyhan river, 35 km (22 mi) inland from the Mediterranean, in south-central Anatolia. It is the administrative seat of the Adana Province and has a population of 1.75 million, making it the 5th most populated city in Turkey. The Adana-Mersin polycentric metropolitan area, with a population of 3 million, stretches over 70 km (43 mi) east-west and 25 km (16 mi) north-south; encompassing the cities of Mersin, Tarsus and Adana.Adana lies in the heart of Cilicia, a geo-cultural region locally known as Çukurova. Home to six million people, Cilicia is one of the largest population concentrations in Turkey, as well as the most agriculturally productive area, owing to its large stretch of flat, fertile land. The region includes the provinces of Mersin, Adana, Osmaniye and Hatay.","[""adanija"", ""adana"", ""Adana"", ""Geography of Adana"", ""adana degli armeni"", ""Adana degli Armeni"", ""Adanija"", ""antiochia ad sarum"", ""Antiochia ad Sarum"", ""adana, turkey""]","adanija | adana | Adana | Geography of Adana | adana degli armeni | Adana degli Armeni | Adanija | antiochia ad sarum | Antiochia ad Sarum | adana, turkey","[""cinema"", ""turkiye""]","[""birth_place""]",true
Q3856,lefkoåÿa,"Nicosia ( NIK-ə-SEE-ə; Greek: Λευκωσία, romanized: Lefkosia [lefkoˈsi.a]; Turkish: Lefkoşa [lefˈkoʃa]) is the largest city, capital, and seat of government of the island of Cyprus. It is located near the centre of the Mesaoria plain, on the banks of the River Pedieos.Nicosia is the southeasternmost of all EU member states' capitals. It has been continuously inhabited for over 4,500 years and has been the capital of Cyprus since the 10th century. The Greek Cypriot and Turkish Cypriot communities of Nicosia segregated into the south and north of the city respectively in early 1964, following the fighting of the Cyprus crisis of 1963–64 that broke out in the city. This separation became a militarized border between the Republic of Cyprus and Northern Cyprus after Turkey invaded the island of Cyprus in 1974, occupying the north of the island, including northern Nicosia. Today North Nicosia is the capital of Northern Cyprus, a state recognized only by Turkey, that is considered to be occupied Cypriot territory by the international community.Apart from its legislative and administrative functions, Nicosia has established itself as the island's financial capital and its main international business centre. In 2018, Nicosia was the 32nd richest city in the world in relative purchasing power.","[""lefkoåÿa"", ""levkòsia"", ""UN/LOCODE:CYNIC"", ""Leukosia"", ""Nicosia, Republic of Cyprus"", ""Nicosia"", ""lefkoaya"", ""Transport in Nicosia"", ""transport in nicosia"", ""Lefkoşa""]","lefkoåÿa | levkòsia | UN/LOCODE:CYNIC | Leukosia | Nicosia, Republic of Cyprus | Nicosia | lefkoaya | Transport in Nicosia | transport in nicosia | Lefkoşa","[""cinema"", ""turkiye""]","[""birth_place""]",true
Q388469,Urfa Province,"Şanlıurfa Province (Turkish: Şanlıurfa ili) or simply Urfa Province is a province in southeastern Turkey. The city of Şanlıurfa is the capital of the province which bears its name. The population is 1,845,667 (2014).The province is famous for its Abrahamic sites such as Balıklıgöl, where Prophet Abraham was cast by Nimrod into fire that is believed to have turned to water, and Mevlid-i Halil Mosque where Abraham was born in the cave next to the mosque. Also lying within the district, approximately 12 km (7 mi) northeast of the city of Şanlıurfa, is the pre-historic site of Göbekli Tepe, where continuing excavations have unearthed 12,000-year-old sanctuaries dating from the early Neolithic period, considered to be the oldest temples in the world, predating Stonehenge by 6,000 years.Population in 1990 was 1,001,455; 551,124 in the district centers, 450,331 in rural villages. By 2000, the population of Şanlıurfa province had grown to 1,436,956 and that of Urfa city, 829,000. Its provincial capital is the city of Urfa, the traffic code is 63.","[""Urfa Province"", ""Riha Province"", ""Sanliurfa Ili Province, Turkey"", ""Şanlıurfa İli Province"", ""sanliurfa ili province, turkey"", ""Sanliurfa Ili Province"", ""Şanlıurfa Ili"", ""sanliurfa province"", ""Sanliurfa Ili"", ""Şanlıurfa İli""]","Urfa Province | Riha Province | Sanliurfa Ili Province, Turkey | Şanlıurfa İli Province | sanliurfa ili province, turkey | Sanliurfa Ili Province | Şanlıurfa Ili | sanliurfa province | Sanliurfa Ili | Şanlıurfa İli","[""cinema"", ""turkiye""]","[""birth_place""]",true
Q388995,Trabzon Province,"Trabzon Province (Turkish: Trabzon ili) is a province of Turkey on the Black Sea coast. Located in a strategically important region, Trabzon is one of the oldest trade port cities in Anatolia.  Neighbouring provinces are Giresun to the west, Gümüşhane to the southwest, Bayburt to the southeast and Rize to the east. The provincial capital is Trabzon city, and the traffic code is 61. The major ethnic groups are Turks, but the province is also home to a minority of Muslim Pontic Greek speakers, though younger speakers are not always fluent in this language.","[""Trabzon Province"", ""trabzon province"", ""Province of Trebizond"", ""province of trebizond""]",Trabzon Province | trabzon province | Province of Trebizond | province of trebizond,"[""cinema"", ""turkiye""]","[""birth_place""]",true
Q399,Hayastani Hanrapetut’yun,"Armenia ( (listen); Armenian: Հայաստան, romanized: Hayastan, IPA: [hɑjɑsˈtɑn]), officially the Republic of Armenia (Armenian: Հայաստանի Հանրապետություն, romanized: Hayastani Hanrapetut'yun, IPA: [hɑjɑstɑˈni hɑnɾɑpɛtutʰˈjun]), is a country in the South Caucasus region of Eurasia. Located in Western Asia on the Armenian Highlands, it is bordered by Turkey to the west, Georgia to the north, the de facto independent Republic of Artsakh and Azerbaijan to the east, and Iran and Azerbaijan's exclave of Nakhchivan to the south.Armenia is a unitary, multi-party, democratic nation-state with an ancient cultural heritage. Urartu was established in 860 BC and by the 6th century BC it was replaced by the Satrapy of Armenia. The Kingdom of Armenia reached its height under Tigranes the Great in the 1st century BC and became the first state in the world to adopt Christianity as its official religion in the late 3rd or early 4th century AD. The official date of state adoption of Christianity is 301. The ancient Armenian kingdom was split between the Byzantine and Sasanian Empires around the early 5th century. Under the Bagratuni dynasty, the Bagratid Kingdom of Armenia was restored in the 9th century. Declining due to the wars against the Byzantines, the kingdom fell in 1045 and Armenia was soon after invaded by the Seljuk Turks. An Armenian principality and later a kingdom Cilician Armenia was located on the coast of the Mediterranean Sea between the 11th and 14th centuries.Between the 16th and 19th centuries, the traditional Armenian homeland composed of Eastern Armenia and Western Armenia came under the rule of the Ottoman and Iranian empires, repeatedly ruled by either of the two over the centuries. By the 19th century, Eastern Armenia had been conquered by the Russian Empire, while most of the western parts of the traditional Armenian homeland remained under Ottoman rule. During World War I, Armenians living in their ancestral lands in the Ottoman Empire were systematically exterminated in the Armenian Genocide. In 1918, following the Russian Revolution, all non-Russian countries declared their independence after the Russian Empire ceased to exist, leading to the establishment of the First Republic of Armenia. By 1920, the state was incorporated into the Transcaucasian Socialist Federative Soviet Republic, and in 1922 became a founding member of the Soviet Union. In 1936, the Transcaucasian state was dissolved, transforming its constituent states, including the Armenian Soviet Socialist Republic, into full Union republics. The modern Republic of Armenia became independent in 1991 during the dissolution of the Soviet Union.Armenia recognises the Armenian Apostolic Church, the world's oldest national church, as the country's primary religious establishment. The unique Armenian alphabet was invented by Mesrop Mashtots in 405 AD.Armenia is a member of the Eurasian Economic Union, the Council of Europe and the Collective Security Treaty Organization. Armenia supports the de facto independent Artsakh, which was proclaimed in 1991.","[""Hayastani Hanrapetut’yun"", ""Ermeni"", ""am"", ""Hayasdan"", ""armenie"", ""hayastan"", ""հայաստանի հանրապետություն"", ""armenia"", ""ermeni"", ""hayasdan""]",Hayastani Hanrapetut’yun | Ermeni | am | Hayasdan | armenie | hayastan | հայաստանի հանրապետություն | armenia | ermeni | hayasdan,"[""cinema"", ""turkiye""]","[""turkey_neighbor""]",true
Q4027352,celal and ceren,"Celal ile Ceren is a 2013 Turkish romantic comedy film directed by Togan Gökbakar and starring Şahan Gökbakar and Ezgi Mola. The film was released nationwide on 18 January 2013.Celal ile Ceren has been accused of sexism by Turkish film critics and recognized to be one of the worst films ever made. It is considered to be a mockbuster of the high-grossing Turkish comedy Recep İvedik.Movie creator, director, and lead Şahan Gökbakar said that the production of the movie would have been impossible without the help of his friend Deniz Ünal. Even though the two live thousands of miles away from each other, Gökbakar said that their Skype calls together helped him keep his cool, as producing the movie was, in his own words: ""Very long and hard."" The two remain best friends.","[""celal and ceren"", ""Celal ile Ceren"", ""Celal and Ceren"", ""celal ile ceren""]",celal and ceren | Celal ile Ceren | Celal and Ceren | celal ile ceren,"[""cinema"", ""film"", ""turkiye""]","[""film""]",true
Q403,srvija,"Serbia (Serbian: Србија / Srbija, pronounced [sř̩bija]), officially the Republic of Serbia (Serbian: Република Србија / Republika Srbija, pronounced [repǔblika sř̩bija]), is a country situated at the crossroads of Central and Southeast Europe in the southern Pannonian Plain and the central Balkans. It borders Hungary to the north, Romania to the northeast, Bulgaria to the southeast, North Macedonia to the south, Croatia and Bosnia and Herzegovina to the west, and Montenegro to the southwest. The country claims a border with Albania through the disputed territory of Kosovo. Serbia's population numbers approximately seven million, most of whom are Orthodox Christians. Its capital, Belgrade, ranks among the oldest and largest citiеs in southeastern Europe.Inhabited since the Paleolithic Age, the territory of modern-day Serbia faced Slavic migrations to the Southeastern Europe in the 6th century, establishing several regional states in the early Middle Ages at times recognised as tributaries to the Byzantine, Frankish and Hungarian kingdoms. The Serbian Kingdom obtained recognition by the Holy See and Constantinople in 1217, reaching its territorial apex in 1346 as the relatively short-lived Serbian Empire. By the mid-16th century, the entirety of modern-day Serbia was annexed by the Ottomans; their rule was at times interrupted by the Habsburg Empire, which began expanding towards Central Serbia from the end of the 17th century while maintaining a foothold in Vojvodina. In the early 19th century, the Serbian Revolution established the nation-state as the region's first constitutional monarchy, which subsequently expanded its territory. Following disastrous casualties in World War I, and the subsequent unification of the former Habsburg crownland of Vojvodina (and other territories) with Serbia, the country co-founded Yugoslavia with other South Slavic peoples, which would exist in various political formations until the Yugoslav Wars of the 1990s. During the breakup of Yugoslavia, Serbia formed a union with Montenegro, which was peacefully dissolved in 2006. In 2008, the parliament of the province of Kosovo unilaterally declared independence, with mixed responses from the international community.A unitary parliamentary constitutional republic, Serbia is a member of the UN, CoE, CERN, OSCE, PfP, BSEC, CEFTA, and is acceding to the WTO. Since 2014, the country has been negotiating its EU accession with perspective of joining the European Union by 2025. Serbia has suffered from democratic backsliding in recent years, having dropped in ranking from ""Free"" to ""Partly Free"" in the 2019 Freedom House report. Since 2007, Serbia formally adheres to the policy of military neutrality. The country provides a social security, universal health care system, and a tuition-free primary and secondary education to its citizens. An upper-middle income economy with a dominant service sector followed in size by the industrial sector and the agricultural sector, the country ranks relatively high on the Human Development Index (66th), Social Progress Index (45th) as well as the Global Peace Index (54th).","[""srvija"", ""etymology of serbia"", ""сърбия"", ""Serbia, Yugoslavia"", ""🇷🇸"", ""ISO 3166-1:RS"", ""iso 3166-1:rs"", ""Szerbia"", ""Serbo"", ""P:RS""]","srvija | etymology of serbia | сърбия | Serbia, Yugoslavia | 🇷🇸 | ISO 3166-1:RS | iso 3166-1:rs | Szerbia | Serbo | P:RS","[""cinema"", ""geography"", ""turkiye""]","[""country""]",true
Q406,istanbul (turkey),"Istanbul (, also US: ; Turkish: İstanbul [isˈtanbuɫ] (listen)), formerly known as Byzantium and Constantinople, is the most populous city in Turkey and the country's economic, cultural and historic center. Istanbul is a transcontinental city in Eurasia, straddling the Bosporus strait (which separates Europe and Asia) between the Sea of Marmara and the Black Sea. Its commercial and historical center lies on the European side and about a third of its population lives in suburbs on the Asian side of the Bosporus. With a total population of around 15 million residents in its metropolitan area, Istanbul is one of the world's most populous cities, ranking as the world's fourth largest city proper and the largest European city. The city is the administrative center of the Istanbul Metropolitan Municipality (coterminous with Istanbul Province). Istanbul is  a bridge between the East and West.Founded under the name of Byzantion (Βυζάντιον) on the Sarayburnu promontory around 660 BCE, the city grew in size and influence, becoming one of the most important cities in history. After its reestablishment as Constantinople in 330 CE, it served as an imperial capital for almost 16 centuries, during the Roman/Byzantine (330–1204), Latin (1204–1261), Palaiologos Byzantine (1261–1453) and Ottoman (1453–1922) empires. It was instrumental in the advancement of Christianity during Roman and Byzantine times, before the Ottomans conquered the city in 1453 CE and transformed it into an Islamic stronghold and the seat of the Ottoman Caliphate. Under the name Constantinople it was the Ottoman capital until 1923. The capital was then moved to Ankara and the city was now called Istanbul.The city held the strategic position between the Black Sea and the Mediterranean. It was also on the historic Silk Road.  It controlled rail networks to Europe and the Middle East, and was the only sea route between the Black Sea and the Mediterranean. Russia always wanted control so it would have an outlet. In 1923 Ankara was chosen instead as the new Turkish capital after the Turkish War of Independence, and the city's name was changed to Istanbul. Nevertheless, the city maintained its prominence in geopolitical and cultural affairs. The population of the city has increased tenfold since the 1950s, as migrants from across Anatolia have moved in and city limits have expanded to accommodate them. Arts, music, film, and cultural festivals were established towards the end of the 20th century and continue to be hosted by the city today. Infrastructure improvements have produced a complex transportation network in the city.Approximately 12.56 million foreign visitors arrived in Istanbul in 2015, five years after it was named a European Capital of Culture, making the city the world's fifth most popular tourist destination. The city's biggest attraction is its historic center, partially listed as a UNESCO World Heritage Site, and its cultural and entertainment hub is across the city's natural harbor, the Golden Horn, in the Beyoğlu district. Considered a global city, Istanbul has one of the fastest-growing metropolitan economies in the world. It hosts the headquarters of many Turkish companies and media outlets and accounts for more than a quarter of the country's gross domestic product. Hoping to capitalize on its revitalization and rapid expansion, Istanbul has bid for the Summer Olympics five times in twenty years.","[""istanbul (turkey)"", ""Constantinopole"", ""Historic Areas of İstanbul"", ""Topboğazi"", ""Ligos"", ""Instabul"", ""Konstantiniye"", ""UN/LOCODE:TRIST"", ""tzarigrad"", ""Istanbul (Turkey)""]",istanbul (turkey) | Constantinopole | Historic Areas of İstanbul | Topboğazi | Ligos | Instabul | Konstantiniye | UN/LOCODE:TRIST | tzarigrad | Istanbul (Turkey),"[""cinema"", ""turkiye""]","[""birth_place""]",true
Q406478,hazar erguclu,Hazar Ergüçlü (born 1 January 1992) is a Turkish-Cypriot actress. She is best known for playing Simay Canay in the drama series Kuzey Güney (2011–2013) and Eylül on the Turkish drama series Medcezir (2013–2015).,"[""hazar erguclu"", ""Hazar Erguclu"", ""Hazar Ergüçlü"", ""hazar ergüçlü""]",hazar erguclu | Hazar Erguclu | Hazar Ergüçlü | hazar ergüçlü,"[""cinema"", ""people"", ""turkiye""]","[""cast_member""]",true
Q40738,"Bursa, Turkey","Bursa is a large city in Turkey, located in northwestern Anatolia, within the Marmara Region. It is the fourth most populous city in Turkey and one of the most industrialized metropolitan centres in the country. The city is also the administrative centre of Bursa Province.Bursa (Ottoman Turkish: بورسا‎) was the first major and second overall capital of the Ottoman State between 1335 and 1363. The city was referred to as Hüdavendigar (خداوندگار, ""God's gift"") during the Ottoman period, while a more recent nickname is Yeşil Bursa (""Green Bursa"") in reference to the parks and gardens located across its urban fabric, as well as to the vast and richly varied forests of the surrounding region. Mount Uludağ, the ancient Mysian Olympus, towers over it, and has a well-known ski resort. Bursa has rather orderly urban growth and borders a fertile plain. The mausoleums of the early Ottoman sultans are located in Bursa and the city's main landmarks include numerous edifices built throughout the Ottoman period. Bursa also has thermal baths and several museums, including a museum of archaeology.The shadow play characters Karagöz and Hacivat are based on historic personalities who lived and died in Bursa. The city is also known for Turkish dishes such as İskender kebap, its candied marron glacé chestnuts, Bursa peaches, and production of Turkish Delight. Bursa houses the Uludağ University, and its population can claim one of the highest overall levels of education in Turkey. The historic towns of İznik (Nicaea), Mudanya and Zeytinbağı are in its province.In 2015, Bursa had a population of 1,854,285. Bursa Province had 2,842,000 inhabitants.","[""Bursa, Turkey"", ""huedavendigar province, ottoman empire"", ""Bursa"", ""brussa"", ""bursa, turkey"", ""Broussa"", ""prusa ad olympum"", ""Proussa"", ""un/locode:trbtz"", ""UN/LOCODE:TRBTZ""]","Bursa, Turkey | huedavendigar province, ottoman empire | Bursa | brussa | bursa, turkey | Broussa | prusa ad olympum | Proussa | un/locode:trbtz | UN/LOCODE:TRBTZ","[""cinema"", ""turkiye""]","[""birth_place""]",true
Q408,Commonwealth Australia,"Australia, officially the Commonwealth of Australia, is a sovereign country comprising the mainland of the Australian continent, the island of Tasmania, and numerous smaller islands. It is the largest country in Oceania and the world's sixth-largest country by total area. The neighbouring countries are Papua New Guinea, Indonesia, and East Timor to the north; the Solomon Islands and Vanuatu to the north-east; and New Zealand to the south-east. The population of 25 million is highly urbanised and heavily concentrated on the eastern seaboard. Australia's capital is Canberra, and its largest city is Sydney. The country's other major metropolitan areas are Melbourne, Brisbane, Perth, and Adelaide.Indigenous Australians inhabited the continent for about 65,000 years prior to European discovery with the arrival of Dutch explorers in the early 17th century, who named it New Holland. In 1770, Australia's eastern half was claimed by Great Britain and initially settled through penal transportation to the colony of New South Wales from 26 January 1788, a date which became Australia's national day. The population grew steadily in subsequent decades, and by the time of an 1850s gold rush, most of the continent had been explored and an additional five self-governing crown colonies established. On 1 January 1901, the six colonies federated, forming the Commonwealth of Australia. Australia has since maintained a stable liberal democratic political system that functions as a federal parliamentary constitutional monarchy, comprising six states and ten territories.Being the oldest, flattest and driest inhabited continent, with the least fertile soils, Australia has a landmass of 7,617,930 square kilometres (2,941,300 sq mi). A megadiverse country, its size gives it a wide variety of landscapes, with deserts in the centre, tropical rainforests in the north-east and mountain ranges in the south-east. Its population density, 2.8 inhabitants per square kilometre, remains among the lowest in the world. Australia generates its income from various sources including mining-related exports, telecommunications, banking, and manufacturing.Australia is a highly developed country, with the world's 14th-largest economy. It has a high-income economy, with the world's tenth-highest per capita income. It is a regional power and has the world's 13th-highest military expenditure. Australia has the world's eighth-largest immigrant population, with immigrants accounting for 29% of the population. Having the third-highest human development index and the eighth-highest ranked democracy globally, the country ranks highly in quality of life, health, education, economic freedom, civil liberties and political rights, with all its major cities faring well in global comparative livability surveys. Australia is a member of the United Nations, G20, Commonwealth of Nations, ANZUS, Organisation for Economic Co-operation and Development (OECD), World Trade Organization, Asia-Pacific Economic Cooperation, Pacific Islands Forum, and the ASEAN Plus Six mechanism.","[""Commonwealth Australia"", ""Australian Commonwealth"", ""australia (constitutional monarchy)"", ""🇦🇺"", ""peace of australia"", ""Australia (country)"", ""Geopolitics of Australia"", ""Aussieland"", ""australlia"", ""Empire of Australia""]",Commonwealth Australia | Australian Commonwealth | australia (constitutional monarchy) | 🇦🇺 | peace of australia | Australia (country) | Geopolitics of Australia | Aussieland | australlia | Empire of Australia,"[""cinema"", ""geography"", ""turkiye""]","[""country""]",true
Q41,hellada,"Greece, officially the Hellenic Republic (Greek: Ελληνική Δημοκρατία), also known as Hellas (Greek: Ελλάς), is a country located in Southern and Southeast Europe, with a population of approximately 11 million as of 2016. Athens is the nation's capital and largest city, followed by Thessaloniki.Greece is located at the crossroads of Europe, Asia, and Africa. Situated on the southern tip of the Balkan Peninsula, it shares land borders with Albania to the northwest, North Macedonia and Bulgaria to the north, and Turkey to the northeast. The Aegean Sea lies to the east of the mainland, the Ionian Sea to the west, the Cretan Sea and the Mediterranean Sea to the south. Greece has the longest coastline on the Mediterranean Basin and the 11th longest coastline in the world at 13,676 km (8,498 mi) in length, featuring a large number of islands, of which 227 are inhabited. Eighty percent of Greece is mountainous, with Mount Olympus being the highest peak at 2,918 metres (9,573 ft). The country consists of nine geographic regions: Macedonia, Central Greece, the Peloponnese, Thessaly, Epirus, the Aegean Islands (including the Dodecanese and Cyclades), Thrace, Crete, and the Ionian Islands.Greece is considered the cradle of Western civilisation, being the birthplace of democracy, Western philosophy, Western literature, historiography, political science, major scientific and mathematical principles, Western drama and notably the Olympic Games. From the eighth century BC, the Greeks were organised into various independent city-states, known as poleis (singular polis), which spanned the entire Mediterranean region and the Black Sea. Philip of Macedon united most of the Greek mainland in the fourth century BC, with his son Alexander the Great rapidly conquering much of the ancient world, from the eastern Mediterranean to India. Greece was annexed by Rome in the second century BC, becoming an integral part of the Roman Empire and its successor, the Byzantine Empire, in which Greek language and culture were dominant. Rooted in the first century A.D., the Greek Orthodox Church helped shape modern Greek identity and transmitted Greek traditions to the wider Orthodox World. Falling under Ottoman dominion in the mid-15th century, the modern nation state of Greece emerged in 1830 following a war of independence. Greece's rich historical legacy is reflected by its 18 UNESCO World Heritage Sites.The sovereign state of Greece is a unitary parliamentary republic and developed country with an advanced high-income economy, a high quality of life, and a very high standard of living. A founding member of the United Nations, Greece was the tenth member to join the European Communities (precursor to the European Union) and has been part of the Eurozone since 2001. It is also a member of numerous other international institutions, including the Council of Europe, the North Atlantic Treaty Organization (NATO), the Organisation for Economic Co-operation and Development (OECD), the World Trade Organization (WTO), the Organization for Security and Co-operation in Europe (OSCE), and the Organisation internationale de la Francophonie (OIF). Greece's unique cultural heritage, large tourism industry, prominent shipping sector and geostrategic importance classify it as a middle power. It is the largest economy in the Balkans, where it is an important regional investor.","[""hellada"", ""Ελληνική Δημοκρατία"", ""grèce"", ""république hellénique"", ""elliniki dimokratía"", ""grecce"", ""Grcka"", ""grcka"", ""iso 3166-1:gr"", ""🇬🇷""]",hellada | Ελληνική Δημοκρατία | grèce | république hellénique | elliniki dimokratía | grecce | Grcka | grcka | iso 3166-1:gr | 🇬🇷,"[""cinema"", ""geography"", ""turkiye""]","[""country""]",true
Q4116401,Oktay Kaynarca,"Oktay Kaynarca (born 27 January 1965) Turkish actor. He is best known for his role in the popular TV series, Kurtlar Vadisi (Valley of the Wolves). He currently plays in another popular TV series called Eşkıya Dünyaya Hükümdar Olmaz as ""Hızır Çakırbeyli"" since 2015.","[""Oktay Kaynarca"", ""oktay kaynarca""]",Oktay Kaynarca | oktay kaynarca,"[""cinema"", ""people"", ""turkiye""]","[""cast_member""]",true
Q4117946,ahu turkpence,Ahu Türkpençe (born 2 January 1977) is a Turkish actress.,"[""ahu turkpence"", ""Ahu Turkpence"", ""Ahu Türkpençe"", ""ahu türkpençe""]",ahu turkpence | Ahu Turkpence | Ahu Türkpençe | ahu türkpençe,"[""cinema"", ""people"", ""turkiye""]","[""cast_member""]",true
Q4120620,batuhan karacakaya,"Batuhan Karacakaya (born 5 February 1997) is a Turkish television actor.Karacakaya played ""Bülent Ziyagil"" in the television series Aşk-ı Memnu between 2008 and 2010.","[""batuhan karacakaya"", ""Batuhan Karacakaya""]",batuhan karacakaya | Batuhan Karacakaya,"[""cinema"", ""people"", ""turkiye""]","[""cast_member""]",true
Q4167177,love in another language,"Love in Another Language (Turkish: Başka Dilde Aşk) is a 2009 Turkish drama film directed by İlksen Başarır, starring Mert Fırat as a young deaf man who falls in love with a call-center worker. The film, which went on nationwide general release on December 18, 2009 (2009-12-18), won awards at film festivals in Antalya, Bursa and Ankara as well as the 3rd Yeşilçam Awards.","[""love in another language"", ""baska dilde ask"", ""Baska dilde ask"", ""başka dilde aşk"", ""Love in Another Language"", ""Başka Dilde Aşk""]",love in another language | baska dilde ask | Baska dilde ask | başka dilde aşk | Love in Another Language | Başka Dilde Aşk,"[""cinema"", ""film"", ""turkiye""]","[""film""]",true
Q42099,"Bucheon, South Korea","Bucheon (Korean pronunciation: [pu.tɕʰʌn]) is a city in Gyeonggi Province, South Korea. Bucheon is a satellite city of Seoul, 25 kilometres (16 miles) away. This city is located between Incheon and Seoul.Bucheon is the second most densely populated city in South Korea after Seoul, and as a result, administrative districts were abolished in July 2016 in favor of providing greater public service in community centers.Major manufacturing operations are located in the northern areas of the city, while the areas in the south where Seoul Subway Line 7 and Seoul Subway Line 1 pass are dense commercial and residential areas.","[""Bucheon, South Korea"", ""bucheon-si"", ""Puch'on"", ""Bucheon"", ""puch'on"", ""puchon, bucheon"", ""Tomikawa"", ""Puchon"", ""Puch'ŏn"", ""Bucheon-Si""]","Bucheon, South Korea | bucheon-si | Puch'on | Bucheon | puch'on | puchon, bucheon | Tomikawa | Puchon | Puch'ŏn | Bucheon-Si","[""cinema"", ""turkiye""]","[""birth_place""]",true
Q422915,Sedef Avci,Sedef Avci (born 22 January 1982) is a Turkish model and actress. Her maternal family emigrated from Sarajevo. Her paternal family is from Erzincan. She won Elite Model Look Turkey in 1997. She represented Turkey at Miss Universe contestant in 2001.She is married to model and actor Kıvanç Kasabalı.,"[""Sedef Avci"", ""sedef avcı"", ""sedef avci"", ""Sedef Avcı""]",Sedef Avci | sedef avcı | sedef avci | Sedef Avcı,"[""cinema"", ""people"", ""turkiye""]","[""cast_member""]",true
Q424661,akcaabat,"Akçaabat is a town and district of Trabzon Province in the Black Sea region of Turkey. It is located to the west of the city of Trabzon. It covers an area of 385 km² and the elevation is 10 m. The town has an estimated population of 48,315 (2007). Akçaabat is a coastal town known for its local soccer team Akçaabat Sebatspor, its kofta dish Akçaabat köfte and the Akçaabat Horonu dance. Akçaabat has hosted an international folklore festival since 1990, and it was a venue for Archery and Athletics competitions of the First Black Sea Games held in 2007.","[""akcaabat"", ""Akçaabat"", ""akçaabat"", ""Akcaabat""]",akcaabat | Akçaabat | akçaabat | Akcaabat,"[""cinema"", ""turkiye""]","[""birth_place""]",true
Q42716,"saint-etienne, loire","Saint-Étienne (French pronunciation: ​[sɛ̃t‿etjɛn]; Arpitan: Sant-Etiève; Saint Stephen) is a city in eastern central France, in the Massif Central, 55 km (34 mi) southwest of Lyon in the Auvergne-Rhône-Alpes region, on the trunk road that connects Toulouse with Lyon. Saint-Étienne is the capital of the Loire department and has a population of approximately 172,023 (2013) in the city itself and over 508,000 in the metropolitan area (2011).In the last years Saint-Étienne made important transformations for transitioning from a 19th century industrial city to the 21st century ""European capital of design"". This approach led to important urban renovations of the main districts of the city.","[""saint-etienne, loire"", ""St Étienne"", ""History of Saint-Étienne"", ""saint-étienne, loire"", ""Saint-Etienne, Loire"", ""Sant-Etiève"", ""history of saint-étienne"", ""st.-étienne"", ""saint-étienne, france"", ""St. Etienne""]","saint-etienne, loire | St Étienne | History of Saint-Étienne | saint-étienne, loire | Saint-Etienne, Loire | Sant-Etiève | history of saint-étienne | st.-étienne | saint-étienne, france | St. Etienne","[""cinema"", ""turkiye""]","[""birth_place""]",true
Q43,turkiye,"Turkey (Turkish: Türkiye [ˈtyɾcije]), officially the Republic of Turkey (Turkish: Türkiye Cumhuriyeti [ˈtyɾcije dʒumˈhuɾijeti] (listen)), is a transcontinental country located mainly in Western Asia, with a smaller portion on the Balkan Peninsula in Southeast Europe. East Thrace, located in Europe, is separated from Anatolia by the Sea of Marmara, the Bosphorous strait and the Dardanelles (collectively called the Turkish Straits). Turkey is bordered by Greece and Bulgaria to its northwest; Georgia to its northeast; Armenia, the Azerbaijani exclave of Nakhchivan and Iran to the east; and Iraq and Syria to the south. Istanbul is the largest city, but more central Ankara is the capital. Approximately 70 to 80 per cent of the country's citizens identify as Turkish. Kurds are the largest minority; the size of the Kurdish population is a subject of dispute with estimates placing the figure at anywhere from 12 to 25 per cent of the population.At various points in its history, the region has been inhabited by diverse civilizations including the Assyrians, Greeks, Thracians, Phrygians, Urartians, and Armenians. Hellenization started during the era of Alexander the Great and continued into the Byzantine era. The Seljuk Turks began migrating into the area in the 11th century, and their victory over the Byzantines at the Battle of Manzikert in 1071 symbolizes the start and foundation of Turkey. The Seljuk Sultanate of Rûm ruled Anatolia until the Mongol invasion in 1243, when it disintegrated into small Turkish principalities. Beginning in the late 13th-century, the Ottomans started uniting these Turkish principalities. After Mehmed II conquered Constantinople in 1453, Ottoman expansion continued under Selim I. During the reign of Suleiman the Magnificent the Ottoman Empire encompassed much of Southeast Europe, West Asia and North Africa and became a world power. In the following centuries the state entered a period of decline with a gradual loss of territories and wars. In an effort to consolidate the weakening social and political foundations of the empire, Mahmut II started a period of modernisation in the early 19th century, bringing reforms in all areas of the state including the military and bureaucracy along with the emancipation of all citizens.In 1913, a coup d'état effectively put the country under the control of the Three Pashas. During World War I, the Ottoman government committed genocides against its Armenian, Assyrian and Pontic Greek subjects. Following the war, the conglomeration of territories and peoples that formerly comprised the Ottoman Empire was partitioned into several new states. The Turkish War of Independence, initiated by Mustafa Kemal Atatürk and his colleagues against occupying Allied Powers, resulted in the abolition of monarchy in 1922 and the establishment of the Republic of Turkey in 1923, with Atatürk as its first president. Atatürk enacted numerous reforms, many of which incorporated various aspects of Western thought, philosophy, and customs into the new form of Turkish government. The Kurdish–Turkish conflict, an armed conflict between the Republic of Turkey and Kurdish insurgents, has been active since 1984 primarily in the southeast of the country. Various Kurdish groups demand separation from Turkey to create an independent Kurdistan or to have autonomy and greater political and cultural rights for Kurds in Turkey.Turkey is a charter member of the UN, an early member of NATO, the IMF and the World Bank, and a founding member of the OECD, OSCE, BSEC, OIC and G-20. After becoming one of the first members of the Council of Europe in 1949, Turkey became an associate member of the EEC in 1963, joined the EU Customs Union in 1995 and started accession negotiations with the European Union in 2005 which have been effectively stopped by the EU in 2017 due to ""Turkey's path toward autocratic rule"". Turkey's economy and diplomatic initiatives led to its recognition as a regional power while its location has given it geopolitical and strategic importance throughout history. Turkey is a secular, unitary, formerly parliamentary republic which adopted a presidential system with a referendum in 2017; the new system came into effect with the presidential election in 2018. Turkey's current administration headed by president Recep Tayyip Erdoğan of the AKP has enacted measures to increase the influence of Islam, and undermine Kemalist policies and freedom of the press.","[""turkiye"", ""The Republic of Turkey"", ""tuerkiye"", ""Republic of turkey"", ""türkei"", ""p:tr"", ""Turkey (nation)"", ""Turquie"", ""turkey (country)"", ""tuerkiye cumhuriyeti""]",turkiye | The Republic of Turkey | tuerkiye | Republic of turkey | türkei | p:tr | Turkey (nation) | Turquie | turkey (country) | tuerkiye cumhuriyeti,"[""cinema"", ""geography"", ""turkiye""]","[""birth_place"", ""country"", ""country_root""]",true
Q430776,Nazareth,"Nazareth  (; Arabic: النَّاصِرَة‎, an-Nāṣira; Hebrew: נָצְרַת, Natzrat; Aramaic: ܢܨܪܬ‎, Naṣrath) is the largest city in the Northern District of Israel. Nazareth is known as ""the Arab capital of Israel"". In 2017 its population was 76,551. The inhabitants are predominantly Arab citizens of Israel, of whom 69% are Muslim and 30.9% Christian. Nazareth Illit (lit. ""Upper Nazareth""), declared a separate city in June 1974, is built alongside old Nazareth, and had a Jewish population of 40,312 in 2014.In the New Testament, the town is described as the childhood home of Jesus, and as such is a center of Christian pilgrimage, with many shrines commemorating biblical events.","[""Nazareth"", ""nazarat"", ""náẓərat"", ""Náẓərat"", ""נָצְרַת"", ""An-Nasirah"", ""An-Nasira"", ""Nazerieth"", ""nazereth"", ""Nazareth, Israel""]","Nazareth | nazarat | náẓərat | Náẓərat | נָצְרַת | An-Nasirah | An-Nasira | Nazerieth | nazereth | Nazareth, Israel","[""cinema"", ""turkiye""]","[""birth_place""]",true
Q4390382,shioli kutsuna,"Shiori Kutsuna (Japanese: 忽那 汐里, Hepburn: Kutsuna Shiori, born 22 December 1992) is an Australian-born Japanese actress and idol, best known for her role as Ran Mori in Shinichi Kudo's Written Challenge, Minami Maho in Beck and Yukio in Deadpool 2.","[""shioli kutsuna"", ""Shioli Kutsuna"", ""忽那汐里"", ""Kutsuna Shiori"", ""Shiori Kutsuna"", ""shiori kutsuna"", ""kutsuna shiori""]",shioli kutsuna | Shioli Kutsuna | 忽那汐里 | Kutsuna Shiori | Shiori Kutsuna | shiori kutsuna | kutsuna shiori,"[""cinema"", ""people"", ""turkiye""]","[""cast_member""]",true
Q43924,adıyaman i̇li province,"Adıyaman Province (Turkish: Adıyaman ili) is a province in south-central Turkey. It was created in 1954 out of part of Malatya Province. It has an area of 7,606.16 km² and a population of 590,935 (2010 est.), up from 513,131 in 1990. The capital is Adıyaman.The area has been inhabited since the earliest times and many civilisations have settled there. There are places of historical interest that attract visitors. Nemrud Dağı is a major site of interest there, noted for its sanctuary of statues built by Antiochus I Theos of Commagene. It is accessed through the town of Kâhta.A branch of the large Atatürk reservoir lies between Adıyaman and the town of Samsat. Kurds have large minority in the province.","[""adıyaman i̇li province"", ""Adıyaman İli"", ""adiyaman ili"", ""Adıyaman İli Province"", ""Adiyaman Province"", ""Adiyaman Ili Province"", ""Adiyaman Ili"", ""adiyaman ili province, turkey"", ""Adıyaman İli Province, Turkey"", ""adıyaman province""]","adıyaman i̇li province | Adıyaman İli | adiyaman ili | Adıyaman İli Province | Adiyaman Province | Adiyaman Ili Province | Adiyaman Ili | adiyaman ili province, turkey | Adıyaman İli Province, Turkey | adıyaman province","[""cinema"", ""turkiye""]","[""turkey_neighbor""]",true
Q4414864,Mine (1985 film),Mine is a 1983 Turkish drama film directed by Atıf Yılmaz. It was entered into the 14th Moscow International Film Festival.,"[""Mine (1985 film)"", ""mine (1982 film)"", ""mine (1985 film)"", ""Mine (1982 film)"", ""Mine (1983 film)"", ""mine (1983 film)""]",Mine (1985 film) | mine (1982 film) | mine (1985 film) | Mine (1982 film) | Mine (1983 film) | mine (1983 film),"[""cinema"", ""film"", ""turkiye""]","[""film""]",true
Q447576,belgin doruk,Belgin Doruk (28 June 1936 – 26 March 1995) was a popular Turkish film actress.,"[""belgin doruk"", ""Belgin Doruk""]",belgin doruk | Belgin Doruk,"[""cinema"", ""people"", ""turkiye""]","[""cast_member""]",true
Q449082,Roxane Mesquida,"Roxane Mesquida (born 1 October 1981) is a French-American actress and model based in Los Angeles.Mesquida grew up in Le Pradet, a little town located in southern France. Her mother, writer Françoise Mesquida, is French/Spanish and her father is Italian/American, but Mesquida never got to know him. Mesquida is fluent in English and French, and she also speaks Spanish, Italian and German.","[""Roxane Mesquida"", ""Roxanne Mesquida"", ""roxanne mesquida"", ""roxane mesquida""]",Roxane Mesquida | Roxanne Mesquida | roxanne mesquida | roxane mesquida,"[""cinema"", ""people"", ""turkiye""]","[""cast_member""]",true
Q45220,Afyon Province,"Afyonkarahisar Province (Turkish: Afyonkarahisar ili), also called more simply Afyon Province, is a province in western Turkey.Adjacent provinces are Kütahya to the northwest, Uşak to the west, Denizli to the southwest, Burdur to the south, Isparta to the southeast, Konya to the east, and Eskişehir to the north. The provincial capital is Afyonkarahisar. It covers an area of 14.230 km², and the population is about 706.371 (2014 est).","[""Afyon Province"", ""afyonkarahisar province"", ""Afyonkarahisar Province"", ""afyon province""]",Afyon Province | afyonkarahisar province | Afyonkarahisar Province | afyon province,"[""cinema"", ""turkiye""]","[""turkey_neighbor""]",true
Q452477,Tugçe Kazaz,"Tuğçe Kazaz (born 26 August 1982) is a Turkish model, actress and Miss Turkey 2001.","[""Tugçe Kazaz"", ""Tuğçe Kazaz"", ""tuğçe kazaz"", ""Tugce Kazaz"", ""tugçe kazaz"", ""tugce kazaz""]",Tugçe Kazaz | Tuğçe Kazaz | tuğçe kazaz | Tugce Kazaz | tugçe kazaz | tugce kazaz,"[""cinema"", ""people"", ""turkiye""]","[""cast_member""]",true
Q45301,history of trabzon,"Trabzon (Turkish pronunciation: [ˈtɾabzon]), historically known as Trebizond, is a city on the Black Sea coast of northeastern Turkey and the capital of Trabzon Province. Trabzon, located on the historical Silk Road, became a melting pot of religions, languages and culture for centuries and a trade gateway to Persia in the southeast and the Caucasus to the northeast. The Venetian and Genoese merchants paid visits to Trebizond during the medieval period and sold silk, linen and woolen fabric.Both republics had merchant colonies within the city – Leonkastron and the former 'Venetian castle – that played a role to Trebizond similar to the one Galata played to Constantinople (modern Istanbul). Trabzon formed the basis of several states in its long history and was the capital city of the Empire of Trebizond between 1204 and 1461. During the early modern period, Trabzon, because of the importance of its port, again became a focal point of trade to Persia and the Caucasus.","[""history of trabzon"", ""τραπεζοῦς"", ""History of Trabzon"", ""trapezos"", ""Trapezounda"", ""Ardesen"", ""Trapezos"", ""Trebizond"", ""Trapezounta"", ""Trabzon, Turkey""]","history of trabzon | τραπεζοῦς | History of Trabzon | trapezos | Trapezounda | Ardesen | Trapezos | Trebizond | Trapezounta | Trabzon, Turkey","[""cinema"", ""turkiye""]","[""birth_place""]",true
Q456,The weather in Lyon,"Lyon (UK: , US: , French: [ljɔ̃] (listen); Arpitan: Liyon [ʎjɔ̃]) is the third-largest city and second-largest urban area of France. It is located in the country's east-central part at the confluence of the rivers Rhône and Saône, about 470 km (292 mi) south from Paris, 320 km (199 mi) north from Marseille and 56 km (35 mi) northeast from Saint-Étienne. Inhabitants of the city are called Lyonnais.Lyon had a population of 513,275 in 2015. It is the capital of the Metropolis of Lyon and the region of Auvergne-Rhône-Alpes. The Lyon metropolitan area had a population of 2,265,375 in 2014, the second-largest urban area in France. The city is known for its cuisine and gastronomy, and historical and architectural landmarks; part of it is a registered as a UNESCO World Heritage site. Lyon was historically an important area for the production and weaving of silk. Lyon played a significant role in the history of cinema: it is where Auguste and Louis Lumière invented the cinematograph. It is also known for its light festival, the Fête des Lumières, which begins every 8 December and lasts for four days, earning Lyon the title of Capital of Lights.Economically, Lyon is a major centre for banking, as well as for the chemical, pharmaceutical, and biotech industries. The city contains a significant software industry with a particular focus on video games, and in recent years has fostered a growing local start-up sector. Lyon hosts the international headquarters of Interpol, the International Agency for Research on Cancer and Euronews. According to the Globalization and World Rankings Research Institute, Lyon is considered a Beta city, as of 2018. It ranked second in France and 40th globally in Mercer's 2019 liveability rankings.","[""The weather in Lyon"", ""Transport in Lyon"", ""lyon (france)"", ""P:Lyon"", ""Lyoninfos"", ""transport in lyon"", ""Lyonais"", ""un/locode:frlio"", ""lyonais"", ""lyons""]",The weather in Lyon | Transport in Lyon | lyon (france) | P:Lyon | Lyoninfos | transport in lyon | Lyonais | un/locode:frlio | lyonais | lyons,"[""cinema"", ""turkiye""]","[""birth_place""]",true
Q4614,scions,"The University of Southern California (USC or SC) is a private research university in Los Angeles, California. Founded in 1880, it is the oldest private research university in California. For the 2018–19 academic year, there were 20,000 students enrolled in four-year undergraduate programs.  USC also has 27,500 graduate and professional students in a number of different programs, including business, law, engineering, social work, occupational therapy, pharmacy, and medicine. It is the largest private employer in the city of Los Angeles and generates $8 billion in economic impact on Los Angeles and California.USC was one of the earliest nodes on ARPANET and is the birthplace of the Domain Name System. Other technologies invented at USC include DNA computing, dynamic programming, image compression, VoIP, and antivirus software.USC's alumni include a total of 11 Rhodes Scholars and 12 Marshall Scholars. As of October 2018, nine Nobel laureates, six MacArthur Fellows, and one Turing Award winner have been affiliated with the university. Since May 2018, USC has conferred degrees upon 29 alumni that became billionaires. USC has graduated more alumni that have gone on to win an Academy Award than any other institution in the world by a significant margin. USC alumni have also played crucial roles in 21 of the top 25 highest-grossing films of all time, since 2019.USC sponsors a variety of intercollegiate sports and competes in the National Collegiate Athletic Association (NCAA) as a member of the Pac-12 Conference. Members of USC's sports teams, the Trojans, have won 107 NCAA team championships, ranking them third in the United States, and 409 NCAA individual championships, ranking them second in the United States. Trojan athletes have won 288 medals at the Olympic Games (135 golds, 88 silvers and 65 bronzes), more than any other university in the United States. In 1969, it joined the Association of American Universities. USC has had a total of 521 football players drafted to the National Football League, the second-highest number of drafted players in the country.","[""scions"", ""usc"", ""Resident Honors Program"", ""President of the university of southern california"", ""University of Southern California Press"", ""Campus of the university of southern california"", ""u$c"", ""University of Southern California at Los Angeles"", ""University of Southern California, California"", ""southern california review""]","scions | usc | Resident Honors Program | President of the university of southern california | University of Southern California Press | Campus of the university of southern california | u$c | University of Southern California at Los Angeles | University of Southern California, California | southern california review","[""cinema"", ""education"", ""turkiye""]","[""education_entity""]",true
Q463473,Kevork Malikyan,Kevork Malikyan (born 2 June 1943) is an Armenian actor and teacher. He is best known for his roles as Kazim in the film Indiana Jones and the Last Crusade (1989) and Max Papandrious in the television sitcom Mind Your Language (1977-1979).,"[""Kevork Malikyan"", ""kevork malikyan""]",Kevork Malikyan | kevork malikyan,"[""cinema"", ""people"", ""turkiye""]","[""cast_member""]",true
Q463514,Zahra Hindi,"Hindi Zahra (Tamazight: ⵀⵉⵏⴷⵉ ⵣⴰⵀⵕⴰ, Arabic: هندي زهرة, born 20 January 1979 in Khouribga, Morocco) is a Moroccan singer and actress. When coming up with a stage name, she simply inverted her birth name. Her songs are mostly in English but some lyrics as in the song ""Imik Si Mik"" are in the Berber language.Influenced by singers like Cheikha Rimitti,  Hindi Zahra has drawn comparisons with Beth Gibbons of Portishead, Billie Holiday, Patti Smith, and Norah Jones.","[""Zahra Hindi"", ""zahra hindi"", ""Hindi Zahra"", ""hindi zahra""]",Zahra Hindi | zahra hindi | Hindi Zahra | hindi zahra,"[""cinema"", ""people"", ""turkiye""]","[""cast_member""]",true
Q465998,Arsinee Khanjian,"Arsinée Khanjian (Western Armenian: Արսինէ Խանճեան, Eastern Armenian: Արսինե Խանջյան; born 6 September 1958) is an Armenian-Canadian actress and producer.","[""Arsinee Khanjian"", ""arsinée khanjian"", ""arsinee khangjian"", ""arsinee khanjian"", ""Arsinée Khanjian"", ""Arsinee Khangjian""]",Arsinee Khanjian | arsinée khanjian | arsinee khangjian | arsinee khanjian | Arsinée Khanjian | Arsinee Khangjian,"[""cinema"", ""people"", ""turkiye""]","[""cast_member"", ""person_seed""]",true
Q4663809,abbas in flower,Abbas in Flower (Turkish: Çiçek Abbas) is a 1982 Turkish comedy film directed by Sinan Çetin.,"[""abbas in flower"", ""Abbas in Flower"", ""çiçek abbas"", ""Çiçek Abbas""]",abbas in flower | Abbas in Flower | çiçek abbas | Çiçek Abbas,"[""cinema"", ""film"", ""turkiye""]","[""film""]",true
Q4667421,Deniz ugur,"Deniz Uğur (born October 17, 1973) is a Turkish film actress, script writer and dubbing artist.","[""Deniz ugur"", ""Deniz Ugur"", ""deniz ugur""]",Deniz ugur | Deniz Ugur | deniz ugur,"[""cinema"", ""people"", ""turkiye""]","[""cast_member""]",true
Q468418,filiz akın,"Filiz Akın (born Suna Akın, 2 January 1943) is a Turkish actress, writer and TV presenter. Known as Turkish cinema's ""noble, modern, urban and elegant face"", Filiz Akın won a huge fan base in Turkey, and earned reputation as a ""European face, college girl, and blonde star"".","[""filiz akın"", ""Filiz Akin"", ""filiz akin"", ""Filiz Akın""]",filiz akın | Filiz Akin | filiz akin | Filiz Akın,"[""cinema"", ""people"", ""turkiye""]","[""cast_member""]",true
Q4696189,Ahmet Mümtaz Taylan,"Ahmet Mümtaz Taylan (born 12 September 1965) is a Turkish film, television and theatre actor and director.","[""Ahmet Mümtaz Taylan"", ""ahmet mümtaz taylan"", ""ahmet mumtaz taylan"", ""Ahmet Mumtaz Taylan""]",Ahmet Mümtaz Taylan | ahmet mümtaz taylan | ahmet mumtaz taylan | Ahmet Mumtaz Taylan,"[""cinema"", ""people"", ""turkiye""]","[""cast_member""]",true
Q470210,Haluk Bilginer,"Nihat Haluk Bilginer (Turkish pronunciation: [haˈluk bilɟiˈneɾ]; born 5 June 1954) is a Turkish actor. In addition to his acting career in Turkey, he has also worked in the United Kingdom and remains best known for his role as Mehmet Osman in the television soap opera EastEnders during the 1980s. He has also starred in Hollywood movies as a minor actor. He played a villainous guerrilla leader in the 1987 comedy film Ishtar and a Turkish Mafioso in the 2001 dark comedy film Buffalo Soldiers.","[""Haluk Bilginer"", ""haluk bilginer""]",Haluk Bilginer | haluk bilginer,"[""cinema"", ""people"", ""turkiye""]","[""cast_member""]",true
Q47117,Balikesir Ili,"Balıkesir Province (Turkish: Balıkesir ili) is a province in northwestern Turkey with coastlines on both the Sea of Marmara and the Aegean. Its adjacent provinces are Çanakkale to the west, İzmir to the southwest, Manisa to the south, Kütahya to the southeast, and Bursa to the east. The provincial capital is Balıkesir. Most of the province lies in the Marmara Region except the southern parts of Bigadiç Edremit, Kepsut, İvrindi, Savaştepe and Sındırgı districts and ones of Ayvalık, Burhaniye, Dursunbey, Gömeç and Havran, that bound the Aegean Region.Kaz Dağı (pronounced [kaz daːɯ]), known also as Mount Ida, is located in this province.Balıkesir province is famous for its olives, thermal spas, and clean beaches, making it an important tourist destination. The province also hosts immense deposits of kaolinite and borax, with some open-pit mines. The Kaz mountains are also threatened with the expansion of gold mining using cyanide which puts the villagers' lives, the agricultural economy, and tourism at risk.","[""Balikesir Ili"", ""balıkesir i̇li province"", ""balıkesir i̇li"", ""Balıkesir İli"", ""Balıkesir Province Province"", ""balikesir province"", ""balıkesir province province"", ""balikesir ili province, turkey"", ""Balıkesir İli Province, Turkey"", ""Balıkesir Province""]","Balikesir Ili | balıkesir i̇li province | balıkesir i̇li | Balıkesir İli | Balıkesir Province Province | balikesir province | balıkesir province province | balikesir ili province, turkey | Balıkesir İli Province, Turkey | Balıkesir Province","[""cinema"", ""turkiye""]","[""turkey_neighbor""]",true
Q4724766,Ali Dusenkalkar,Ali Düşenkalkar (born 1961) is a Turkish Cypriot actor based in Turkey.,"[""Ali Dusenkalkar"", ""ali dusenkalkar"", ""Ali Düşenkalkar"", ""Ali Düsenkalkar"", ""ali düşenkalkar"", ""ali düsenkalkar""]",Ali Dusenkalkar | ali dusenkalkar | Ali Düşenkalkar | Ali Düsenkalkar | ali düşenkalkar | ali düsenkalkar,"[""cinema"", ""people"", ""turkiye""]","[""cast_member""]",true
Q4727547,aliye rona,"Aliye Rona (née Dilligil, 1921 – 29 August 1996) was a Turkish film actress starring in more than 130 movies, mostly of drama and romance genre, from 1947 until her death.She was born in Daraa, French Mandate for Syria and the Lebanon (today southwestern Syria). After acting in theater, she transferred to cinema in 1947.Aliye Rona, who was sister of Avni Dilligil, actor, screenwriter and film director, and had a marriage with the actor Zihni Rona, died on 29 August 1996 in Istanbul.","[""aliye rona"", ""Aliye Rona""]",aliye rona | Aliye Rona,"[""cinema"", ""people"", ""turkiye""]","[""cast_member""]",true
Q4736145,Altan Erkekli,Altan Erkekli (born 18 November 1955) is a Turkish theatre and film actor.,"[""Altan Erkekli"", ""altan erkekli""]",Altan Erkekli | altan erkekli,"[""cinema"", ""people"", ""turkiye""]","[""cast_member""]",true
Q47813,Çanakkale Province,"Çanakkale Province (Turkish: Çanakkale ili) is a province of Turkey, located in the northwestern part of the country. It takes its name from the city of Çanakkale.Like Istanbul, Çanakkale province has a European (Thrace) and an Asian (Anatolia) part. The European part is formed by the Gallipoli (Gelibolu) peninsula, while the Asian part is largely coterminous with the historic region of Troad in Anatolia. They are separated by the Dardanelles strait, connecting the Sea of Marmara and the Aegean Sea.The archaeological site of Troy is found in Çanakkale province.","[""Çanakkale Province"", ""çanakkale province"", ""canakkale province"", ""Canakkale province"", ""Canakkale Province"", ""Çanakkale ili"", ""Çanakkale province"", ""çanakkale ili""]",Çanakkale Province | çanakkale province | canakkale province | Canakkale province | Canakkale Province | Çanakkale ili | Çanakkale province | çanakkale ili,"[""cinema"", ""turkiye""]","[""birth_place""]",true
Q4802773,arzu yanardağ,Arzu Yanardağ (born 31 August 1977) is a Turkish actress and model.,"[""arzu yanardağ"", ""Arzu Yanardağ"", ""arzu yanardag"", ""Arzu Yanardag""]",arzu yanardağ | Arzu Yanardağ | arzu yanardag | Arzu Yanardag,"[""cinema"", ""people"", ""turkiye""]","[""cast_member""]",true
Q4807991,süt kardeşler,Süt Kardeşler is a 1976 Turkish comedy film directed by Ertem Eğilmez.,"[""süt kardeşler"", ""Sut Kardesler"", ""Süt Kardeşler"", ""sut kardesler""]",süt kardeşler | Sut Kardesler | Süt Kardeşler | sut kardesler,"[""cinema"", ""film"", ""turkiye""]","[""film"", ""film_seed""]",true
Q4808148,ask tesadüfleri sever,"Love Likes Coincidences (Turkish: Aşk Tesadüfleri Sever) is a 2011 Turkish drama film, directed by Ömer Faruk Sorak, starring Mehmet Günsür and Belçim Bilgin Erdoğan as star crossed lovers whose lives are intertwined by a series of coincidences. The film, which opened on February 4, 2011 (2011-02-04) at number 1 in the Turkish box office, is one of the highest grossing Turkish films of 2011. Dil Raju acquires the remake rights of this film for all Indian languages.","[""ask tesadüfleri sever"", ""Love Likes Coincidence"", ""Ask Tesadüfleri Sever"", ""aşk tesadüfleri sever"", ""Love Likes Coincidences"", ""love likes coincidence"", ""love likes coincidences"", ""Aşk Tesadüfleri Sever""]",ask tesadüfleri sever | Love Likes Coincidence | Ask Tesadüfleri Sever | aşk tesadüfleri sever | Love Likes Coincidences | love likes coincidence | love likes coincidences | Aşk Tesadüfleri Sever,"[""cinema"", ""film"", ""turkiye""]","[""film"", ""film_seed""]",true
Q4811871,asuman dabak,Asuman Dabak (born 1 February 1970) is a Turkish actress.,"[""asuman dabak"", ""Asuman Dabak""]",asuman dabak | Asuman Dabak,"[""cinema"", ""people"", ""turkiye""]","[""cast_member""]",true
Q4815792,Atil Inac,Atıl İnaç (born 22 March 1975) is a Turkish film director.,"[""Atil Inac"", ""atıl i̇naç"", ""Denizzzzz~enwiki/Atil Inac"", ""denizzzzz~enwiki/atil inac"", ""Atıl İnaç"", ""Atil İnaç"", ""atil i̇naç"", ""atil inac""]",Atil Inac | atıl i̇naç | Denizzzzz~enwiki/Atil Inac | denizzzzz~enwiki/atil inac | Atıl İnaç | Atil İnaç | atil i̇naç | atil inac,"[""cinema"", ""people"", ""turkiye""]","[""director""]",true
Q4817705,Tulin Sahin,"Tülin Şahin (born December 13, 1980) born Denmark is a Turkish top model, television presenter, author, and actress.","[""Tulin Sahin"", ""tulin sahin"", ""Tülin Şahin"", ""tülin şahin""]",Tulin Sahin | tulin sahin | Tülin Şahin | tülin şahin,"[""cinema"", ""people"", ""turkiye""]","[""cast_member""]",true
Q4827126,autumn (2007 film),"Autumn (Turkish: Sonbahar) is drama-genred film by Turkish director Özcan Alper, filmed trilingually in Turkish, Georgian, and Homshetsi Armenian. It was filmed in Hopa, Çamlıhemşin, and Kemalpaşa. It profiles the post-life of a 22-year-old imprisoned university student named Yusuf.","[""autumn (2007 film)"", ""Autumn (2007 film)"", ""autumn (2008 film)"", ""Autumn (2008 film)""]",autumn (2007 film) | Autumn (2007 film) | autumn (2008 film) | Autumn (2008 film),"[""cinema"", ""film"", ""turkiye""]","[""film""]",true
Q483078,Uşak Province,"Uşak (Turkish: Uşak ili) is a province in western Turkey. Its adjacent provinces are Manisa to the west, Denizli to the south, Afyon to the east, and Kütahya to the north. The provincial capital is Uşak, and its licence location code is 64. The province covers an area of 5,341 km2.In August 2018, the province decided to stop running digital advertisement on United States based social media platforms like Facebook, Google, Instagram, Twitter and YouTube canceling all of the budget as a response to the U.S. sanctions on Turkey. The U.S. sanctions were over the detention of the Pastor Andrew Brunson.","[""Uşak Province"", ""Uşak ili"", ""Usak Province"", ""uşak ili"", ""uşak province"", ""usak province""]",Uşak Province | Uşak ili | Usak Province | uşak ili | uşak province | usak province,"[""cinema"", ""turkiye""]","[""turkey_neighbor""]",true
Q4831727,Aytac Arman,"Aytaç Arman (born Veysel İnce; 22 June 1949 – 26 February 2019) was a Turkish actor. He appeared in more than 40 films and television shows between 1971 and 2019. He starred in the 1979 film The Enemy, which won an Honourable Mention at the 30th Berlin International Film Festival.","[""Aytac Arman"", ""Aytaç Arman"", ""aytac arman"", ""aytaç arman""]",Aytac Arman | Aytaç Arman | aytac arman | aytaç arman,"[""cinema"", ""people"", ""turkiye""]","[""cast_member""]",true
Q483195,tokat (province),"Tokat Province (Turkish: Tokat ili) is a province in northern Turkey. Its adjacent provinces are Amasya to the northwest, Yozgat to the southwest, Sivas to the southeast, and Ordu to the northeast. Its capital is Tokat, which lies inland of the middle Black Sea region, 422 kilometers from Ankara.","[""tokat (province)"", ""tokat province"", ""Tokat (province)"", ""Tokat Province""]",tokat (province) | tokat province | Tokat (province) | Tokat Province,"[""cinema"", ""turkiye""]","[""turkey_neighbor""]",true
Q4831964,aysen gruda,Ayşen Gruda (22 August 1944 – 23 January 2019) was a Turkish actress and comedian.,"[""aysen gruda"", ""Aysen Gruda"", ""ayşen gruda"", ""Ayşen Gruda""]",aysen gruda | Aysen Gruda | ayşen gruda | Ayşen Gruda,"[""cinema"", ""people"", ""turkiye""]","[""cast_member""]",true
Q4832684,i̇hsan yüce,"İhsan Yüce (23 January 1929 – 15 May 1991) was a Turkish actor and occasionally, scenarist and director.","[""i̇hsan yüce"", ""Ihsan Yuce"", ""ihsan yuce"", ""İhsan Yüce""]",i̇hsan yüce | Ihsan Yuce | ihsan yuce | İhsan Yüce,"[""cinema"", ""people"", ""turkiye""]","[""cast_member""]",true
Q48338,kaisari,"Kayseri (Turkish pronunciation: [ˈkajseɾi]) is a large industrialised city in Central Anatolia, Turkey. It is the seat of Kayseri Province. The city of Kayseri, as defined by the boundaries of Kayseri Metropolitan Municipality, is structurally composed of five metropolitan districts, the two core districts of Kocasinan and Melikgazi, and since 2004, also Hacılar, İncesu and Talas.Kayseri is located at the foot of the extinct volcano Mount Erciyes that towers 3,916 metres (12,848 feet) over the city. The city is often cited in the first ranks among Turkey's cities that fit the definition of Anatolian Tigers.The city retains a number of historical monuments, including several from the Seljuk period. While it is generally visited en route to the international tourist attractions of Cappadocia, Kayseri has many attractions in its own right: Seljuk and Ottoman era monuments in and around the city centre, Mount Erciyes as a trekking and alpinism centre, Zamantı River as a rafting centre, and the historic sites of Kültepe, Ağırnas, Talas and Develi. Kayseri is served by Erkilet International Airport and is home to Erciyes University.According to the Turkish Statistical Institute, as of 2011 the city of Kayseri had a population of 844,656; while Kayseri Province had a population of 1,234,651.","[""kaisari"", ""cæsarea"", ""kayseri, turkey"", ""eusebia at the argaeus"", ""eusebia"", ""History of Kayseri"", ""Cæsarea"", ""Mazaka"", ""caesarea"", ""قیصریه""]","kaisari | cæsarea | kayseri, turkey | eusebia at the argaeus | eusebia | History of Kayseri | Cæsarea | Mazaka | caesarea | قیصریه","[""cinema"", ""turkiye""]","[""birth_place""]",true
Q483758,anadolu university,"Anadolu University (Turkish: Anadolu Üniversitesi) is a public university in Eskişehir, Turkey. The university is ranked by Times Higher Education among the best in Turkey.","[""anadolu university"", ""Anadolu Üniversitesi"", ""Anadolu Universitesi"", ""anadolu universitesi"", ""anadolu üniversitesi"", ""Anadolu University""]",anadolu university | Anadolu Üniversitesi | Anadolu Universitesi | anadolu universitesi | anadolu üniversitesi | Anadolu University,"[""cinema"", ""education"", ""turkiye""]","[""education_entity""]",true
Q4875335,basak koklukaya,"Başak Köklükaya (born 19 April 1974) is a Turkish actress. She has appeared in over 20 films and television shows since 1989. She starred in The Confession, which was screened in the Un Certain Regard section at the 2002 Cannes Film Festival. She studied at the Hacettepe University, Ankara State Conservatory and Bilkent University.","[""basak koklukaya"", ""Basak Koklukaya"", ""başak köklükaya"", ""Başak Köklükaya"", ""Basak Köklükaya"", ""basak köklükaya""]",basak koklukaya | Basak Koklukaya | başak köklükaya | Başak Köklükaya | Basak Köklükaya | basak köklükaya,"[""cinema"", ""people"", ""turkiye""]","[""cast_member""]",true
Q4880647,begum kutuk,Begüm Kütük (born 27 August 1980)  is a Turkish actress and model.,"[""begum kutuk"", ""Begüm Kütük Yaşaroğlu"", ""begüm kütük"", ""begüm kütük yaşaroğlu"", ""Begum Kutuk"", ""Begüm Kütük""]",begum kutuk | Begüm Kütük Yaşaroğlu | begüm kütük | begüm kütük yaşaroğlu | Begum Kutuk | Begüm Kütük,"[""cinema"", ""people"", ""turkiye""]","[""cast_member""]",true
Q4914460,Binnur Kaya,Binnur Kaya (born 19 April 1972) is a Turkish actress.,"[""Binnur Kaya"", ""binnur kaya""]",Binnur Kaya | binnur kaya,"[""cinema"", ""people"", ""turkiye""]","[""cast_member""]",true
Q4922219,Black and White (2010 film),"Black and White (Turkish: Siyah Beyaz) is a 2010 Turkish drama film directed by Ahmet Boyacıoğlu which tells the stories of a group of regulars at a famous bar in Ankara, and was described by the director as being a film ""about loneliness, growing old, friendship, solidarity, and that special bond you feel for Ankara."" The film, which takes its name from the Siyah Beyaz Bar and Art Gallery where it is set, is according to Today's Zaman reviewer Emine Yıldırım ""an adamant ode to this bar"", which ""has been a landmark of high-end art and upper-crust intellectualism for longer than 20 years...and on a larger scale, the city it represents through its group of characters."" It went on general release across Turkey on April 23, 2010 (2010-04-23) and was selected for the 47th Antalya ""Golden Orange"" International Film Festival and the 59th Mannheim-Heidelberg Film Festival.","[""Black and White (2010 film)"", ""siyah beyaz"", ""black and white (2010 film)"", ""Siyah Beyaz""]",Black and White (2010 film) | siyah beyaz | black and white (2010 film) | Siyah Beyaz,"[""cinema"", ""film"", ""turkiye""]","[""film_seed""]",true
Q492478,"terre haute, indiana/comments","Terre Haute ( TERR-ə HOHT) is a city in and the county seat of Vigo County, Indiana, United States, near the state's western border with Illinois. As of the 2010 census, the city had a total population of 60,785 and its metropolitan area had a population of 170,943.Located along the Wabash River, Terre Haute is the ""capital"" of the Wabash Valley. The city is home to several higher education institutions, including Indiana State University, Saint Mary-of-the-Woods College, Rose-Hulman Institute of Technology and Ivy Tech Community College of Indiana.","[""terre haute, indiana/comments"", ""Terre Haute, Indiana"", ""Terre Haute, Indiana/Comments"", ""terrehaute"", ""Terre Haute Ind"", ""Terre Haute, Indian"", ""terre haute (in)"", ""Terre-Haute"", ""terrible haute"", ""terre haute, ind.""]","terre haute, indiana/comments | Terre Haute, Indiana | Terre Haute, Indiana/Comments | terrehaute | Terre Haute Ind | Terre Haute, Indian | terre haute (in) | Terre-Haute | terrible haute | terre haute, ind.","[""cinema"", ""turkiye""]","[""birth_place""]",true
Q4938585,bojan navojec,Bojan Navojec (born 26 April 1976 in Bjelovar) is a Croatian theatre and film actor.,"[""bojan navojec"", ""Bojan Navojec""]",bojan navojec | Bojan Navojec,"[""cinema"", ""people"", ""turkiye""]","[""person_seed""]",true
Q494719,im juli,In July (German: Im Juli.) is a 2000 German-Turkish road movie.,"[""im juli"", ""In July (film)"", ""Im Juli"", ""in july (film)""]",im juli | In July (film) | Im Juli | in july (film),"[""cinema"", ""film"", ""turkiye""]","[""film"", ""film_seed""]",true
Q5003637,Bugra Gulsoy,"Buğra Gülsoy (born February 22, 1982) is a Turkish actor, screenwriter, productor, architect, director, graphic designer and photographer.","[""Bugra Gulsoy"", ""buğra gülsoy"", ""Buğra Gülsoy"", ""bugra gulsoy""]",Bugra Gulsoy | buğra gülsoy | Buğra Gülsoy | bugra gulsoy,"[""cinema"", ""people"", ""turkiye""]","[""cast_member""]",true
Q501820,turgut demirag,"Turgut Demirağ (13 December 1921 – 14 January 1987) was a Turkish film producer, director and screenwriter. He directed 16 films between 1947 and 1973. His 1964 film Love and Grudge was entered into the 4th Moscow International Film Festival.","[""turgut demirag"", ""turgut demirağ"", ""Turgut Demirag"", ""Turgut Demirağ""]",turgut demirag | turgut demirağ | Turgut Demirag | Turgut Demirağ,"[""cinema"", ""people"", ""turkiye""]","[""director""]",true
Q505264,ezel akay,"Ezel Akay (born 20 January 1961) is a Turkish film actor, film director and film producer.","[""ezel akay"", ""Ezel Akay""]",ezel akay | Ezel Akay,"[""cinema"", ""people"", ""turkiye""]","[""director""]",true
Q5058838,cengiz kucukayvaz,Cengiz Küçükayvaz (born 30 July 1968) is a Turkish actor who usually appears in comedic roles.,"[""cengiz kucukayvaz"", ""Cengiz Kucukayvaz"", ""cengiz küçükayvaz"", ""Cengiz Küçükayvaz""]",cengiz kucukayvaz | Cengiz Kucukayvaz | cengiz küçükayvaz | Cengiz Küçükayvaz,"[""cinema"", ""people"", ""turkiye""]","[""cast_member""]",true
Q5098492,children of sarajevo,"Children of Sarajevo (Bosnian: Djeca) is a 2012 Bosnian drama film directed by Aida Begić. The film competed in the Un Certain Regard section at the 2012 Cannes Film Festival where it won the Special Distinction award. The film was selected as the Bosnian entry for the Best Foreign Language Oscar at the 85th Academy Awards, but it did not make the final shortlist.","[""children of sarajevo"", ""djeca"", ""Children of Sarajevo"", ""Djeca""]",children of sarajevo | djeca | Children of Sarajevo | Djeca,"[""cinema"", ""film"", ""turkiye""]","[""film""]",true
Q510175,prix de la mise en scène,"The Best Director Award (French: Prix de la mise en scène) is an annual award presented at the Cannes Film Festival for best directing achievements in a feature film screened as part of festival's official selection (i.e. films selected for the competition program which compete for the festival's main prize Palme d'Or). Awarded by festival's jury, it was first given in 1946.The prize was not awarded on 12 occasions (1947, 1953–54, 1960, 1962–64, 1971, 1973–74, 1977, 1980). In addition, the festival was not held at all in 1948 and 1950, while in 1968 no awards were given as the festival was called off mid-way due to the May 1968 events in France. Also, the jury vote was tied and prize was shared by two directors on seven occasions (1955, 1969, 1975, 1983, 2001, 2002 and 2016).The winner of Best Director Award rarely wins the Palme d'Or, the main prize at the festival (note that the Palme d'Or is awarded to the film's director as well; the only exception is the case of Blue Is the Warmest Colour, where the actresses were also awarded with the director). This happened only twice, in 1991, when Joel Coen won both awards for Barton Fink, and in 2003, when Gus Van Sant won for his film Elephant.","[""prix de la mise en scène"", ""Best Director Award (Cannes Film Festival)"", ""grand prix du cinema de creation"", ""best director award (cannes film festival)"", ""Grand Prix du cinéma de creation"", ""grand prix du cinéma de creation"", ""Best Director Award"", ""Prix de la mise en scene"", ""prix de la mise en scene"", ""Prix de la mise en scène""]",prix de la mise en scène | Best Director Award (Cannes Film Festival) | grand prix du cinema de creation | best director award (cannes film festival) | Grand Prix du cinéma de creation | grand prix du cinéma de creation | Best Director Award | Prix de la mise en scene | prix de la mise en scene | Prix de la mise en scène,"[""award"", ""cinema"", ""turkiye""]","[""award""]",true
Q522362,Bad Säckingen,"Bad Säckingen is a rural town in the administrative district of Waldshut in the state of Baden-Württemberg in Germany. It is famous as the ""Trumpeteer's City"" because of the book Der Trompeter von Säckingen (""The Trumpeter of Säckingen""), a famous 19th-century novel by German author Joseph Victor von Scheffel.","[""Bad Säckingen"", ""saeckingen"", ""bad säckingen"", ""bad sackingen"", ""Sackingen"", ""bad saeckingen"", ""Saeckingen"", ""seckingen"", ""Bad Sackingen"", ""sackingen""]",Bad Säckingen | saeckingen | bad säckingen | bad sackingen | Sackingen | bad saeckingen | Saeckingen | seckingen | Bad Sackingen | sackingen,"[""cinema"", ""turkiye""]","[""birth_place""]",true
Q5289694,dolunay soysert,Dolunay Soysert (born 25 March 1973) is a  Turkish actress.,"[""dolunay soysert"", ""Soysert"", ""soysert"", ""Dolunay Soysert""]",dolunay soysert | Soysert | soysert | Dolunay Soysert,"[""cinema"", ""people"", ""turkiye""]","[""cast_member""]",true
Q531443,kenan i̇mirzalıoğlu,"Kenan İmirzalıoğlu (born 18 June 1974, Ankara) is a Turkish actor and former model. He is 1.92 m(6 feet 4 inc) tall. İmirzalıoğlu appeared in the action films Son Osmanlı Yandım Ali (The Last Ottoman: Knockout Ali) and Kabadayı (For Love and Honor). He returned to television in 2009 with the series Ezel and also starred in the action film Ejder Kapanı (Dragon Trap) directed by Uğur Yücel. On 14 May 2016, İmirzalıoğlu married his partner actress Sinem Kobal.","[""kenan i̇mirzalıoğlu"", ""Kenan Imirzalioglu"", ""Kenan İmirzalıoğlu"", ""kenan imirzalioglu""]",kenan i̇mirzalıoğlu | Kenan Imirzalioglu | Kenan İmirzalıoğlu | kenan imirzalioglu,"[""cinema"", ""people"", ""turkiye""]","[""cast_member""]",true
Q5352355,Yazısı,"El Yazısı (international title: One Day or Another) is a Turkish drama, comedy film written and directed by Ali Vatansever (Ali Vatansever). Produced by Terminal Film, it follows three stories of hope on a single day in an oppressed small Anatolian town, when they are welcoming their very first foreign English teacher.Bringing together a powerful Turkish cast of Cansu Dere (Cansu Dere), Sarp Akkaya (Sarp Akkaya), Sercan Badur (Sercan Badur), Salih Kalyon (Salih Kalyon), Baran Akbulut (Baran Akbulut), Bahtiyar Engin (Bahtiyar Engin), Ayşe Selen (Ayşe Selen), Kenan Bal (Kenan Bal) and a foreign actress Wilma Elles (Wilma Elles), the film will be released on March 23, 2012 in Turkey.El Yazısı is also one of the first partially crowdfunded film in Turkey.","[""Yazısı"", ""El Yazisi"", ""el yazısı"", ""El Yazısı"", ""yazısı"", ""el yazisi""]",Yazısı | El Yazisi | el yazısı | El Yazısı | yazısı | el yazisi,"[""cinema"", ""film"", ""turkiye""]","[""film""]",true
Q5355422,Masaaki Uchino,"Seiyō Uchino (内野 聖陽, Uchino Seiyō, born September 16, 1968, in Kōhoku-ku, Yokohama, Kanagawa Prefecture, Japan) is a Japanese actor who is represented by Stardust Promotion.","[""Masaaki Uchino"", ""seiyou uchino"", ""Seiyo Uchino"", ""seiyo uchino"", ""内野聖陽"", ""Seiyō Uchino"", ""seiyō uchino"", ""masaaki uchino"", ""Seiyou Uchino""]",Masaaki Uchino | seiyou uchino | Seiyo Uchino | seiyo uchino | 内野聖陽 | Seiyō Uchino | seiyō uchino | masaaki uchino | Seiyou Uchino,"[""cinema"", ""people"", ""turkiye""]","[""cast_member""]",true
Q536298,yeşim ustaoğlu,Yeşim Ustaoğlu (born 18 November 1960) is a Turkish filmmaker and screenwriter.,"[""yeşim ustaoğlu"", ""Yesim Ustaoglu"", ""yesim ustaoglu"", ""Yeşim Ustaoğlu""]",yeşim ustaoğlu | Yesim Ustaoglu | yesim ustaoglu | Yeşim Ustaoğlu,"[""cinema"", ""people"", ""turkiye""]","[""director""]",true
Q5377630,Engin Gunaydin,Engin Günaydın (born 29 January 1972) is a Turkish actor and comedian.,"[""Engin Gunaydin"", ""engin günaydın"", ""engin günaydin"", ""engin gunaydin"", ""Engin Günaydin"", ""Engin Günaydın""]",Engin Gunaydin | engin günaydın | engin günaydin | engin gunaydin | Engin Günaydin | Engin Günaydın,"[""cinema"", ""people"", ""turkiye""]","[""cast_member""]",true
Q5385256,erdal özyağcılar,"Erdal Özyağcılar (born 1948) is a Turkish actor. He has appeared in films, on the stage and on television.","[""erdal özyağcılar"", ""Erdal Ozyagcilar"", ""erdal ozyagcilar"", ""Erdal Özyağcılar""]",erdal özyağcılar | Erdal Ozyagcilar | erdal ozyagcilar | Erdal Özyağcılar,"[""cinema"", ""people"", ""turkiye""]","[""cast_member""]",true
Q5423258,Ezgi Mola,Mercan Ezgi Mola (born 29 March 1983) is a Turkish actress.,"[""Ezgi Mola"", ""ezgi mola""]",Ezgi Mola | ezgi mola,"[""cinema"", ""people"", ""turkiye""]","[""cast_member""]",true
Q5423534,Eşref Kolçak,Eşref Kolçak (28 January 1927 – 26 May 2019) was a Turkish actor.,"[""Eşref Kolçak"", ""esref kolçak"", ""esref kolcak"", ""eşref kolçak"", ""Esref Kolcak"", ""Esref Kolçak""]",Eşref Kolçak | esref kolçak | esref kolcak | eşref kolçak | Esref Kolcak | Esref Kolçak,"[""cinema"", ""people"", ""turkiye""]","[""cast_member""]",true
Q5437360,yazgı,Fate (Turkish: Yazgı) is a 2001 Turkish drama film directed and screen-written by Zeki Demirkubuz based on the Albert Camus novel L'Étranger. It was screened in the Un Certain Regard section at the 2002 Cannes Film Festival.,"[""yazgı"", ""yazgi"", ""Fate: Tales About Darkness"", ""fate: tales about darkness"", ""Yazgı"", ""Yazgi"", ""fate (2001 film)"", ""Fate (2001 film)""]",yazgı | yazgi | Fate: Tales About Darkness | fate: tales about darkness | Yazgı | Yazgi | fate (2001 film) | Fate (2001 film),"[""cinema"", ""film"", ""turkiye""]","[""film""]",true
Q5444280,ferhan sensoy,"Ferhan Şensoy (born 26 February 1951) is a prominent Turkish playwright, actor and stage director.","[""ferhan sensoy"", ""Ferhan Şensoy"", ""ferhan şensoy"", ""Ferhan Ṣensoy"", ""ferhan ṣensoy"", ""Ferhan Sensoy""]",ferhan sensoy | Ferhan Şensoy | ferhan şensoy | Ferhan Ṣensoy | ferhan ṣensoy | Ferhan Sensoy,"[""cinema"", ""people"", ""turkiye""]","[""cast_member""]",true
Q547316,Genie Award for Best Performance by an Actress in a Leading Role,"The Academy of Canadian Cinema & Television presents an annual award for Best Performance by an Actress in a Leading Role to the best performance by a lead actress in a Canadian film. The award was first presented in 1968 by the Canadian Film Awards, and was presented annually until 1978 with the exception of 1969, when no eligible feature films were submitted for award consideration, and 1974 due to the cancellation of the awards that year.From 1980 until 2012, the award was presented as part of the Genie Awards ceremony; since 2013, it has been presented as part of the Canadian Screen Awards.From 1980 to 1983, only Canadian actresses were eligible for the award; non-Canadian actresses appearing in Canadian films were instead considered for the separate Genie Award for Best Performance by a Foreign Actress. After 1983, the latter award was discontinued, and from 1986 both Canadian and foreign actresses were eligible for Best Performance by an Actress in a Leading Role.","[""Genie Award for Best Performance by an Actress in a Leading Role"", ""Academy of Canadian Cinema and Television Award for Best Performance by an Actress in a Leading Role"", ""academy of canadian cinema and television award for best performance by an actress in a leading role"", ""canadian screen award for best actress"", ""canadian screen award for best performance by an actress in a leading role"", ""genie award for best performance by an actress in a leading role"", ""Canadian Screen Award for Best Performance by an Actress in a Leading Role"", ""Canadian Screen Award for Best Actress"", ""Genie award for best performance by an actress in a leading role""]",Genie Award for Best Performance by an Actress in a Leading Role | Academy of Canadian Cinema and Television Award for Best Performance by an Actress in a Leading Role | academy of canadian cinema and television award for best performance by an actress in a leading role | canadian screen award for best actress | canadian screen award for best performance by an actress in a leading role | genie award for best performance by an actress in a leading role | Canadian Screen Award for Best Performance by an Actress in a Leading Role | Canadian Screen Award for Best Actress | Genie award for best performance by an actress in a leading role,"[""award"", ""cinema"", ""turkiye""]","[""award""]",true
Q55,Netherlands (European territory),"The Netherlands (Dutch: Nederland, [ˈneːdərlɑnt] (listen)) is a country located mainly in Northwestern Europe. The European portion of the Netherlands consists of twelve provinces that border Germany to the east, Belgium to the south, and the North Sea to the northwest, with maritime borders in the North Sea with Belgium, Germany and the United Kingdom. Together with three island territories in the Caribbean Sea—Bonaire, Sint Eustatius and Saba—it forms a constituent country of the Kingdom of the Netherlands. The official language is Dutch, but a secondary official language in the province of Friesland is West Frisian.The six largest cities in the Netherlands are Amsterdam, Rotterdam, The Hague, Utrecht, Eindhoven and Tilburg. Amsterdam is the country's capital, while The Hague holds the seat of the States General, Cabinet and Supreme Court. The Port of Rotterdam is the largest port in Europe, and the largest in any country outside Asia. The country is a founding member of the EU, Eurozone, G10, NATO, OECD and WTO, as well as a part of the Schengen Area and the trilateral Benelux Union. It hosts several intergovernmental organisations and international courts, many of which are centered in The Hague, which is consequently dubbed 'the world's legal capital'.Netherlands literally means 'lower countries' in reference to its low elevation and flat topography, with only about 50% of its land exceeding 1 metre (3 ft 3 in) above sea level, and nearly 17% falling below sea level. Most of the areas below sea level, known as polders, are the result of land reclamation that began in the 16th century. With a population of 17.30 million people, all living within a total area of roughly 41,500 square kilometres (16,000 sq mi)—of which the land area is 33,700 square kilometres (13,000 sq mi)—the Netherlands is one of the most densely populated countries in the world. Nevertheless, it is the world's second-largest exporter of food and agricultural products (after the United States), owing to its fertile soil, mild climate, and intensive agriculture.The Netherlands has been a parliamentary constitutional monarchy with a unitary structure since 1848. The country has a tradition of pillarisation and a long record of social tolerance, having legalised abortion, prostitution and human euthanasia, along with maintaining a progressive drug policy. The Netherlands abolished the death penalty in 1870, allowed women's suffrage in 1917, and became the world's first country to legalise same-sex marriage in 2001. Its mixed-market advanced economy had the thirteenth-highest per capita income globally. The Netherlands ranks among the highest in international indexes of press freedom, economic freedom, human development, and quality of life, as well as happiness.","[""Netherlands (European territory)"", ""nederlands"", ""holland (country)"", ""Netherlands, The"", ""NL"", ""pays-bas"", ""Mainland Netherlands"", ""netherlands (after 1945)"", ""Pays-Bas"", ""netherlands""]","Netherlands (European territory) | nederlands | holland (country) | Netherlands, The | NL | pays-bas | Mainland Netherlands | netherlands (after 1945) | Pays-Bas | netherlands","[""cinema"", ""geography"", ""turkiye""]","[""country""]",true
Q551683,jean marc barr,Jean-Marc Barr (born 27 September 1960) is a French American film actor and director.,"[""jean marc barr"", ""Jean Marc Barr"", ""Jean-Marc Barr/Comments"", ""Jean-Marc Barr"", ""jean-marc barr/comments"", ""jean-marc barr""]",jean marc barr | Jean Marc Barr | Jean-Marc Barr/Comments | Jean-Marc Barr | jean-marc barr/comments | jean-marc barr,"[""cinema"", ""people"", ""turkiye""]","[""cast_member"", ""person_seed""]",true
Q55460,Ferzan Özpetek,"Ferzan Özpetek (born 3 February 1959) is a Turkish-Italian film director and screenwriter, residing in Italy.","[""Ferzan Özpetek"", ""ferzan özpetek"", ""Ferzan Ozpeteck"", ""Ferzan Ozpetek"", ""ferzan ozpetek"", ""ferzan ozpeteck""]",Ferzan Özpetek | ferzan özpetek | Ferzan Ozpeteck | Ferzan Ozpetek | ferzan ozpetek | ferzan ozpeteck,"[""cinema"", ""people"", ""turkiye""]","[""director""]",true
Q5558187,gianni capaldi,Gianni Capaldi is a Scottish film and television actor as well as a film and television producer.,"[""gianni capaldi"", ""Gianni Capaldi""]",gianni capaldi | Gianni Capaldi,"[""cinema"", ""people"", ""turkiye""]","[""cast_member""]",true
Q558287,yildirim akbulut,"Yıldırım Akbulut (Turkish pronunciation: [jɯɫdɯˈɾɯm akbuˈɫut]; born 15 November 1935, in Erzincan) is a Turkish politician, who was a leader of the Anavatan Partisi (Motherland Party), a former Prime Minister of Turkey and twice the Speaker of the Grand National Assembly of Turkey.","[""yildirim akbulut"", ""Yildirim Akbulut"", ""Yıldırım Akbulut"", ""yıldırım akbulut""]",yildirim akbulut | Yildirim Akbulut | Yıldırım Akbulut | yıldırım akbulut,"[""cinema"", ""turkiye""]","[""turkey_neighbor""]",true
Q558853,Erol Taş,"Erol Taş (28 February 1928 – 8 November 1998) was a Turkish film actor. He appeared in 220 films between 1957 and 1998. He starred in the 1964 film Susuz Yaz, which won the Golden Bear at the 14th Berlin International Film Festival.","[""Erol Taş"", ""erol tas"", ""erol taş"", ""Erol Tas""]",Erol Taş | erol tas | erol taş | Erol Tas,"[""cinema"", ""people"", ""turkiye""]","[""cast_member""]",true
Q56036,Berlin (West),"West Berlin (German: Berlin (West) or colloquially West-Berlin) was a political enclave which comprised the western part of Berlin during the years of the Cold War. There was no specific date on which the sectors of Berlin occupied by the Western Allies became ""West Berlin"", but 1949 is widely accepted as the year in which the name was adopted. West Berlin aligned itself politically with the Federal Republic of Germany (called the ""Bonn Republic"" by historians) and was directly or indirectly represented in its federal institutions.West Berlin was formally controlled by the Western Allies and was entirely surrounded by the Soviet-controlled East Berlin and East Germany. West Berlin had great symbolic significance during the Cold War, as it was widely considered by westerners as an ""island of freedom"". It was heavily subsidised by West Germany as a ""showcase of the West"". A wealthy city, West Berlin was noted for its distinctly cosmopolitan character, and as a centre of education, research and culture. With about two million inhabitants, West Berlin had the largest population of any city in Germany during the Cold War era.West Berlin was 100 miles (161 kilometres) east and north of the Inner German border and only accessible by land from West Germany by narrow rail and highway corridors. It consisted of the American, British, and French occupation sectors established in 1945. The Berlin Wall, built in 1961, physically separated West Berlin from its East Berlin and East German surroundings until it fell in 1989. On 3 October 1990, the day Germany was officially reunified, East and West Berlin formally reunited as the city of Berlin.","[""Berlin (West)"", ""West Berlin"", ""westberlin"", ""Occupied Berlin"", ""west-berlin"", ""berlin (west)"", ""western berlin"", ""Westberlin"", ""West Berlin, West Germany"", ""Western Berlin""]","Berlin (West) | West Berlin | westberlin | Occupied Berlin | west-berlin | berlin (west) | western berlin | Westberlin | West Berlin, West Germany | Western Berlin","[""cinema"", ""turkiye""]","[""birth_place""]",true
Q5626506,göksel arsoy,Göksel Arsoy (born 15 March 1936) is a Turkish actor.,"[""göksel arsoy"", ""goksel arsoy"", ""Goksel Arsoy"", ""Göksel Arsoy""]",göksel arsoy | goksel arsoy | Goksel Arsoy | Göksel Arsoy,"[""cinema"", ""people"", ""turkiye""]","[""cast_member""]",true
Q5626880,Guelsen Bubikoglu,"Gülşen Bubikoğlu (born 5 December 1954) is a Turkish actress, one of the leading ladies of Turkish cinema in the 1970s and into the early 1980s. She studied at Fatih Kız Lisesi and was a fashion model for a time. Her first leading role was in Yaban in 1973. She and Tarik Akan formed one of the most recognised couples on the screen in the Turkish film history having acted in many romantic comedies together. She starred in many films of famous director Türker İnanoğlu, whom she married later.","[""Guelsen Bubikoglu"", ""gulsen bubikoglu"", ""Gulsen Bubikoglu"", ""Gülşen Bubikoğlu"", ""gülşen bubikoğlu"", ""Gülsen Bubikoglu"", ""guelsen bubikoglu"", ""gülsen bubikoglu""]",Guelsen Bubikoglu | gulsen bubikoglu | Gulsen Bubikoglu | Gülşen Bubikoğlu | gülşen bubikoğlu | Gülsen Bubikoglu | guelsen bubikoglu | gülsen bubikoglu,"[""cinema"", ""people"", ""turkiye""]","[""cast_member""]",true
Q5641421,hale soygazi,Hale Soygazi (born 21 September 1950) is a Turkish actress and beauty pageant titleholder.,"[""hale soygazi"", ""Hale Soygazi""]",hale soygazi | Hale Soygazi,"[""cinema"", ""people"", ""turkiye""]","[""cast_member""]",true
Q5644666,Hamid tamjidi,"Hamid Tamjidi (Persian حمید تمجیدی) (born 1956) is an Iranian writer, film director, and producer.","[""Hamid tamjidi"", ""Hamid Tamjidi"", ""hamid tamjidi""]",Hamid tamjidi | Hamid Tamjidi | hamid tamjidi,"[""cinema"", ""people"", ""turkiye""]","[""director""]",true
Q5651479,Hanim (film),Hanım is a 1989 Turkish drama film directed by Halit Refiğ.,"[""Hanim (film)"", ""hanım (film)"", ""Hanım (film)"", ""hanim (film)""]",Hanim (film) | hanım (film) | Hanım (film) | hanim (film),"[""cinema"", ""film"", ""turkiye""]","[""film""]",true
Q567269,Anno Saul,"Anno Saul (born 14 November 1963, Bonn, West Germany) is a German screenwriter and film director.","[""Anno Saul"", ""anno saul""]",Anno Saul | anno saul,"[""cinema"", ""people"", ""turkiye""]","[""director""]",true
Q567579,Kebab Connection,"Kebab Connection is a 2004 German-Turkish comedy film, with some slapstick, set in Hamburg.","[""Kebab Connection"", ""kebab connection""]",Kebab Connection | kebab connection,"[""cinema"", ""film"", ""turkiye""]","[""film"", ""film_seed""]",true
Q573156,Crossing the Bridge: The Sound of Istanbul,"Crossing the Bridge: The Sound of Istanbul is a 2005 film/documentary directed by Fatih Akın. The film is a journey through the music scene in modern Istanbul, Turkey as well as portraying its cultural life. It was screened out of competition at the 2005 Cannes Film Festival.It features German musician Alexander Hacke (member of Einstürzende Neubauten) as the narrator. Hacke and Akın travelled around Istanbul with a mobile recording studio and a microphone, assembling an inspired portrait of Turkish music — from arabesque to indie rock and rap.Among the featured artists in the film are (in order of appearance):Baba ZulaOrient ExpressionsDumanReplikasErkin KorayCezaAybenIstanbul Style BreakersMercan DedeSelcukBrenna MacCrimmonSelim SeslerSiyasiyabendNur CeylanAynur (i.e. Aynur Doğan)Orhan GencebayMüzeyyen SenarSezen AksuSertab Erener","[""Crossing the Bridge: The Sound of Istanbul"", ""Crossing The Bridge / The Sound Of Istanbul"", ""crossing the bridge / the sound of istanbul"", ""Crossing the Bridge - the Sound of Istanbul"", ""Crossing The Bridge: The Sound Of Istanbul"", ""crossing the bridge: the sound of istanbul"", ""crossing the bridge - the sound of istanbul""]",Crossing the Bridge: The Sound of Istanbul | Crossing The Bridge / The Sound Of Istanbul | crossing the bridge / the sound of istanbul | Crossing the Bridge - the Sound of Istanbul | Crossing The Bridge: The Sound Of Istanbul | crossing the bridge: the sound of istanbul | crossing the bridge - the sound of istanbul,"[""cinema"", ""film"", ""turkiye""]","[""film""]",true
Q586,Bonn,"The Federal City of Bonn (German pronunciation: [bɔn] (listen)) is a city on the banks of the Rhine in the German state of North Rhine-Westphalia, with a population of over 300,000. About 24 km (15 mi) south-southeast of Cologne, Bonn is in the southernmost part of the Rhine-Ruhr region, Germany's largest metropolitan area, with over 11 million inhabitants. It is famously known as the birthplace of Ludwig van Beethoven in 1770. Beethoven spent his childhood and teenage years in Bonn.Because of a political compromise following German reunification, the German federal government maintains a substantial presence in Bonn. Roughly a third of all ministerial jobs are located in Bonn as of 2019, and the city is considered a second, unofficial, capital of the country. Bonn is the secondary seat of the President, the Chancellor, the Bundesrat and the primary seat of six federal government ministries and twenty federal authorities. The title of Federal City (German: Bundesstadt) reflects its important political status within Germany.Founded in the 1st century BC as a Roman settlement, Bonn is one of Germany's oldest cities. From 1597 to 1794, Bonn was the capital of the Electorate of Cologne, and residence of the Archbishops and Prince-electors of Cologne. From 1949 to 1990, Bonn was the capital of West Germany, and Germany's present constitution, the Basic Law, was declared in the city in 1949. The era when Bonn served as the capital of West Germany is referred to by historians as the Bonn Republic. From 1990 to 1999, Bonn served as the seat of government – but no longer capital – of reunited Germany.The headquarters of Deutsche Post DHL and Deutsche Telekom, both DAX-listed corporations, are in Bonn. The city is home to the University of Bonn and a total of 20 United Nations institutions, including headquarters for Secretariat of the UN Framework Convention Climate Change (UNFCCC), the Secretariat of the UN Convention to Combat Desertification (UNCCD), and the UN Volunteers programme.","[""Bonn"", ""bonn, germany"", ""Schwarzrheindorf"", ""Castra Bonnensis"", ""schwarzrheindorf"", ""Bonn (district)"", ""Bonnsch (beer)"", ""history of bonn"", ""bonn"", ""Schwarzrheindorf/Vilich-Rheindorf""]","Bonn | bonn, germany | Schwarzrheindorf | Castra Bonnensis | schwarzrheindorf | Bonn (district) | Bonnsch (beer) | history of bonn | bonn | Schwarzrheindorf/Vilich-Rheindorf","[""cinema"", ""turkiye""]","[""birth_place""]",true
Q58603,Moritz Johann Bleibtreu,Moritz Johann Bleibtreu (German pronunciation: [ˈmoːʁɪts ˈjoːhan  ˈblaɪ̯ptʀɔɪ̯]; born 13 August 1971) is a German actor.,"[""Moritz Johann Bleibtreu"", ""Moritz Bliebtreu"", ""moritz johann bleibtreu"", ""moritz bleibtreu"", ""moritz bliebtreu"", ""Moritz Bleibtreu""]",Moritz Johann Bleibtreu | Moritz Bliebtreu | moritz johann bleibtreu | moritz bleibtreu | moritz bliebtreu | Moritz Bleibtreu,"[""cinema"", ""people"", ""turkiye""]","[""cast_member"", ""person_seed""]",true
Q5936459,Hulusi Kentmen,"Hulusi Kentmen (20 January 1912, in Tarnovo, Bulgaria – 20 December 1993, in Istanbul) was a Turkish actor.He was born in Tarnovo, Bulgaria in 1912. He studied at petty officer preparatory school and graduated with 3rd class petty officer rank. After serving in the navy for a long time, he took up acting. He acted in the play Hisse-i Şaiya and made his film debut in 1940 with Sürtük. Between 1942 and 1988, he acted in over 500 films. In 1967, he went on an Anatolian tour with Hüseyin Baradan, Şahin Tek and later with Atıf Kaptan.","[""Hulusi Kentmen"", ""hulusi kentmen""]",Hulusi Kentmen | hulusi kentmen,"[""cinema"", ""people"", ""turkiye""]","[""cast_member""]",true
Q595974,Khouribga,"Khouribga (Berber languages: ⵅⵯⵔⵉⴱⴳⴰ, Arabic: خريبكة‎) is the capital of Khouribga Province in the Béni Mellal-Khénifra region of Morocco. With a population of 196,196 (2014 census), Khouribga owes its growth to the phosphate deposits nearby. Khouribga was also a large site of colonial French settlement, with many houses inspired by French Colonial architecture still standing today.","[""Khouribga"", ""khouribga""]",Khouribga | khouribga,"[""cinema"", ""turkiye""]","[""birth_place""]",true
Q6021948,Ömer Vargı,"Ömer Vargı is a Turkish film director and producer. He has directed films like Everything's Gonna Be Great in 1998, For Love and Honor in 2007, Anadolu Kartalları in 2011. He also produced Lovelorn in 2005.","[""Ömer Vargı"", ""ömer vargı""]",Ömer Vargı | ömer vargı,"[""cinema"", ""people"", ""turkiye""]","[""director""]",true
Q6029116,serdar orçin,Serdar Orçin (born 21 January 1976) is a Turkish actor. He appeared in more than thirty films since 1999.,"[""serdar orçin"", ""Serdar Orcin"", ""serdar orcin"", ""Serdar Orçin""]",serdar orçin | Serdar Orcin | serdar orcin | Serdar Orçin,"[""cinema"", ""people"", ""turkiye""]","[""cast_member""]",true
Q6030503,selim bayraktar,"Selim Bayraktar (born 17 June 1975) is an Iraqi-Turkish actor best known for his role as ""Sümbül Ağa"" in Muhteşem Yüzyıl.","[""selim bayraktar"", ""Selim Bayraktar""]",selim bayraktar | Selim Bayraktar,"[""cinema"", ""people"", ""turkiye""]","[""cast_member""]",true
Q603216,anthony m. dawson,"Antonio Margheriti (19 September 1930 – 4 November 2002), also known under the pseudonyms Anthony M. Dawson and Antony Daisies (""daisies"" is ""margherite"" in Italian),was an Italian filmmaker. Margheriti worked in many different genres in the Italian film industry, and was known for his sometimes derivative but often stylish and entertaining science fiction, sword and sandal, horror/giallo, Eurospy, spaghetti western, Vietnam War and action movies that were released to a wide international audience. He died in 2002.","[""anthony m. dawson"", ""Anthony M. Dawson"", ""antonio margheriti"", ""Antonio Margheriti""]",anthony m. dawson | Anthony M. Dawson | antonio margheriti | Antonio Margheriti,"[""cinema"", ""people"", ""turkiye""]","[""director""]",true
Q6033250,Orhan Aksoy,"Orhan Aksoy (January 10, 1930 – January 22, 2008) was a Turkish director and screenwriter. Aksoy directed over 90 films and was screenwriter to over 50.","[""Orhan Aksoy"", ""orhan aksoy""]",Orhan Aksoy | orhan aksoy,"[""cinema"", ""people"", ""turkiye""]","[""director""]",true
Q6038800,Semra Ozdamar,Semra Özdamar (born 11 January 1956) is a Turkish actress. She is best known for her performance as Semra Hoca in Hababam Sınıfı Sınıfta Kaldı.,"[""Semra Ozdamar"", ""semra özdamar"", ""Semra Özdamar"", ""semra ozdamar""]",Semra Ozdamar | semra özdamar | Semra Özdamar | semra ozdamar,"[""cinema"", ""people"", ""turkiye""]","[""cast_member""]",true
Q6041844,Soygun,The Robbery (Turkish: Soygun) is a 1953 Turkish adventure film directed by Sami Ayanoglu.,"[""Soygun"", ""The Robbery (film)"", ""the robbery (film)"", ""soygun""]",Soygun | The Robbery (film) | the robbery (film) | soygun,"[""cinema"", ""film"", ""turkiye""]","[""film""]",true
Q6045125,The Broken Disk,"The Broken Disk (Turkish: Kırık Plak) is a 1959 Turkish romantic drama film directed by Osman F. Seden. It stars Zeki Müren, Belgin Doruk, Ayfer Feray, Behzat Balkaya, Güney Dinç, Hayri Esen and Muammer Gözalan.","[""The Broken Disk"", ""broken disk"", ""kırık plak"", ""the broken disk"", ""Kırık Plak"", ""Broken Disk""]",The Broken Disk | broken disk | kırık plak | the broken disk | Kırık Plak | Broken Disk,"[""cinema"", ""film"", ""turkiye""]","[""film""]",true
Q6046323,Katil (film),"The Killer (Turkish: Katil) is a 1953 Turkish adventure film directed by Lütfi Akad and starring Ayhan Isik, Gülistan Güzey and Neriman Köksal.","[""Katil (film)"", ""The Killer (1953 film)"", ""katil (film)"", ""the killer (1953 film)""]",Katil (film) | The Killer (1953 film) | katil (film) | the killer (1953 film),"[""cinema"", ""film"", ""turkiye""]","[""film""]",true
Q6046554,a handful of soil,"A Handful of Soil (Turkish: Bir Avuç Toprak) is a 1957 Turkish romantic drama film directed by Osman F. Seden. It stars Talat Artemel, Pervin Par, Turgut Özatay, Ayhan Isik, Atif Kaptan and Nubar Terziyan.","[""a handful of soil"", ""handful of soil"", ""Handful of Soil"", ""Bir Avuç Toprak"", ""bir avuç toprak"", ""A Handful of Soil""]",a handful of soil | handful of soil | Handful of Soil | Bir Avuç Toprak | bir avuç toprak | A Handful of Soil,"[""cinema"", ""film"", ""turkiye""]","[""film""]",true
Q6048850,murderous city,"Murderous City (Turkish: Öldüren Şehir) is a 1953 Turkish drama film directed by Lütfi Akad and starring Ayhan Işık, Belgin Doruk and Sevki Artun.","[""murderous city"", ""Öldüren sehir"", ""Murderous City"", ""öldüren sehir""]",murderous city | Öldüren sehir | Murderous City | öldüren sehir,"[""cinema"", ""film"", ""turkiye""]","[""film""]",true
Q6049668,şekerpare (film),Şekerpare is a 1983 Turkish comedy film directed by Atıf Yılmaz.,"[""şekerpare (film)"", ""Şekerpare (film)""]",şekerpare (film) | Şekerpare (film),"[""cinema"", ""film"", ""turkiye""]","[""film""]",true
Q6050029,Beyaz Cehennem,"The White Hell (Turkish: Beyaz Cehennem) is a 1954 Turkish crime adventure film directed by Metin Erksan, based on the novel by Peyami Safa. It stars Turan Seyfioglu, Avni Dilligil, and Neriman Köksal.","[""Beyaz Cehennem"", ""The White Hell"", ""beyaz cehennem"", ""the white hell""]",Beyaz Cehennem | The White Hell | beyaz cehennem | the white hell,"[""cinema"", ""film"", ""turkiye""]","[""film""]",true
Q6050998,Sark Bülbülü,Şark Bülbülü is a 1979 Turkish comedy film directed by Kartal Tibet.,"[""Sark Bülbülü"", ""şark bülbülü"", ""sark bülbülü"", ""Şark Bülbülü""]",Sark Bülbülü | şark bülbülü | sark bülbülü | Şark Bülbülü,"[""cinema"", ""film"", ""turkiye""]","[""film""]",true
Q6051385,Çılgın Kız ve Üç Süper Adam,Çılgın Kız ve Üç Süper Adam is a 1973 Turkish film directed by Cavit Yürüklü.The film is also known as 3 Supermen and Mad Girl (American informal English title).,"[""Çılgın Kız ve Üç Süper Adam"", ""Çilgin kiz ve üç süper adam"", ""Cilgin kiz ve uc super adam"", ""çilgin kiz ve üç süper adam"", ""çılgın kız ve üç süper adam"", ""cilgin kiz ve uc super adam"", ""3 supermen and mad girl"", ""3 Supermen and Mad Girl"", ""three supermen and mad girl"", ""Three Supermen and Mad Girl""]",Çılgın Kız ve Üç Süper Adam | Çilgin kiz ve üç süper adam | Cilgin kiz ve uc super adam | çilgin kiz ve üç süper adam | çılgın kız ve üç süper adam | cilgin kiz ve uc super adam | 3 supermen and mad girl | 3 Supermen and Mad Girl | three supermen and mad girl | Three Supermen and Mad Girl,"[""cinema"", ""film"", ""turkiye""]","[""film""]",true
Q6051778,yılmaz atadeniz,"Yılmaz Atadeniz (born 1 February 1932) is a Turkish film director, producer and screenwriter. He directed 80 films between 1963 and 1997.","[""yılmaz atadeniz"", ""yilmaz atadeniz"", ""Yilmaz Atadeniz"", ""Yılmaz Atadeniz""]",yılmaz atadeniz | yilmaz atadeniz | Yilmaz Atadeniz | Yılmaz Atadeniz,"[""cinema"", ""people"", ""turkiye""]","[""director""]",true
Q6051878,İntikam Alevi,"Revenge of the Flame (Turkish: İntikam Alevi) is a 1956 Turkish drama film directed by Osman F. Seden. It stars Ayhan Isik, Mualla Kaynak, Kenan Pars, Deniz Tanyeli, Turgut Özatay, Nubar Terziyan and Temel Karamahmut.","[""İntikam Alevi"", ""Revenge of the Flame"", ""revenge of the flame"", ""i̇ntikam alevi""]",İntikam Alevi | Revenge of the Flame | revenge of the flame | i̇ntikam alevi,"[""cinema"", ""film"", ""turkiye""]","[""film""]",true
Q6052842,Hasan Karacadag,Hasan Karacadağ (born 20 October 1976) is a Turkish film director. He directed more than twelve films since 1999. He was the director that introduced Djins into Turkish cinema.,"[""Hasan Karacadag"", ""Hasan Karacadağ"", ""hasan karacadag"", ""hasan karacadağ""]",Hasan Karacadag | Hasan Karacadağ | hasan karacadag | hasan karacadağ,"[""cinema"", ""people"", ""turkiye""]","[""director""]",true
Q6054267,Piano Piano Bacaksız,"Piano Piano Kid (Turkish: Piano Piano Bacaksız) is a 1991 Turkish drama film directed by Tunç Başaran. The film was selected as the Turkish entry for the Best Foreign Language Film at the 65th Academy Awards, but was not accepted as a nominee.","[""Piano Piano Bacaksız"", ""piano piano bacaksız"", ""Piano Piano Bacaksiz"", ""Piano Piano Kid"", ""piano piano kid"", ""piano piano bacaksiz"", ""softly, softly little one"", ""Softly, Softly Little One"", ""Piyano piyano bacaksız"", ""piyano piyano bacaksız""]","Piano Piano Bacaksız | piano piano bacaksız | Piano Piano Bacaksiz | Piano Piano Kid | piano piano kid | piano piano bacaksiz | softly, softly little one | Softly, Softly Little One | Piyano piyano bacaksız | piyano piyano bacaksız","[""cinema"", ""film"", ""turkiye""]","[""film""]",true
Q6054315,şaka ile karışık,Şaka ile Karışık is a 1965 Turkish comedy film directed by Osman F. Seden.,"[""şaka ile karışık"", ""Şaka ile Karışık""]",şaka ile karışık | Şaka ile Karışık,"[""cinema"", ""film"", ""turkiye""]","[""film""]",true
Q6054381,Meleğin Düşüşü,Angel's Fall (Turkish: Meleğin Düşüşü) is a 2005 Turkish drama film directed by Semih Kaplanoglu.,"[""Meleğin Düşüşü"", ""Angel’s Fall"", ""Angel's Fall"", ""angel's fall"", ""meleğin düşüşü"", ""angel’s fall""]",Meleğin Düşüşü | Angel’s Fall | Angel's Fall | angel's fall | meleğin düşüşü | angel’s fall,"[""cinema"", ""film"", ""turkiye""]","[""film""]",true
Q6056011,Beyaz Olum,"Beyaz Ölüm is a 1983 Turkish crime drama film, directed by Halit Refiğ and starring Tarik Akan, Ahu Tugba, and Yaprak Özdemiroglu.","[""Beyaz Olum"", ""beyaz ölüm"", ""Beyaz Ölüm"", ""beyaz olum""]",Beyaz Olum | beyaz ölüm | Beyaz Ölüm | beyaz olum,"[""cinema"", ""film"", ""turkiye""]","[""film""]",true
Q6059651,Fatma Bacı,"Fatma Bacı is a 1972 Turkish drama film, directed by Halit Refiğ and starring Yildiz Kenter, Fatma Belgen, and Leyla Kenter.","[""Fatma Bacı"", ""fatma bacı"", ""Fatma Baci"", ""fatma baci""]",Fatma Bacı | fatma bacı | Fatma Baci | fatma baci,"[""cinema"", ""film"", ""turkiye""]","[""film""]",true
Q6061219,vay arkadaş,Vay Arkadaş is a 2010 Turkish comedy film directed by Kemal Uzun.,"[""vay arkadaş"", ""Vay Arkadaş""]",vay arkadaş | Vay Arkadaş,"[""cinema"", ""film"", ""turkiye""]","[""film""]",true
Q6062810,yaşam kavgası,"Yaşam Kavgası is a 1978 Turkish drama film, directed by Halit Refiğ and starring Fatma Girik, Can Gürzap, and Ahmet Mekin.","[""yaşam kavgası"", ""Yaşam Kavgası"", ""Yasam Kavgasi"", ""yasam kavgasi""]",yaşam kavgası | Yaşam Kavgası | Yasam Kavgasi | yasam kavgasi,"[""cinema"", ""film"", ""turkiye""]","[""film""]",true
Q6062891,i̇nek şaban,İnek Şaban is a 1979 Turkish comedy film directed by Osman F. Seden.,"[""i̇nek şaban"", ""İnek Şaban""]",i̇nek şaban | İnek Şaban,"[""cinema"", ""film"", ""turkiye""]","[""film""]",true
Q6063936,ortadirek şaban,Ortadirek Şaban is a 1984 Turkish comedy film directed by Kartal Tibet.,"[""ortadirek şaban"", ""Ortadirek Şaban""]",ortadirek şaban | Ortadirek Şaban,"[""cinema"", ""film"", ""turkiye""]","[""film""]",true
Q6064304,son darbe,"Son Darbe is a 1985 Turkish adventure film, directed by Halit Refiğ and starring Tarık Akan, Nilgün Akçaoğlu and Yıldırım Gencer.","[""son darbe"", ""Son Darbe""]",son darbe | Son Darbe,"[""cinema"", ""film"", ""turkiye""]","[""film""]",true
Q6064376,Yedi Evlat İki Damat,"Yedi Evlat İki Damat is a 1973 Turkish comedy-drama film, directed by Halit Refiğ and starring Cüneyt Gökçer, Perihan Savas, and Mesut Engin.","[""Yedi Evlat İki Damat"", ""yedi evlat i̇ki damat"", ""yedi evlat iki damat"", ""Yedi Evlat Iki Damat""]",Yedi Evlat İki Damat | yedi evlat i̇ki damat | yedi evlat iki damat | Yedi Evlat Iki Damat,"[""cinema"", ""film"", ""turkiye""]","[""film""]",true
Q6064958,murat han,"Murat Han (born 1 May 1975) is a Turkish-American stage and film actor.  He is best known for Bliss, Vicdan, Ömre bedel, Sensiz Olmaz and Thophy.","[""murat han"", ""Murat Han""]",murat han | Murat Han,"[""cinema"", ""people"", ""turkiye""]","[""cast_member""]",true
Q6065130,O Kadın,"O Kadın is a 1982 Turkish romantic drama film, directed by Halit Refiğ and starring Gülsen Bubikoglu, Cihan Ünal, and Arsen Gürzap.","[""O Kadın"", ""O Kadin"", ""o kadin"", ""o kadın""]",O Kadın | O Kadin | o kadin | o kadın,"[""cinema"", ""film"", ""turkiye""]","[""film""]",true
Q6065238,Sultan Gelin,"Sultan Gelin is a 1973 Turkish drama film, directed by Halit Refiğ and starring Türkan Soray, Ali Özoğuz, and Handan Adalı.","[""Sultan Gelin"", ""sultan gelin""]",Sultan Gelin | sultan gelin,"[""cinema"", ""film"", ""turkiye""]","[""film""]",true
Q6066254,Paramparca,"Paramparça is a 1985 Turkish action film, directed by Halit Refiğ and starring Tarik Akan, Gülsen Bubikoglu, and Cüneyt Arkin.","[""Paramparca"", ""paramparca"", ""Paramparça"", ""paramparça""]",Paramparca | paramparca | Paramparça | paramparça,"[""cinema"", ""film"", ""turkiye""]","[""film""]",true
Q6066777,Kiskivrak,"Kıskıvrak is a 1986 Turkish adventure film, directed by Halit Refiğ and starring Tarik Akan, Gülsen Bubikoglu, and Korhan Abay.","[""Kiskivrak"", ""Kıskıvrak"", ""kiskivrak"", ""kıskıvrak""]",Kiskivrak | Kıskıvrak | kiskivrak | kıskıvrak,"[""cinema"", ""film"", ""turkiye""]","[""film""]",true
Q6067860,dokuz dagin efesi: çakici geliyor,"Dokuz Dağın Efesi, or Dokuz Dağın Efesi: Çakici Geliyor is a 1958 Turkish drama film directed by Metin Erksan. It stars Fikret Hakan, Serpil Gül, and Hayri Esen.","[""dokuz dagin efesi: çakici geliyor"", ""Dokuz Dagin Efesi"", ""Dokuz dagin efesi: Çakici geliyor"", ""dokuz dagin efesi"", ""dokuz dağın efesi"", ""Dokuz Dağın Efesi""]",dokuz dagin efesi: çakici geliyor | Dokuz Dagin Efesi | Dokuz dagin efesi: Çakici geliyor | dokuz dagin efesi | dokuz dağın efesi | Dokuz Dağın Efesi,"[""cinema"", ""film"", ""turkiye""]","[""film""]",true
Q6068374,leyla sayar,"Leylâ Sayar (December 27, 1939 – July 22, 2016) was a Turkish actress, author, ballerina, beauty queen, and singer of Circassian and Macedonian Turkish descent. Sayar was considered to be one of the most beautiful women of the Cinema of Turkey.","[""leyla sayar"", ""Leyla Sayar""]",leyla sayar | Leyla Sayar,"[""cinema"", ""people"", ""turkiye""]","[""cast_member""]",true
Q6068775,burak aksak,"Burak Aksak (born September 12, 1985 in Istanbul, Turkey) is a Turkish screenwriter, director and actor. He is best known for writing Leyla ile Mecnun.","[""burak aksak"", ""Burak Aksak""]",burak aksak | Burak Aksak,"[""cinema"", ""people"", ""turkiye""]","[""director""]",true
Q6070309,dedemin i̇nsanları,My Grandfather's People (Turkish: Dedemin İnsanları) is a 2011 Turkish drama film directed by Çağan Irmak.,"[""dedemin i̇nsanları"", ""Dedemin İnsanları"", ""my grandfather's people"", ""My Grandfather's People""]",dedemin i̇nsanları | Dedemin İnsanları | my grandfather's people | My Grandfather's People,"[""cinema"", ""film"", ""turkiye""]","[""film"", ""film_seed""]",true
Q6070626,Şabaniye,Şabaniye is a 1984 Turkish comedy film directed by Kartal Tibet.,"[""Şabaniye"", ""şabaniye"", ""sabaniye"", ""Sabaniye""]",Şabaniye | şabaniye | sabaniye | Sabaniye,"[""cinema"", ""film"", ""turkiye""]","[""film""]",true
Q6072143,murder in yolpalas,"Murder in Yolpalas (Turkish: Yolpalas Cinayeti) is a 1955 Turkish drama film directed by Metin Erksan, based on the novel by Halide Edip Adivar. It stars Uğur Başaran, Altan Karındaş, and Bülent Oran.","[""murder in yolpalas"", ""Yolpalas Cinayeti"", ""yolpalas cinayeti"", ""Murder in Yolpalas""]",murder in yolpalas | Yolpalas Cinayeti | yolpalas cinayeti | Murder in Yolpalas,"[""cinema"", ""film"", ""turkiye""]","[""film""]",true
Q6073585,romantik komedi,"Romantic Comedy (Turkish: Romantik Komedi) is a 2010 Turkish romantic comedy film, directed by Ketche, about three close friends who live very different lives. The film, which went on nationwide general release across Turkey on 5 February 2010 (2010-02-05), was one of the highest grossing Turkish films of 2010.","[""romantik komedi"", ""Romantik Komedi"", ""Romantic Comedy (2010 film)"", ""romantic comedy (2010 film)""]",romantik komedi | Romantik Komedi | Romantic Comedy (2010 film) | romantic comedy (2010 film),"[""cinema"", ""film"", ""turkiye""]","[""film""]",true
Q6074077,banker bilo,"Banker Bilo is a 1980 Turkish language comedy film directed and produced by Ertem Egilmez.The film features Ilyas Salman, Meral Zeren, Sener Sen and Ahu Tugba in the lead role. The film was one of the most popular Turkish comedy films released in 1980's.","[""banker bilo"", ""Banker Bilo""]",banker bilo | Banker Bilo,"[""cinema"", ""film"", ""turkiye""]","[""film""]",true
Q6074177,"devil, my friend","Devil, My Friend (Turkish: Arkadaşım Şeytan) is a 1988 Turkish comedy film directed by Atıf Yılmaz.","[""devil, my friend"", ""Devil, My Friend""]","devil, my friend | Devil, My Friend","[""cinema"", ""film"", ""turkiye""]","[""film""]",true
Q6077804,ölüm yolu,"Ölüm Yolu is a 1985 Turkish adventure film, directed by Halit Refiğ and starring Kadir Inanir, Hülya Avsar, and Tanju Gürsu.","[""ölüm yolu"", ""olum yolu"", ""Olum Yolu"", ""Ölüm Yolu""]",ölüm yolu | olum yolu | Olum Yolu | Ölüm Yolu,"[""cinema"", ""film"", ""turkiye""]","[""film""]",true
Q6077842,nadir saribacak,Nadir Sarıbacak (born 14 September 1977) is a Turkish actor. He appeared in more than twelve films since 2009.,"[""nadir saribacak"", ""nadir sarıbacak"", ""Nadir Saribacak"", ""Nadir Sarıbacak""]",nadir saribacak | nadir sarıbacak | Nadir Saribacak | Nadir Sarıbacak,"[""cinema"", ""people"", ""turkiye""]","[""cast_member""]",true
Q6077916,the canal (1979 film),The Canal (Turkish: Kanal) is a 1979 Turkish drama film directed by Erden Kıral. It was entered into the 11th Moscow International Film Festival.,"[""the canal (1979 film)"", ""Kanal (1979 film)"", ""Kanal (Turkish film)"", ""The Canal (1979 film)"", ""Kanal (turkish film)"", ""kanal (1979 film)"", ""kanal (turkish film)""]",the canal (1979 film) | Kanal (1979 film) | Kanal (Turkish film) | The Canal (1979 film) | Kanal (turkish film) | kanal (1979 film) | kanal (turkish film),"[""cinema"", ""film"", ""turkiye""]","[""film""]",true
Q6079841,the wound of separation,"The Wound of Separation (Turkish: Hicran Yarası) is a 1959 Turkish romantic drama film directed by Metin Erksan. It stars Sadri Alisik, Mualla Kaynak, and Nese Yulaç.","[""the wound of separation"", ""Hicran yarasi"", ""hicran yarasi"", ""The Wound of Separation"", ""Hicran Yarası"", ""Hicran Yarasi"", ""hicran yarası""]",the wound of separation | Hicran yarasi | hicran yarasi | The Wound of Separation | Hicran Yarası | Hicran Yarasi | hicran yarası,"[""cinema"", ""film"", ""turkiye""]","[""film""]",true
Q6080714,secret face,The Secret Face (Turkish: Gizli Yüz) is a 1991 Turkish drama film written and directed by Ömer Kavur. It was screened in competition at the 48th Venice International Film Festival.,"[""secret face"", ""Secret Face"", ""gizli yüz"", ""Gizli Yüz"", ""the secret face"", ""The Secret Face""]",secret face | Secret Face | gizli yüz | Gizli Yüz | the secret face | The Secret Face,"[""cinema"", ""film"", ""turkiye""]","[""film""]",true
Q6081026,my dear brother,My Dear Brother (Turkish: Canım Kardeşim) is a 1973 Turkish drama film directed by Ertem Eğilmez.,"[""my dear brother"", ""canım kardeşim"", ""My Dear Brother"", ""Canım Kardeşim""]",my dear brother | canım kardeşim | My Dear Brother | Canım Kardeşim,"[""cinema"", ""film"", ""turkiye""]","[""film"", ""film_seed""]",true
Q6081761,Ah Nerede,Ah Nerede is a 1975 Turkish comedy film directed by Orhan Aksoy.,"[""Ah Nerede"", ""ah nerede""]",Ah Nerede | ah nerede,"[""cinema"", ""film"", ""turkiye""]","[""film"", ""film_seed""]",true
Q6082061,Our Grand Despair,"Our Grand Despair (Turkish: Bizim Büyük Çaresizliğimiz) is a 2011 Turkish drama film, directed by Seyfi Teoman, about two flatmates who reluctantly take in their friend's traumatised sister.  The film premiered in competition at the 61st Berlin International Film Festival.","[""Our Grand Despair"", ""bizim buyuk caresizligimiz"", ""Bizim Buyuk Caresizligimiz"", ""our grand despair"", ""bizim büyük çaresizliğimiz"", ""Bizim Büyük Çaresizliğimiz""]",Our Grand Despair | bizim buyuk caresizligimiz | Bizim Buyuk Caresizligimiz | our grand despair | bizim büyük çaresizliğimiz | Bizim Büyük Çaresizliğimiz,"[""cinema"", ""film"", ""turkiye""]","[""film""]",true
Q6082425,Killing The Shadows,Killing the Shadows (Turkish: Hacivat Karagöz Neden Öldürüldü?) is a 2006 Turkish comedy film directed by Ezel Akay.,"[""Killing The Shadows"", ""killing the shadows"", ""Killing the Shadows""]",Killing The Shadows | killing the shadows | Killing the Shadows,"[""cinema"", ""film"", ""turkiye""]","[""film""]",true
Q6082475,aras bulut i̇ynemli,"Aras Bulut İynemli (born August 25, 1990) is a Turkish actor. Widely considered as one of the most talented Turkish actors, Iynemli has received critical acclaim and numerous accolades for his acting since the beginning of his career. He is best known for his performances in the television series Öyle Bir Geçer Zaman Ki (English: As Time Goes by), Muhteşem Yüzyıl (English: Magnificent Century), Maral, İçerde (English: Inside) and Çukur (English: The Pit).","[""aras bulut i̇ynemli"", ""aras bulut iynemli"", ""Aras Bulut İynemli"", ""Aras Bulut Iynemli""]",aras bulut i̇ynemli | aras bulut iynemli | Aras Bulut İynemli | Aras Bulut Iynemli,"[""cinema"", ""people"", ""turkiye""]","[""cast_member""]",true
Q6083061,alev alev,"Alev Alev is a 1984 Turkish action film, directed by Halit Refiğ and starring Tarik Akan, Gülsen Bubikoglu, and Cüneyt Arkin.","[""alev alev"", ""Alev Alev""]",alev alev | Alev Alev,"[""cinema"", ""film"", ""turkiye""]","[""film""]",true
Q6083314,Kanun namina,"In the Name of the Law (Turkish: Kanun namina) is a 1953 Turkish drama film directed by Lütfi Akad and starring Ayhan Isik, Gülistan Güzey and Muzaffer Tema.","[""Kanun namina"", ""kanun namina"", ""in the name of the law (1952 film)"", ""In the Name of the Law (1952 film)""]",Kanun namina | kanun namina | in the name of the law (1952 film) | In the Name of the Law (1952 film),"[""cinema"", ""film"", ""turkiye""]","[""film""]",true
Q6083691,Köyden İndim Şehire,From the Village to the City (Turkish: Köyden İndim Şehire is a 1974 Turkish comedy film directed by Ertem Eğilmez.,"[""Köyden İndim Şehire"", ""From the Village to the City"", ""from the village to the city"", ""köyden i̇ndim şehire""]",Köyden İndim Şehire | From the Village to the City | from the village to the city | köyden i̇ndim şehire,"[""cinema"", ""film"", ""turkiye""]","[""film""]",true
Q6083959,Murat Cemcir,"Murat Cemcir (born November 30, 1976) is a Turkish actor of Georgian descent who appears regularly in Turkish films and on television, primarily in comedies.","[""Murat Cemcir"", ""murat cemcir""]",Murat Cemcir | murat cemcir,"[""cinema"", ""people"", ""turkiye""]","[""cast_member""]",true
Q6084082,Beyond the Hill,Beyond the Hill (Turkish: Tepenin Ardı) is a 2012 Turkish drama film directed by Emin Alper.,"[""Beyond the Hill"", ""beyond the hill"", ""tepenin ardı"", ""Tepenin Ardı""]",Beyond the Hill | beyond the hill | tepenin ardı | Tepenin Ardı,"[""cinema"", ""film"", ""turkiye""]","[""film""]",true
Q6084089,seyfi havaeri,"Seyfi Havaeri (1920–2009) was a Turkish actor, screenwriter and film director.","[""seyfi havaeri"", ""Seyfi Havaeri""]",seyfi havaeri | Seyfi Havaeri,"[""cinema"", ""people"", ""turkiye""]","[""director""]",true
Q6084312,Ertan Saban,"Ertan Saban (born 4 December 1977) is a Macedonian-Turkish stage and screen actor. He was born in Skopje, Republic of Macedonia. He is of Turkish descent.","[""Ertan Saban"", ""ertan saban""]",Ertan Saban | ertan saban,"[""cinema"", ""people"", ""turkiye""]","[""cast_member""]",true
Q6084504,İhtiras Fırtınası,"İhtiras Fırtınası is a 1983 Turkish romantic drama film, directed by Halit Refiğ and starring Gülsen Bubikoglu, Cihan Ünal, and Zuhal Olcay.","[""İhtiras Fırtınası"", ""ihtiras fırtınası"", ""Ihtiras Firtinasi"", ""i̇htiras fırtınası"", ""Ihtiras Fırtınası"", ""ihtiras firtinasi""]",İhtiras Fırtınası | ihtiras fırtınası | Ihtiras Firtinasi | i̇htiras fırtınası | Ihtiras Fırtınası | ihtiras firtinasi,"[""cinema"", ""film"", ""turkiye""]","[""film""]",true
Q6084541,happy days (1978 film),Happy Days (Turkish: Neşeli Günler) is a 1978 Turkish comedy film directed by Orhan Aksoy.,"[""happy days (1978 film)"", ""Happy Days (1978 film)"", ""neşeli günler"", ""Neşeli Günler""]",happy days (1978 film) | Happy Days (1978 film) | neşeli günler | Neşeli Günler,"[""cinema"", ""film"", ""turkiye""]","[""film""]",true
Q6085441,sakar şakir,Sakar Şakir is a 1977 Turkish comedy film directed by Natuk Baytan.,"[""sakar şakir"", ""Sakar Şakir""]",sakar şakir | Sakar Şakir,"[""cinema"", ""film"", ""turkiye""]","[""film""]",true
Q6085779,Oh Olsun,Oh Olsun is a 1973 Turkish comedy film directed by Ertem Eğilmez.,"[""Oh Olsun"", ""oh olsun""]",Oh Olsun | oh olsun,"[""cinema"", ""film"", ""turkiye""]","[""film""]",true
Q6086286,Teyzem,"Teyzem is a 1986 Turkish drama film, directed by Halit Refiğ and starring Müjde Ar, Yasar Alptekin, and Mehmet Akan.","[""Teyzem"", ""teyzem""]",Teyzem | teyzem,"[""cinema"", ""film"", ""turkiye""]","[""film""]",true
Q6086827,gurbet kuslari,"Birds of Exile (Turkish: Gurbet Kuşları) is a 1964 Turkish drama film, directed by Halit Refiğ and starring Tanju Gürsu, Filiz Akın and Özden Çelik.","[""gurbet kuslari"", ""birds of exile"", ""Gurbet Kuşları"", ""Gurbet Kuslari"", ""gurbet kuşları"", ""Birds of Exile""]",gurbet kuslari | birds of exile | Gurbet Kuşları | Gurbet Kuslari | gurbet kuşları | Birds of Exile,"[""cinema"", ""film"", ""turkiye""]","[""film""]",true
Q6086955,Tülin Özen,Tülin Özen (born 24 December 1979) is a Turkish actress. She has appeared in more than twenty films since 2003.,"[""Tülin Özen"", ""tülin özen""]",Tülin Özen | tülin özen,"[""cinema"", ""people"", ""turkiye""]","[""cast_member""]",true
Q6087125,adam and the devil,Adam and the Devil (Turkish: Adem'in Trenleri) is a 2007 Turkish drama film directed by Barış Pirhasan.,"[""adam and the devil"", ""adem'in trenleri"", ""Adam and the Devil"", ""Adem'in Trenleri""]",adam and the devil | adem'in trenleri | Adam and the Devil | Adem'in Trenleri,"[""cinema"", ""film"", ""turkiye""]","[""film""]",true
Q6087774,korkusuz korkak,Korkusuz Korkak is a 1979 Turkish comedy film directed by Natuk Baytan.,"[""korkusuz korkak"", ""Korkusuz Korkak""]",korkusuz korkak | Korkusuz Korkak,"[""cinema"", ""film"", ""turkiye""]","[""film""]",true
Q6088017,taner birsel,"Taner Birsel (born 1959) is a Turkish film actor. He has appeared in twelve films since 1995. He starred in The Confession, which was screened in the Un Certain Regard section at the 2002 Cannes Film Festival.","[""taner birsel"", ""Taner Birsel""]",taner birsel | Taner Birsel,"[""cinema"", ""people"", ""turkiye""]","[""cast_member""]",true
Q6088221,Thou Gild'st The Even,Thou Gild'st The Even (Turkish: Sen Aydınlatırsın Geceyi) is a 2013 Turkish drama film directed by Onur Ünlü.,"[""Thou Gild'st The Even"", ""sen aydınlatırsın geceyi"", ""Sen Aydınlatırsın Geceyi"", ""Thou Gild'st the Even"", ""thou gild'st the even""]",Thou Gild'st The Even | sen aydınlatırsın geceyi | Sen Aydınlatırsın Geceyi | Thou Gild'st the Even | thou gild'st the even,"[""cinema"", ""film"", ""turkiye""]","[""film""]",true
Q6088566,ilker aksum,İlker Aksum (born 23 May 1971) is a Turkish actor. He has appeared in more than twenty films since 1999.,"[""ilker aksum"", ""İlker Aksum"", ""Ilker Aksum"", ""i̇lker aksum""]",ilker aksum | İlker Aksum | Ilker Aksum | i̇lker aksum,"[""cinema"", ""people"", ""turkiye""]","[""cast_member""]",true
Q6088721,Hababam Sınıfı Sınıfta Kaldı,"Hababam Sınıfı Sınıfta Kaldı (The Chaos Class Failed The Class) is a 1975 Turkish comedy film, directed by Ertem Eğilmez based on a novel by Rıfat Ilgaz. The film is a sequel to Hababam Sınıfı.","[""Hababam Sınıfı Sınıfta Kaldı"", ""Hababam Sinifi Sinifta Kaldi"", ""hababam sinifi sinifta kaldi"", ""hababam sınıfı sınıfta kaldı""]",Hababam Sınıfı Sınıfta Kaldı | Hababam Sinifi Sinifta Kaldi | hababam sinifi sinifta kaldi | hababam sınıfı sınıfta kaldı,"[""cinema"", ""film"", ""turkiye""]","[""film""]",true
Q6088748,şafak bekçileri,"Şafak Bekçileri is a 1963 Turkish drama film, directed by Halit Refiğ and starring Göksel Arsoy, Leyla Sayar, and Nilüfer Aydan.","[""şafak bekçileri"", ""safak bekcileri"", ""Şafak Bekçileri"", ""Safak Bekcileri""]",şafak bekçileri | safak bekcileri | Şafak Bekçileri | Safak Bekcileri,"[""cinema"", ""film"", ""turkiye""]","[""film""]",true
Q6089749,Yengeç Sepeti,Yengeç Sepeti is a 1994 Turkish drama film directed by Yavuz Özkan.,"[""Yengeç Sepeti"", ""Yengec Sepeti"", ""yengeç sepeti"", ""yengec sepeti""]",Yengeç Sepeti | Yengec Sepeti | yengeç sepeti | yengec sepeti,"[""cinema"", ""film"", ""turkiye""]","[""film""]",true
Q6089787,alper chaglar,"Süleyman Alper Çağlar (born September 1, 1981, Ankara, Turkey), is Turkish film director, editor and screenwriter.","[""alper chaglar"", ""Alper Chaglar"", ""alper çağlar"", ""Alper Çağlar""]",alper chaglar | Alper Chaglar | alper çağlar | Alper Çağlar,"[""cinema"", ""people"", ""turkiye""]","[""director""]",true
Q6090129,onur unlu,"Onur Ünlü (born 24 June 1973) is a Turkish film director, screenwriter, poet and actor.","[""onur unlu"", ""Onur Ünlü"", ""Onur Unlu"", ""onur ünlü""]",onur unlu | Onur Ünlü | Onur Unlu | onur ünlü,"[""cinema"", ""people"", ""turkiye""]","[""director""]",true
Q6090423,Nesrin Cavadzade,Nesrin Javadzadeh (Azerbaijani: Nəzrin Cavadzadə; Turkish: Nesrin Cavadzade; born 30 July 1982) is a Turkish actress of Azeri origin.,"[""Nesrin Cavadzade"", ""nesrin cavadzade"", ""Nesrin Cevadzade"", ""nesrin javadzadeh"", ""nesrin cevadzade"", ""Nesrin Javadzadeh""]",Nesrin Cavadzade | nesrin cavadzade | Nesrin Cevadzade | nesrin javadzadeh | nesrin cevadzade | Nesrin Javadzadeh,"[""cinema"", ""people"", ""turkiye""]","[""cast_member""]",true
Q6090990,rasim öztekin,Rasim Öztekin (born 14 January 1959) is a Turkish actor. He appeared in more than forty films since 1985.,"[""rasim öztekin"", ""Rasim Öztekin""]",rasim öztekin | Rasim Öztekin,"[""cinema"", ""people"", ""turkiye""]","[""cast_member""]",true
Q6091112,The Republic (film),The Republic (Turkish: Cumhuriyet) is a 1998 Turkish historical film directed by Ziya Öztan.The film follows the political and historical events of the first years of the Republic of Turkey (1922–1933) and looks at the private life of Mustafa Kemal Atatürk.,"[""The Republic (film)"", ""Cumhuriyet (film)"", ""the republic (film)"", ""cumhuriyet (film)""]",The Republic (film) | Cumhuriyet (film) | the republic (film) | cumhuriyet (film),"[""cinema"", ""film"", ""turkiye""]","[""film""]",true
Q6091358,The Blue Exile,"The Blue Exile (Turkish: Mavi sürgün) is a 1993 Turkish drama film directed by Erden Kıral. The film was selected as the Turkish entry for the Best Foreign Language Film at the 66th Academy Awards, but was not accepted as a nominee.","[""The Blue Exile"", ""blue exile"", ""Mavi sürgün"", ""Mavi Surgun"", ""mavi surgun"", ""Blue Exile"", ""Mavi surgun"", ""the blue exile"", ""mavi sürgün""]",The Blue Exile | blue exile | Mavi sürgün | Mavi Surgun | mavi surgun | Blue Exile | Mavi surgun | the blue exile | mavi sürgün,"[""cinema"", ""film"", ""turkiye""]","[""film""]",true
Q6091713,Damla Sonmez,Damla Sönmez (born 3 May 1987) is a Turkish actress.,"[""Damla Sonmez"", ""Damla Sönmez"", ""damla sonmez"", ""damla sönmez""]",Damla Sonmez | Damla Sönmez | damla sonmez | damla sönmez,"[""cinema"", ""people"", ""turkiye""]","[""cast_member""]",true
Q6091762,vavien,Vavien is a 2009 Turkish comedy film directed by the Taylan Brothers.,"[""vavien"", ""Vavien""]",vavien | Vavien,"[""cinema"", ""film"", ""turkiye""]","[""film""]",true
Q6091850,Son Ders,Son Ders is a 2008 Turkish comedy film directed by Mustafa Uğur Yağcıoğlu and Iraz Okumuş.,"[""Son Ders"", ""son ders"", ""Son Ders: Aşk ve Üniversite"", ""son ders: aşk ve üniversite""]",Son Ders | son ders | Son Ders: Aşk ve Üniversite | son ders: aşk ve üniversite,"[""cinema"", ""film"", ""turkiye""]","[""film""]",true
Q6093097,fog and night,Fog and Night (Turkish: Sis ve Gece) is a 2007 Turkish adventure film directed by Turgut Yasalar.,"[""fog and night"", ""Fog and Night""]",fog and night | Fog and Night,"[""cinema"", ""film"", ""turkiye""]","[""film_seed""]",true
Q6093408,Nergis Öztürk,Nergis Öztürk (born 25 May 1980) is a Turkish actress. She has appeared in more than twelve films since 2006.,"[""Nergis Öztürk"", ""nergis öztürk""]",Nergis Öztürk | nergis öztürk,"[""cinema"", ""people"", ""turkiye""]","[""cast_member""]",true
Q6093425,berk hakman,Berk Hakman (born 14 August 1981) is a Turkish film and television actor.,"[""berk hakman"", ""Berk Hakman""]",berk hakman | Berk Hakman,"[""cinema"", ""people"", ""turkiye""]","[""cast_member""]",true
Q6093445,ömer the tourist (film),Ömer the Tourist (Turkish: Turist Ömer) is a 1964 Turkish comedy film directed by Hulki Saner.,"[""ömer the tourist (film)"", ""Ömer the Tourist (film)""]",ömer the tourist (film) | Ömer the Tourist (film),"[""cinema"", ""film"", ""turkiye""]","[""film""]",true
Q6094037,arif onur saylak,"Arif Onur Saylak (born 12 May 1977) is a Turkish actor, filmmaker and director. He was married for six years to Tuba Büyüküstün, with whom he has twin daughters.","[""arif onur saylak"", ""Onur Saylak"", ""Arif Onur Saylak"", ""onur saylak""]",arif onur saylak | Onur Saylak | Arif Onur Saylak | onur saylak,"[""cinema"", ""people"", ""turkiye""]","[""cast_member""]",true
Q6094318,zubuk,Zübük (lit. stupid) is a 1980 Turkish comedy film directed by Kartal Tibet. The character was created by humorist Aziz Nesin.,"[""zubuk"", ""zübük"", ""Zübük"", ""Zubuk""]",zubuk | zübük | Zübük | Zubuk,"[""cinema"", ""film"", ""turkiye""]","[""film""]",true
Q6094757,long story,"Uzun Hikâye (A Long Story) is a 2012 Turkish drama film, co-produced by Suat Kapkı and Taner Özbel written by Yiğit Güralp and directed by Osman Sınav based on a novella by Mustafa Kutlu. The movie premiered on October 12, 2012.","[""long story"", ""Long Story"", ""Uzun Hikaye"", ""uzun hikaye"", ""uzun hikâye"", ""Uzun Hikâye""]",long story | Long Story | Uzun Hikaye | uzun hikaye | uzun hikâye | Uzun Hikâye,"[""cinema"", ""film"", ""turkiye""]","[""film"", ""film_seed""]",true
Q6094839,son of the sun,Son of the Sun (Turkish: Güneşin Oğlu) is a 2008 Turkish comedy film directed by Onur Ünlü.,"[""son of the sun"", ""Son of the Sun""]",son of the sun | Son of the Sun,"[""cinema"", ""film"", ""turkiye""]","[""film""]",true
Q6095171,Füsun Demirel,Füsun Demirel (born 13 June 1958) is a Turkish actress. She has appeared in more than sixty films since 1982.,"[""Füsun Demirel"", ""füsun demirel""]",Füsun Demirel | füsun demirel,"[""cinema"", ""people"", ""turkiye""]","[""cast_member""]",true
Q6096506,lale mansur,Lale Mansur (born 1956) is a Turkish actress. She has appeared in more than twenty films since 1988.,"[""lale mansur"", ""Lale Mansur""]",lale mansur | Lale Mansur,"[""cinema"", ""people"", ""turkiye""]","[""cast_member""]",true
Q6097675,ahmet kural,Ahmet Kural (born 10 November 1982) is a Turkish actor.,"[""ahmet kural"", ""Ahmet Kural""]",ahmet kural | Ahmet Kural,"[""cinema"", ""people"", ""turkiye""]","[""cast_member""]",true
Q6097730,zafer algoz,"Zafer Algöz (born 30 August 1961) is a Turkish actor, best known for his films Salkım Hanımın Taneleri (1999), A.R.O.G (2008) and Yahşi Batı (2010).","[""zafer algoz"", ""Zafer Algoz"", ""Zafer Algöz"", ""zafer algöz""]",zafer algoz | Zafer Algoz | Zafer Algöz | zafer algöz,"[""cinema"", ""people"", ""turkiye""]","[""cast_member"", ""person_seed""]",true
Q6098660,haremde dört kadın,"Haremde Dört Kadın is a 1965 Turkish drama film, directed by Halit Refiğ and starring Tanju Gürsu, Nilüfer Aydan, Cüneyt Arkin, and Pervin Par.","[""haremde dört kadın"", ""haremde dort kadin"", ""Haremde Dört Kadın"", ""Haremde Dort Kadin""]",haremde dört kadın | haremde dort kadin | Haremde Dört Kadın | Haremde Dort Kadin,"[""cinema"", ""film"", ""turkiye""]","[""film""]",true
Q6099299,nazan kesal,"Nazan Kesal (née Kırılmış; born 28 March 1969) is a Turkish stage and screen actress. In 2004, she worked as a director and actor in Diyarbakır State Theater. The artist who was appointed to Bursa State Theater in early 2004, also worked in private groups such as Ankara Sanatevi Theater, Theater Mirror, Theater Istanbul, Diyarbakir Art Center.","[""nazan kesal"", ""nazan kirilmis"", ""Nazan Kesal"", ""Nazan Kirilmis""]",nazan kesal | nazan kirilmis | Nazan Kesal | Nazan Kirilmis,"[""cinema"", ""people"", ""turkiye""]","[""cast_member""]",true
Q6099428,third page,The Third Page (Turkish: Üçüncü Sayfa) is a 1999 Turkish drama film directed by Zeki Demirkubuz and starring Başak Köklükaya and Ruhi Sarı.,"[""third page"", ""Üçüncü Sayfa"", ""The Third Page"", ""the third page"", ""Third Page"", ""üçüncü sayfa""]",third page | Üçüncü Sayfa | The Third Page | the third page | Third Page | üçüncü sayfa,"[""cinema"", ""film"", ""turkiye""]","[""film""]",true
Q6099913,Görkem Yeltan,Görkem Yeltan (born 17 January 1977) is a Turkish actress. She appeared in more than fifteen films since 1993.,"[""Görkem Yeltan"", ""görkem yeltan""]",Görkem Yeltan | görkem yeltan,"[""cinema"", ""people"", ""turkiye""]","[""cast_member""]",true
Q6100032,süleyman turan,Süleyman Turan (born 19 November 1936 in Istanbul) is a Turkish film and theater actor.,"[""süleyman turan"", ""Süleyman Turan""]",süleyman turan | Süleyman Turan,"[""cinema"", ""people"", ""turkiye""]","[""cast_member""]",true
Q6100742,tanju gürsu,"Tanju Gürsu (27 October 1938 – 7 June 2016) was a Turkish actor, director and screenwriter, who was a major star of Turkish cinema in the 1960s and 1970s. He appeared in films such as Haremde Dört Kadın (1965) and Üç Korkusuz Arkadaş (1966) under director Halit Refiğ. As director he directed films such as Erkek Kazım (1975) and Kazım'a Bak Kazım'a (1975).He died of respiratory failure on 7 June 2016 at the age of 77.","[""tanju gürsu"", ""Tanju Gursu"", ""Tanju Gürsu"", ""tanju gursu""]",tanju gürsu | Tanju Gursu | Tanju Gürsu | tanju gursu,"[""cinema"", ""people"", ""turkiye""]","[""cast_member""]",true
Q6101229,ruhi sari,Ruhi Sarı (born 18 May 1972) is a Turkish actor. He has appeared in more than forty films since 1995.,"[""ruhi sari"", ""ruhi sarı"", ""Ruhi Sari"", ""Ruhi Sarı""]",ruhi sari | ruhi sarı | Ruhi Sari | Ruhi Sarı,"[""cinema"", ""people"", ""turkiye""]","[""cast_member""]",true
Q6101497,Kenan Pars,Kenan Pars also known as Kirkor Cezveciyan (10 March 1920 - 10 March 2008) was a Turkish-Armenian actor. He appeared in more than one hundred films from 1953 to 2000.,"[""Kenan Pars"", ""kenan pars""]",Kenan Pars | kenan pars,"[""cinema"", ""people"", ""turkiye""]","[""cast_member""]",true
Q6101954,Hulki Saner,"Hulki Saner (14 February 1923 - 20 July 2005) was a Turkish film director, screenwriter, and producer.  He contributed to more than one hundred films from 1957 to 1987 and is known for directing the Turist Ömer film series.","[""Hulki Saner"", ""hulki saner""]",Hulki Saner | hulki saner,"[""cinema"", ""people"", ""turkiye""]","[""director""]",true
Q6103860,Cezmi Baskin,Cezmi Baskın (born 11 March 1949) is a Turkish actor. He has appeared in more than sixty films since the 1970s.,"[""Cezmi Baskin"", ""cezmi baskin"", ""cezmi baskın"", ""Cezmi Baskın""]",Cezmi Baskin | cezmi baskin | cezmi baskın | Cezmi Baskın,"[""cinema"", ""people"", ""turkiye""]","[""cast_member""]",true
Q616568,Prize Israel,"The Israel Prize (Hebrew: פרס ישראל; ""Peras Yisrael"") is an award handed out by the State of Israel and is generally regarded as the state's highest cultural honor. It is presented annually, on Israeli Independence Day, in a state ceremony in Jerusalem, in the presence of the President, the Prime Minister, the Speaker of the Knesset (Israel's legislature), and the Supreme Court President. The prize was established in 1953 at the initiative of the Minister of Education Ben-Zion Dinor, who himself went on to win the prize in 1958 and 1973.","[""Prize Israel"", ""israel prize"", ""Israel prize"", ""israel state prize"", ""פרס ישראל"", ""prize israel"", ""Israel State Prize"", ""Israel Prize""]",Prize Israel | israel prize | Israel prize | israel state prize | פרס ישראל | prize israel | Israel State Prize | Israel Prize,"[""award"", ""cinema"", ""turkiye""]","[""award""]",true
Q63228,Nora Tschirner,"Nora Marie Tschirner (born 12 June 1981) is a German film actress, musician and former television and radio presenter.","[""Nora Tschirner"", ""nora tschirner""]",Nora Tschirner | nora tschirner,"[""cinema"", ""people"", ""turkiye""]","[""cast_member"", ""person_seed""]",true
Q637120,nazilli,"Nazilli is the second largest town in Aydın Province in the Aegean region of western Turkey, 47 km (29 mi) east of the city of Aydın, on the road to Denizli.","[""nazilli"", ""history of nazilli"", ""Nazilli"", ""History of Nazilli""]",nazilli | history of nazilli | Nazilli | History of Nazilli,"[""cinema"", ""turkiye""]","[""birth_place""]",true
Q6407315,"Killarney Heights, New South Wales","Killarney Heights is a suburb of northern Sydney, situated on Middle Harbour, in the state of New South Wales, Australia. Killarney Heights is 12 kilometres north-east of the Sydney central business district in the local government area of Northern Beaches Council. Killarney Heights is part of the Northern Beaches and also considered to be part of the Forest District, colloquially known as The Forest.Killarney Heights has panoramic views of Middle Harbour from a few locations. The suburb is located on a peninsula bound by the waters of Middle Harbour to the south-west towards Roseville Chase and Bantry Bay to the east. Garigal National Park is on the eastern border.","[""Killarney Heights, New South Wales"", ""killarney heights"", ""killarney heights, new south wales"", ""Killarney Heights""]","Killarney Heights, New South Wales | killarney heights | killarney heights, new south wales | Killarney Heights","[""cinema"", ""turkiye""]","[""birth_place""]",true
Q6407788,killing in istanbul,Killing in Istanbul (originally Kilink Istanbul'da) is a 1967 Turkish film directed by Yilmaz Atadeniz.,"[""killing in istanbul"", ""Killing in Istanbul""]",killing in istanbul | Killing in Istanbul,"[""cinema"", ""film"", ""turkiye""]","[""film""]",true
Q6427861,Kolpaçino: Bomba,"Kolpaçino: Bomba is a 2011 Turkish comedy film, starring, co-written and directed by Şafak Sezer. The film, which opened on March 11, 2011 (2011-03-11) at number 1 in the Turkish box office, is a sequel to Kolpaçino (2009) and is one of the highest grossing Turkish films of 2011.","[""Kolpaçino: Bomba"", ""kolpacino: bomba"", ""Kolpacino: Bomba"", ""kolpaçino: bomba""]",Kolpaçino: Bomba | kolpacino: bomba | Kolpacino: Bomba | kolpaçino: bomba,"[""cinema"", ""film"", ""turkiye""]","[""film""]",true
Q6480242,Lale Oraloğlu,"Lale Oraloğlu (15 August 1924 – 15 January 2007) was a Turkish actress and screenwriter. She appeared in 28 films and television shows between 1952 and 2006. She starred in the film The Broken Pots, which was entered into the 11th Berlin International Film Festival.","[""Lale Oraloğlu"", ""lale oraloğlu"", ""lale oraloglu"", ""Lale Oraloglu""]",Lale Oraloğlu | lale oraloğlu | lale oraloglu | Lale Oraloglu,"[""cinema"", ""people"", ""turkiye""]","[""cast_member""]",true
Q648489,city of loznica,"Loznica (Serbian: Лозница, pronounced [lǒznit͡sa]) is a city located in the Mačva District of western Serbia. It lies on the right bank of the Drina river. In 2011 the city had a total population of 19,572, while the administrative area had a population of 79,327.Its name stems from the word ""loza"" (the Serbian word for vine). Originally, its name was Lozica (Serbian for small vine), but it later became Loznica.","[""city of loznica"", ""Loznica (town)"", ""Loznica Municipality"", ""ad drinum"", ""loznica municipality"", ""loznica (town)"", ""City of Loznica"", ""Ad Drinum"", ""loznica"", ""Loznica""]",city of loznica | Loznica (town) | Loznica Municipality | ad drinum | loznica municipality | loznica (town) | City of Loznica | Ad Drinum | loznica | Loznica,"[""cinema"", ""turkiye""]","[""birth_place""]",true
Q650569,Erbaa,Erbaa is a town and a district of Tokat Province in the Black Sea region of Turkey.One kilometer east-southeast of Erbaa is the archaeological site of Horoztepe. The mayor is Ertuğrul Karagöl,"[""Erbaa"", ""erbaa""]",Erbaa | erbaa,"[""cinema"", ""turkiye""]","[""birth_place""]",true
Q6570602,milk (2008 turkish film),Milk (Turkish: Süt) is a 2008 Turkish drama film directed by Semih Kaplanoglu.,"[""milk (2008 turkish film)"", ""Milk (2008 Turkish film)""]",milk (2008 turkish film) | Milk (2008 Turkish film),"[""cinema"", ""film"", ""turkiye""]","[""film""]",true
Q6585777,meral cetinkaya,Meral Onuktav Çetinkaya (born 5 March 1945) is a Turkish film actress. She appeared in more than twenty films since 1962.,"[""meral cetinkaya"", ""Meral Cetinkaya"", ""meral çetinkaya"", ""Meral Çetinkaya""]",meral cetinkaya | Meral Cetinkaya | meral çetinkaya | Meral Çetinkaya,"[""cinema"", ""people"", ""turkiye""]","[""cast_member""]",true
Q668,ਭਾਰਤ ਗਣਤੰਤਰ,"India (official name: the Republic of India; Hindi: Bhārat Gaṇarājya) is a country in South Asia. It is the seventh-largest country by area, the second-most populous country, and the most populous democracy in the world. Bounded by the Indian Ocean on the south, the Arabian Sea on the southwest, and the Bay of Bengal on the southeast, it shares land borders with Pakistan to the west; China, Nepal, and Bhutan to the north; and Bangladesh and Myanmar to the east. In the Indian Ocean, India is in the vicinity of Sri Lanka and the Maldives; its Andaman and Nicobar Islands share a maritime border with Thailand and Indonesia.The Indian subcontinent was home to the Indus Valley Civilisation of the bronze age. In India's iron age, the oldest scriptures of Hinduism were composed, social stratification based on caste emerged, and Buddhism and Jainism arose. Political consolidations took place under the Maurya and Gupta Empires; the peninsular Middle Kingdoms influenced the cultures of Southeast Asia. In India's medieval era, Judaism, Zoroastrianism, Christianity, and Islam arrived, and Sikhism emerged, adding to a diverse culture. North India fell to the Delhi Sultanate; south India was united under the Vijayanagara Empire. In the early modern era, the expansive Mughal Empire was followed by East India Company rule.  India's modern age was marked by British Crown rule and a nationalist movement which, under Mahatma Gandhi, was noted for nonviolence and led to India's independence in 1947.Economic liberalisation, begun in 1991, has caused India to become a fast growing major economy and a newly industrialised country.  Its gross domestic product ranks sixth in the world in market exchange rates and third in purchasing power parity.  Its per capita income ranks 133rd and 116th in the two measures.   India faces challenges of poverty, corruption, malnutrition, and inadequate public healthcare.  A nuclear weapons state and regional power, it has the second largest active military in the world and ranks high in military expenditure. India is a secular, federal republic, governed in a democratic parliamentary system, and administered in 29 states and seven union territories.  A pluralistic, multilingual and multi-ethnic society, India is home to 1.3 billion people.  It is also home to a high diversity of wildlife in a variety of protected habitats.","[""ਭਾਰਤ ਗਣਤੰਤਰ"", ""bhart"", ""இந்தியக் குடியரசு"", ""india's"", ""Bharat Ganrajya"", ""భారత రిపబ్లిక్"", ""in"", ""ഭാരത മഹാരാജ്യം"", ""Indian current events"", ""Indea""]",ਭਾਰਤ ਗਣਤੰਤਰ | bhart | இந்தியக் குடியரசு | india's | Bharat Ganrajya | భారత రిపబ్లిక్ | in | ഭാരത മഹാരാജ്യം | Indian current events | Indea,"[""cinema"", ""geography"", ""turkiye""]","[""birth_place"", ""country""]",true
Q6683587,Kaybedenler Kulübü,"Losers' Club (Turkish: Kaybedenler Kulübü) is a 2011 Turkish comedy-drama film, co-written and directed by Tolga Örnek based on a true story, starring Nejat İşler and Yiğit Özşener as the co-hosts of a controversial mid-90s Istanbul radio show. The film, which opened on March 25, 2011 (2011-03-25) at number 2 in the Turkish box office, is one of the highest grossing Turkish films of 2011.","[""Kaybedenler Kulübü"", ""Losers' Club"", ""losers' club"", ""kaybedenler kulübü""]",Kaybedenler Kulübü | Losers' Club | losers' club | kaybedenler kulübü,"[""cinema"", ""film"", ""turkiye""]","[""film"", ""film_seed""]",true
Q6691616,aşk ve kin (film),Love and Grudge (Turkish: Aşk ve Kin) is a 1964 Turkish drama film directed by Turgut Demirağ. It was entered into the 4th Moscow International Film Festival. At the 2nd Antalya Golden Orange Film Festival it won the Golden Orange Award for Best Film.,"[""aşk ve kin (film)"", ""Love and Hate (1965 film)"", ""love and grudge"", ""love and hate (1965 film)"", ""Aşk ve Kin"", ""aşk ve kin"", ""Aşk ve Kin (film)"", ""ask ve kin"", ""Love and Grudge"", ""Ask ve Kin""]",aşk ve kin (film) | Love and Hate (1965 film) | love and grudge | love and hate (1965 film) | Aşk ve Kin | aşk ve kin | Aşk ve Kin (film) | ask ve kin | Love and Grudge | Ask ve Kin,"[""cinema"", ""film"", ""turkiye""]","[""film""]",true
Q6692252,lovelorn (film),"Lovelorn (Turkish: Gönül Yarası) is a 2005 Turkish drama film, written and directed by Yavuz Turgul, starring Şener Şen as a teacher recently returned to Istanbul who must protect a nightclub singer from her violent ex-husband. The film, which went on nationwide general release across Turkey on January 5, 2005 (2005-01-05), won awards at film festivals in Antalya, Palm Springs and New York.","[""lovelorn (film)"", ""Lovelorn (film)"", ""gönül yarası"", ""Gönül Yarası""]",lovelorn (film) | Lovelorn (film) | gönül yarası | Gönül Yarası,"[""cinema"", ""film"", ""turkiye""]","[""film""]",true
Q6806566,Davaro,Davaro is a 1981 Turkish adventure film directed by Kartal Tibet.,"[""Davaro"", ""davaro""]",Davaro | davaro,"[""cinema"", ""film"", ""turkiye""]","[""film""]",true
Q6812586,Melis Birkan,Melis Birkan (born 15 July 1982) is a Turkish actress.She has starred in Çağan Irmak's films The Messenger (Turkish: Ulak) and Alone (Turkish: Issız Adam). She also starred in the series Leyla ile Mecnun.,"[""Melis Birkan"", ""melis birkan""]",Melis Birkan | melis birkan,"[""cinema"", ""people"", ""turkiye""]","[""cast_member""]",true
Q6815170,memduh un,"Arif Memduh Ün (14 March 1920 – 16 October 2015) was a Turkish film producer, director, actor and screenwriter. His film The Broken Pots was entered into the 11th Berlin International Film Festival.","[""memduh un"", ""turhan ün"", ""Turhan Ün"", ""memduh ün"", ""Memduh Ün"", ""Memduh Un""]",memduh un | turhan ün | Turhan Ün | memduh ün | Memduh Ün | Memduh Un,"[""cinema"", ""people"", ""turkiye""]","[""director""]",true
Q6849761,Belçim Bilgin,Belçim Bilgin (born 31 January 1983) is a Turkish actress of Kurdish descent.,"[""Belçim Bilgin"", ""belcim bilgin"", ""Belçim Bilgin Erdoğan"", ""belçim bilgin erdoğan"", ""Belcim Bilgin"", ""belçim bilgin""]",Belçim Bilgin | belcim bilgin | Belçim Bilgin Erdoğan | belçim bilgin erdoğan | Belcim Bilgin | belçim bilgin,"[""cinema"", ""people"", ""turkiye""]","[""cast_member""]",true
Q69108,Christiane Paul,"Christiane Paul (born 8 March 1974 in Berlin-Pankow) is a German film, television and stage actress.Paul first worked as a model for magazines such as Bravo. She was 17 when she obtained her first leading role in the film Deutschfieber. Prior to her acting career (she has no formal acting training), she studied medicine and successfully completed her studies at the Humboldt University of Berlin; however, she gave up medicine in 2006.","[""Christiane Paul"", ""christiane paul""]",Christiane Paul | christiane paul,"[""cinema"", ""people"", ""turkiye""]","[""cast_member"", ""person_seed""]",true
Q7107075,Osman Fahir Seden,"Osman Fahir Seden usually credited as Osman F. Seden (March 22, 1924 – September 1, 1998 in Istanbul, Turkey) was a Turkish film director, screenwriter and film producer.","[""Osman Fahir Seden"", ""osman f. seden"", ""Osman F. Seden"", ""Osman Seden"", ""osman seden"", ""Osman seden"", ""osman fahir seden""]",Osman Fahir Seden | osman f. seden | Osman F. Seden | Osman Seden | osman seden | Osman seden | osman fahir seden,"[""cinema"", ""people"", ""turkiye""]","[""director""]",true
Q7107110,osman sinav,"Osman Sınav (born 1956 in Burdur) is a Turkish director, producer and screenwriter.","[""osman sinav"", ""Osman Sınav"", ""Osman Sinav"", ""osman sınav""]",osman sinav | Osman Sınav | Osman Sinav | osman sınav,"[""cinema"", ""people"", ""turkiye""]","[""director""]",true
Q7116454,ozan guven,"Ozan Muharrem Güven (born 19 May 1975) is a Turkish film, TV series and theatre actor.","[""ozan guven"", ""ozan güven"", ""Ozan Güven"", ""Ozan Guven""]",ozan guven | ozan güven | Ozan Güven | Ozan Guven,"[""cinema"", ""people"", ""turkiye""]","[""cast_member""]",true
Q716602,gordon mitchell,"Gordon Mitchell (born Charles Allen Pendleton; July 29, 1923 – September 20, 2003) was an American actor and bodybuilder who made about 200 B movies.","[""gordon mitchell"", ""Gordon Mitchell""]",gordon mitchell | Gordon Mitchell,"[""cinema"", ""people"", ""turkiye""]","[""cast_member""]",true
Q719537,mustafakemalpaşa,"Mustafakemalpaşa is a town and district in Bursa Province, in the Marmara region of Turkey.The Mustafakemalpaşa River (Mustafakemalpaşa Çayı) flows through it.","[""mustafakemalpaşa"", ""History of Mustafakemalpaşa"", ""history of mustafakemalpaşa"", ""mustafakemalpasa"", ""Mustafakemalpasa"", ""Mustafakemalpaşa""]",mustafakemalpaşa | History of Mustafakemalpaşa | history of mustafakemalpaşa | mustafakemalpasa | Mustafakemalpasa | Mustafakemalpaşa,"[""cinema"", ""turkiye""]","[""birth_place""]",true
Q7203434,Playing with Death,Playing with Death is a 1995 Iranian detective movie filmed in Iran and Turkey and produced by Alireza Zarif of 'IRIB Television'.,"[""Playing with Death"", ""playing with death""]",Playing with Death | playing with death,"[""cinema"", ""film"", ""turkiye""]","[""film""]",true
Q720344,Ugur Yücel,"Uğur Yücel (born 26 May 1957) is a Turkish film actor, producer and director. He graduated from the Theater Department of the Istanbul Municipality Conservatory (İstanbul Belediye Konservatuarı Tiyatro Bölümü). He took part in several plays between 1975 and 1984 in Kenter Tiyatrosu (Kenter Theatre), Tef Kabare Theatre, Dormen Theatre, and Şan Müzikholü. He was noticed for his roles in Selamsız Bandosu (1987) and Muhsin Bey (1987), then gained mainstream success when he took part in Eşkıya (1996).","[""Ugur Yücel"", ""Ugur Yuecel"", ""Ugur Yucel"", ""uğur yücel"", ""ugur yücel"", ""ugur yuecel"", ""ugur yucel"", ""Uğur Yücel""]",Ugur Yücel | Ugur Yuecel | Ugur Yucel | uğur yücel | ugur yücel | ugur yuecel | ugur yucel | Uğur Yücel,"[""cinema"", ""people"", ""turkiye""]","[""cast_member""]",true
Q72347,Haldun Boysan,Haldun Boysan (born 6 July 1958) is a Turkish actor. One of his notable works are Valley of the Wolves as Tombalacı Mehmet who's one of the councils of the Wolves.,"[""Haldun Boysan"", ""haldun boysan""]",Haldun Boysan | haldun boysan,"[""cinema"", ""people"", ""turkiye""]","[""cast_member""]",true
Q7241424,Presidential Culture and Arts Grand Awards,Presidential Culture and Arts Grand Awards (Turkish: Cumhurbaşkanlığı Kültür ve Sanat Büyük Ödülleri) are the annual awards awarded by Presidency of Turkey.,"[""Presidential Culture and Arts Grand Awards"", ""presidential culture and arts grand awards""]",Presidential Culture and Arts Grand Awards | presidential culture and arts grand awards,"[""award"", ""cinema"", ""turkiye""]","[""award""]",true
Q724172,nuri bilge ceylan,"Nuri Bilge Ceylan (Turkish pronunciation: [ˈnuːɾi ˈbilɟe ˈdʒejlan], born 26 January 1959) is a Turkish film director, photographer, screenwriter and actor.He won the Palme d'Or, the highest prize at the Cannes Film Festival, in 2014. He is married to filmmaker, photographer, and actress Ebru Ceylan, with whom he co-starred in Climates (2006).","[""nuri bilge ceylan"", ""Nuri Bilge Ceylan""]",nuri bilge ceylan | Nuri Bilge Ceylan,"[""cinema"", ""people"", ""turkiye""]","[""cast_member"", ""person_seed""]",true
Q735585,kemal sunal,"Ali Kemal Sunal (10 November 1944 – 3 July 2000) was a Turkish actor. With Hababam Sınıfı, Kapıcılar Kralı and Davaro, Sunal gained large popularity amongst Turkish cinema goers and was famed for his character ""Şaban"", a role he frequently played. His characters in films often reflected the problems common Turkish people faced in their country.","[""kemal sunal"", ""Kemal Sunal""]",kemal sunal | Kemal Sunal,"[""cinema"", ""people"", ""turkiye""]","[""cast_member""]",true
Q736523,Yavuz Bingöl,Yavuz Bingöl (born 7 October 1964) is a Turkish folk music singer and actor.,"[""Yavuz Bingöl"", ""yavuz bingol"", ""Yavuz Bingoel"", ""Yavuz Bingol"", ""yavuz bingoel"", ""yavuz bingöl""]",Yavuz Bingöl | yavuz bingol | Yavuz Bingoel | Yavuz Bingol | yavuz bingoel | yavuz bingöl,"[""cinema"", ""people"", ""turkiye""]","[""cast_member""]",true
Q737547,"Motherwell, Scotland","Motherwell (Scots: Mitherwall, Scottish Gaelic: Tobar na Màthar) is a large town and former burgh in North Lanarkshire,  Scotland, United Kingdom, south east of Glasgow. It has a population of around 32,120.Historically in the parish of Dalziel and part of Lanarkshire, Motherwell is the headquarters for North Lanarkshire Council. Geographically the River Clyde separates Motherwell from Hamilton to the west whereas the South Calder Water separates Motherwell from Carfin to the north-east and New Stevenston and Bellshill towards the north. Motherwell is also geographically close to Wishaw to the south-east.","[""Motherwell, Scotland"", ""Motherwell, Lanarkshire"", ""motherwell"", ""Motherwell (district)"", ""Motherwell, North Lanarkshire"", ""steelopolis"", ""Motherwell"", ""Mother well"", ""motherwell, scotland"", ""Motherwell (local government district, Strathclyde region)""]","Motherwell, Scotland | Motherwell, Lanarkshire | motherwell | Motherwell (district) | Motherwell, North Lanarkshire | steelopolis | Motherwell | Mother well | motherwell, scotland | Motherwell (local government district, Strathclyde region)","[""cinema"", ""turkiye""]","[""birth_place""]",true
Q7398100,Sadri Alışık,"Sadri Alışık (born Mehmet Sadrettin Alışık; 5 April 1925 – 18 March 1995) was a stage and movie actor. Also, he was  one of the best comedians in Turkey. He was the husband of Çolpan İlhan.","[""Sadri Alışık"", ""Sadri Alisik"", ""sadri alisik"", ""sadiral alisik"", ""Sadiral Alisik"", ""SADIRAL ALISIK"", ""Sadri alisik"", ""sadri alışık""]",Sadri Alışık | Sadri Alisik | sadri alisik | sadiral alisik | Sadiral Alisik | SADIRAL ALISIK | Sadri alisik | sadri alışık,"[""cinema"", ""people"", ""turkiye""]","[""cast_member""]",true
Q742775,beyazit oztuerk,"Beyazıt Öztürk (born 12 March 1969), also known as Beyaz, is a Turkish television personality, standup comedian and actor. He is the host of Beyaz Show, a popular Turkish talk show. In 2018, he became one of the judges on O Ses Türkiye, the Turkish version of The Voice.","[""beyazit oztuerk"", ""beyazıt öztürk"", ""beyazit ozturk"", ""Beyazit Ozturk"", ""Beyazit Oztuerk"", ""Beyazıt Öztürk"", ""Beyazit ozturk""]",beyazit oztuerk | beyazıt öztürk | beyazit ozturk | Beyazit Ozturk | Beyazit Oztuerk | Beyazıt Öztürk | Beyazit ozturk,"[""cinema"", ""people"", ""turkiye""]","[""cast_member""]",true
Q7460798,Shadows and Faces,"Shadows and Faces (Turkish: Gölgeler ve Suretler) is a 2010 Turkish drama film, written and directed by Turkish Cypriot director Derviş Zaim, which tells the story of a young girl who is separated from her father, a Karagöz shadow play master, during the beginning of the conflict between Turks and Greeks in Cyprus in 1963. The film, which saw a nationwide general release across Turkey on March 11, 2011 (2011-03-11), premiered in competition at the 47th International Antalya Golden Orange Film Festival, where it won the Turkish Film Critics Association Award. It is the third and final part of a trilogy of films themed around traditional Turkish arts, which includes Waiting for Heaven (2006) and Dot (2008).","[""Shadows and Faces"", ""Gölgeler ve suretler"", ""shadows and faces"", ""gölgeler ve suretler""]",Shadows and Faces | Gölgeler ve suretler | shadows and faces | gölgeler ve suretler,"[""cinema"", ""film"", ""turkiye""]","[""film""]",true
Q75176,davrak,Baki Davrak (born 1971) is a Turkish-German actor who is known for his leading role in the film The Edge of Heaven (Auf der anderen Seite) which won the Prix du scénario at the 2007 Cannes Film Festival.,"[""davrak"", ""baki davrak"", ""Davrak"", ""Baki Davrak""]",davrak | baki davrak | Davrak | Baki Davrak,"[""cinema"", ""people"", ""turkiye""]","[""cast_member""]",true
Q75177,İdil Üner,"İdil Üner (born 1 August 1971 in West Berlin, West Germany) is a German-Turkish actress.Üner studied at the Berlin University of the Arts. She received piano lessons for 17 years—starting from the age of 6—and formal opera training for two years. She joined the youth chapters of the Turkish-speaking theater Tiyatrom in Berlin of which her father was a founding member. She made her television debut in the series Tatort (Crime Scene) (1993) and her cinema debut with Rudolf Thome's The Secret. Üner achieved recognition in the works of Fatih Akın and Thomas Arslan, particularly Dealer and Im Juli. She wrote the lyrics to ""Güneşim"", the main song of Im Juli. She also wrote and directed a short film in 2001 named Die Liebenden vom Hotel von Osman in which she shares the leading roles with Fatih Akın. In 2004, in the segment directed by Fatih Akin of the film Visions of Europe, Üner sang the title lied by Schumann, ""Die alten, bösen Lieder"".","[""İdil Üner"", ""Idil Uner"", ""idil üner"", ""Idil Üner"", ""idil uner"", ""i̇dil üner""]",İdil Üner | Idil Uner | idil üner | Idil Üner | idil uner | i̇dil üner,"[""cinema"", ""people"", ""turkiye""]","[""cast_member"", ""person_seed""]",true
Q758354,Atıf Yılmaz Batıbeki,"Atıf Yılmaz Batıbeki (9 December 1925 – 5 May 2006) was a renowned Turkish film director, screenwriter, and film producer. He was almost a legend in the film industry of Turkey with 119 movies directed. He also wrote 53 screenplays and produced 28 movies since 1951. He was active in almost every period of the Turkish film industry. Despite the numerous movies he directed, majority of those were qualified, and had a message to get through.","[""Atıf Yılmaz Batıbeki"", ""atıf yılmaz"", ""atif yilmaz"", ""Atif Yilmaz"", ""atıf yılmaz batıbeki"", ""Atıf Yılmaz""]",Atıf Yılmaz Batıbeki | atıf yılmaz | atif yilmaz | Atif Yilmaz | atıf yılmaz batıbeki | Atıf Yılmaz,"[""cinema"", ""people"", ""turkiye""]","[""director""]",true
Q7603040,state artist,"State Artist (Turkish: Devlet Sanatçısı, also sometimes translated as ""National Artist"") is an honorary title granted to prominent artists by the government of Turkey for their contributions to the Turkish culture. It was established in 1971 by the President of Turkey (Cevdet Sunay) and the Minister of Culture and Tourism.The award is issued for people occupied in various categories of arts: music, dance, theatre, photography, cinema, visual arts, literature, etc.","[""state artist"", ""Devlet Sanatçısı"", ""state artist (turkey)"", ""State Artist"", ""National Artist (Turkey)"", ""national artist (turkey)"", ""devlet sanatcisi"", ""devlet sanatçısı"", ""Devlet Sanatcisi"", ""State Artist (Turkey)""]",state artist | Devlet Sanatçısı | state artist (turkey) | State Artist | National Artist (Turkey) | national artist (turkey) | devlet sanatcisi | devlet sanatçısı | Devlet Sanatcisi | State Artist (Turkey),"[""award"", ""cinema"", ""turkiye""]","[""award""]",true
Q7650000,Sutherland Award,"The Sutherland Trophy was created in 1958 by the British Film Institute as an annual award for ""the maker of the most original and imaginative [first or second feature] film introduced at the National Film Theatre during the year"". In 1997, the criteria changed to honour the maker of the most original and imaginative first feature screened during the London Film Festival.The award is a sculpture in silver by Gerald Benney. It is presented on the closing night of the Festival. The award was named after the British Film Institute's patron, George Sutherland-Leveson-Gower, 5th Duke of Sutherland.","[""Sutherland Award"", ""sutherland award"", ""sutherland prize"", ""sutherland trophy"", ""Sutherland Prize"", ""Sutherland Trophy""]",Sutherland Award | sutherland award | sutherland prize | sutherland trophy | Sutherland Prize | Sutherland Trophy,"[""award"", ""cinema"", ""turkiye""]","[""award""]",true
Q7666744,Sumer Tilmac,"Sümer Tilmaç (July 15, 1948 – June 12, 2015) was a Turkish actor. He started his theatre and film acting career in 1962 and took part in many theater plays. He acted in various films and television series. He also worked in Antalya State Theatre for three years.Though born in Malatya, Turkey, in 1948, he grew up in Antalya. He opened a restaurant in Istanbul where only items from Antalya Cuisine were served. After the restaurant in Istanbul was closed, he devoted his time to his farm (Melek's Farm) in Serik, Antalya where he and his wife served local cuisine along with local arts to visitors. His career in acting continued with various television, advertising, film, and stage arts projects.","[""Sumer Tilmac"", ""sümer tilmaç"", ""Suemer Tilmac"", ""sumer tilmac"", ""Sümer Tilmaç"", ""suemer tilmac""]",Sumer Tilmac | sümer tilmaç | Suemer Tilmac | sumer tilmac | Sümer Tilmaç | suemer tilmac,"[""cinema"", ""people"", ""turkiye""]","[""cast_member""]",true
Q7667107,Sitki Akcatepe,"Sitki Akçatepe (1902–1985) was a famous Turkish actor. He was known for starring in the acclaimed Hababam Sınıfı series of comedy films. He was the father of actor Halit Akçatepe by his wife Leman Akçatepe, to whom he was married until his death.","[""Sitki Akcatepe"", ""sıtkı akcatepe"", ""sıtkı akçatepe"", ""sitki akçatepe"", ""Sitki Akçatepe"", ""Sıtkı Akcatepe"", ""Sıtkı Akçatepe"", ""sitki akcatepe""]",Sitki Akcatepe | sıtkı akcatepe | sıtkı akçatepe | sitki akçatepe | Sitki Akçatepe | Sıtkı Akcatepe | Sıtkı Akçatepe | sitki akcatepe,"[""cinema"", ""people"", ""turkiye""]","[""cast_member""]",true
Q77005,Selma Ergeç,"Selma Ergeç (Turkish pronunciation: [selˈma ˈæɾɟetʃ]; 1 November 1978) is a Turkish-German actress, beauty pageant titleholder, model, designer, philologist, psychologist and doctor.","[""Selma Ergeç"", ""selma ergeç"", ""selma ergec"", ""Selma Ergec""]",Selma Ergeç | selma ergeç | selma ergec | Selma Ergec,"[""cinema"", ""people"", ""turkiye""]","[""cast_member""]",true
Q7713773,The Angel of Vengeance,The Angel of Vengeance – The Female Hamlet (Turkish: İntikam Meleği – Kadın Hamlet) is a 1977 Turkish drama film directed by Metin Erksan. It was entered into the 10th Moscow International Film Festival.,"[""The Angel of Vengeance"", ""İntikam Meleği – Kadın Hamlet"", ""angel of revenge/female hamlet"", ""Angel of Revenge/Female Hamlet"", ""i̇ntikam meleği - kadın hamlet"", ""The Angel of Vengeance – The Female Hamlet"", ""Angel of Vengeance – The Female Hamlet"", ""angel of vengeance – the female hamlet"", ""kadın hamlet"", ""i̇ntikam meleği – kadın hamlet""]",The Angel of Vengeance | İntikam Meleği – Kadın Hamlet | angel of revenge/female hamlet | Angel of Revenge/Female Hamlet | i̇ntikam meleği - kadın hamlet | The Angel of Vengeance – The Female Hamlet | Angel of Vengeance – The Female Hamlet | angel of vengeance – the female hamlet | kadın hamlet | i̇ntikam meleği – kadın hamlet,"[""cinema"", ""film"", ""turkiye""]","[""film""]",true
Q7742278,Beynelmilel (film),"The International (Turkish: Beynelmilel) is a 2006 Turkish comedy-drama film, directed by Muharrem Gülmez and Sırrı Süreyya Önder, about a group of local musicians preparing to play at a large military parade in a small town near Adana, Turkey. The film, which went on general release across Turkey on December 29, 2006 (2006-12-29), won awards at film festivals in Adana, Ankara, Istanbul and Thessalonika. It was also entered into the 29th Moscow International Film Festival.","[""Beynelmilel (film)"", ""The International (2006 film)"", ""beynelmilel (film)"", ""the international (2006 film)""]",Beynelmilel (film) | The International (2006 film) | beynelmilel (film) | the international (2006 film),"[""cinema"", ""film"", ""turkiye""]","[""film""]",true
Q7742847,the jackal (2010 film),"The Jackal (Turkish: Çakal) is a 2010 Turkish action film, directed by Erhan Kozan, about a quiet young boy who gradually becomes a criminal nicknamed the Jackal. The film, which went on nationwide general release across Turkey on December 17, 2010 (2010-12-17), premiered in competition at the 47th Antalya ""Golden Orange"" International Film Festival (October 9 to 14, 2010).","[""the jackal (2010 film)"", ""The Jackal (2010 film)""]",the jackal (2010 film) | The Jackal (2010 film),"[""cinema"", ""film"", ""turkiye""]","[""film""]",true
Q7744599,Çöpçüler krali,"The King of the Street Cleaners (Turkish: Çöpçüler Kralı), is a 1977 comedy drama film directed by Zeki Ökten and starring famous Turkish comedy actor Kemal Sunal. The film was written by Umur Bugay. Cahit Berkay and Özdemir Erdoğan composed the film music. The film won awards at the 15th Antalya Film Festival (Umur Bugay ""Best Screenplay"") and Şener Şen (""Best Supporting Actor"").","[""Çöpçüler krali"", ""çöpçüler krali"", ""Çöpçüler Kralı"", ""king of the street cleaners"", ""the king of the street cleaners"", ""The King of the Street Cleaners"", ""çöpçüler kralı"", ""King of the Street Cleaners""]",Çöpçüler krali | çöpçüler krali | Çöpçüler Kralı | king of the street cleaners | the king of the street cleaners | The King of the Street Cleaners | çöpçüler kralı | King of the Street Cleaners,"[""cinema"", ""film"", ""turkiye""]","[""film""]",true
Q7750585,the master (2009 film),"The Master (Turkish: Usta) is a 2009 Turkish drama film, directed by Bahadır Karataş, starring Yetkin Dikinciler as a small town car mechanic in who builds a small biplane in his backyard. The film, which went on nationwide general release across Turkey on May 8, 2009 (2009-05-08), won a Best Supporting Actress nomination for Hasibe Eren at the 3rd Yeşilçam Awards.","[""the master (2009 film)"", ""The Master (2009 film)""]",the master (2009 film) | The Master (2009 film),"[""cinema"", ""film"", ""turkiye""]","[""film""]",true
Q7807711,timuçin esen,Timuçin Esen (born 14 August 1973) is a Turkish actor.,"[""timuçin esen"", ""Timucin Esen"", ""Timuçin Esen"", ""timucin esen""]",timuçin esen | Timucin Esen | Timuçin Esen | timucin esen,"[""cinema"", ""people"", ""turkiye""]","[""cast_member""]",true
Q7813033,Togan Gokbakar,"Togan Gökbakar (born 29 May 1984 in İzmir, Turkey) is a prize-winning Turkish film director.","[""Togan Gokbakar"", ""togan gokbakar"", ""Togan Gökbakar"", ""togan gökbakar""]",Togan Gokbakar | togan gokbakar | Togan Gökbakar | togan gökbakar,"[""cinema"", ""people"", ""turkiye""]","[""director""]",true
Q7814307,Toll Booth (film),"Toll Booth (Turkish: Gişe Memuru) is a 2010 Turkish drama film directed by Tolga Karaçelik, which tells the story of a reclusive toll-booth attendant. The film was selected for the 47th Antalya ""Golden Orange"" International Film Festival.","[""Toll Booth (film)"", ""toll booth (film)""]",Toll Booth (film) | toll booth (film),"[""cinema"", ""film"", ""turkiye""]","[""film""]",true
Q78168,Mehmet Kurtuluş,Mehmet Kurtuluş (born 27 April 1972) is a Turkish-German actor. He is best known for his work with German director Fatih Akin.,"[""Mehmet Kurtuluş"", ""Mehmet kurtulus"", ""mehmet kurtulus"", ""Mehmet Kurtulus"", ""mehmet kurtuluş""]",Mehmet Kurtuluş | Mehmet kurtulus | mehmet kurtulus | Mehmet Kurtulus | mehmet kurtuluş,"[""cinema"", ""people"", ""turkiye""]","[""cast_member""]",true
Q7817189,tom payne (actor),"Thomas Payne (born 21 December 1982) is an English actor. He is known for appearing on AMC's The Walking Dead as Paul ""Jesus"" Rovia.","[""tom payne (actor)"", ""Tom Payne (actor)"", ""Tom Payne (Actor)""]",tom payne (actor) | Tom Payne (actor) | Tom Payne (Actor),"[""cinema"", ""people"", ""turkiye""]","[""person_seed""]",true
Q7827905,tosun paşa,"Tosun Paşa is a 1976 Turkish comedy film, directed by Kartal Tibet and written by Yavuz Turgul and starring Kemal Sunal, in his trademark character role of Şaban, as a butler who poses as the governor-general of Ottoman-ruled Egypt in an attempt to settle a dispute between two noble families over a lucrative parcel of land called The Green Valley. The film, which went on nationwide general release across Turkey on February 1, 1976 (1976-02-01), is one of the most popular productions from Ertem Eğilmez's Arzu Film and is particularly remembered for its catchy musical score.","[""tosun paşa"", ""Tosun Paşa"", ""tosun pasa"", ""Tosun Pasa""]",tosun paşa | Tosun Paşa | tosun pasa | Tosun Pasa,"[""cinema"", ""film"", ""turkiye""]","[""film"", ""film_seed""]",true
Q7853403,Tunç Basaran,"Tunç Başaran (born in October 1, 1938) is a Turkish screenwriter, film director, film producer and actor.","[""Tunç Basaran"", ""tunç başaran"", ""Tunç Başaran"", ""tunc basaran"", ""Tunc Basaran"", ""tunç basaran""]",Tunç Basaran | tunç başaran | Tunç Başaran | tunc basaran | Tunc Basaran | tunç basaran,"[""cinema"", ""people"", ""turkiye""]","[""director""]",true
Q7854884,turgay tanülkü,Turgay Tanülkü (born 1953) is a Turkish actor.,"[""turgay tanülkü"", ""Turgay Tanülkü"", ""Turgay Tanulku"", ""turgay tanulku""]",turgay tanülkü | Turgay Tanülkü | Turgay Tanulku | turgay tanulku,"[""cinema"", ""people"", ""turkiye""]","[""cast_member""]",true
Q79,Names of Egypt,"Egypt ( (listen) EE-jipt; Arabic: مِصر‎ Miṣr, Egyptian Arabic: مَصر‎ Maṣr, Coptic: Ⲭⲏⲙⲓ Khēmi), officially the Arab Republic of Egypt, is a country spanning the northeast corner of Africa and southwest corner of Asia by a land bridge formed by the Sinai Peninsula. Egypt is a Mediterranean country bordered by the Gaza Strip and Israel to the northeast, the Gulf of Aqaba and the Red Sea to the east, Sudan to the south, and Libya to the west. Across the Gulf of Aqaba lies Jordan, across the Red Sea lies Saudi Arabia, and across the Mediterranean lie Greece, Turkey and Cyprus, although none share a land border with Egypt.Egypt has one of the longest histories of any country, tracing its heritage back to the 6th–4th millennia BCE. Considered a cradle of civilisation, Ancient Egypt saw some of the earliest developments of writing, agriculture, urbanisation, organised religion and central government. Iconic monuments such as the Giza Necropolis and its Great Sphinx, as well the ruins of Memphis, Thebes, Karnak, and the Valley of the Kings, reflect this legacy and remain a significant focus of scientific and popular interest. Egypt's long and rich cultural heritage is an integral part of its national identity, which has endured, and often assimilated, various foreign influences, including Greek, Persian, Roman, Arab, Ottoman Turkish, and Nubian. Egypt was an early and important centre of Christianity, but was largely Islamised in the seventh century and remains a predominantly Muslim country, albeit with a significant Christian minority.From the 16th to the beginning of the 20th century, Egypt was ruled by foreign imperial powers: The Ottoman Empire and the British Empire. Modern Egypt dates back to 1922, when it gained nominal independence from the British Empire as a monarchy. However, British military occupation of Egypt continued, and many Egyptians believed that the monarchy was an instrument of British colonialism. Following the 1952 revolution, Egypt expelled British soldiers and bureaucrats and ended British occupation, nationalized the British-held Suez Canal, exiled King Farouk and his family, and declared itself a republic. In 1958 it merged with Syria to form the United Arab Republic, which dissolved in 1961. Throughout the second half of the 20th century, Egypt endured social and religious strife and political instability, fighting several armed conflicts with Israel in 1948, 1956, 1967 and 1973, and occupying the Gaza Strip intermittently until 1967. In 1978, Egypt signed the Camp David Accords, officially withdrawing from the Gaza Strip and recognising Israel. The country continues to face challenges, from political unrest, including the recent 2011 revolution and its aftermath, to terrorism and economic underdevelopment. Egypt's current government is a semi-presidential republic headed by President Abdel Fattah el-Sisi, which has been described by a number of watchdogs as authoritarian.Islam is the official religion of Egypt and Arabic is its official language. With over 95 million inhabitants, Egypt is the most populous country in North Africa, the Middle East, and the Arab world, the third-most populous in Africa (after Nigeria and Ethiopia), and the fifteenth-most populous in the world. The great majority of its people live near the banks of the Nile River, an area of about 40,000 square kilometres (15,000 sq mi), where the only arable land is found. The large regions of the Sahara desert, which constitute most of Egypt's territory, are sparsely inhabited. About half of Egypt's residents live in urban areas, with most spread across the densely populated centres of greater Cairo, Alexandria and other major cities in the Nile Delta.The sovereign state of Egypt is a transcontinental country  considered to be a regional power in North Africa, the Middle East and the Muslim world, and a middle power worldwide. Egypt's economy is one of the largest and most diversified in the Middle East, and is projected to become one of the largest in the world in the 21st century. In 2016, Egypt overtook South Africa and became Africa's second largest economy (after Nigeria). Egypt is a founding member of the United Nations, Non-Aligned Movement, Arab League, African Union, and Organisation of Islamic Cooperation.","[""Names of Egypt"", ""Egypt, Arab Rep."", ""Republic of Eygpt"", ""Gomhoreyet Maṣr El ʿArabeya"", ""Republic of Egypt"", ""republic of egypt (1953-1958)"", ""a.r. egypt"", ""🇪🇬"", ""Egypt State Information Service"", ""eypt""]","Names of Egypt | Egypt, Arab Rep. | Republic of Eygpt | Gomhoreyet Maṣr El ʿArabeya | Republic of Egypt | republic of egypt (1953-1958) | a.r. egypt | 🇪🇬 | Egypt State Information Service | eypt","[""cinema"", ""turkiye""]","[""turkey_neighbor""]",true
Q792949,ayhan işık,"Ayhan Işık (born Ayhan Işıyan; 5 May 1929 – 16 June 1979) was one of the pioneers of Turkish cinema and actors in Turkey, the most loved Turkish leading actor in the 1950s and 1960s.","[""ayhan işık"", ""Ayhan Işık"", ""ayhan isik"", ""Ayhan Isik""]",ayhan işık | Ayhan Işık | ayhan isik | Ayhan Isik,"[""cinema"", ""people"", ""turkiye""]","[""cast_member""]",true
Q793,"zwolle, overijssel","Zwolle (Dutch: [ˈzʋɔlə] (listen)) is a city and municipality in the northeastern Netherlands serving as Overijssel's capital. With a population of 125,806, it is the second-largest municipality of the province after Enschede.","[""zwolle, overijssel"", ""History of Zwolle"", ""zwolle"", ""broerenkerk"", ""Broerenkerk"", ""Spoolde"", ""un/locode:nlzwo"", ""spoolde"", ""history of zwolle"", ""Zwolle, Overijssel""]","zwolle, overijssel | History of Zwolle | zwolle | broerenkerk | Broerenkerk | Spoolde | un/locode:nlzwo | spoolde | history of zwolle | Zwolle, Overijssel","[""cinema"", ""turkiye""]","[""birth_place""]",true
Q794,Persian State of Iran,"Iran, also called Persia, and officially the Islamic Republic of Iran, is a country in Western Asia. With 82 million inhabitants, Iran is the world's 18th most populous country. Its territory spans 1,648,195 km2 (636,372 sq mi), making it the second largest country in the Middle East and the 17th largest in the world. Iran is bordered to the northwest by Armenia and the Republic of Azerbaijan, to the north by the Caspian Sea, to the northeast by Turkmenistan, to the east by Afghanistan and Pakistan, to the south by the Persian Gulf and the Gulf of Oman, and to the west by Turkey and Iraq. Its central location in Eurasia and Western Asia, and its proximity to the Strait of Hormuz, give it geostrategic importance. Tehran is the capital, largest city, and economic and cultural center.Iran is home to one of the world's oldest civilizations, beginning with the formation of the Elamite kingdoms in the fourth millennium BCE. It was first unified by the Iranian Medes in the seventh century BCE, and reached its territorial height in the sixth century BCE under Cyrus the Great, whose Achaemenid Empire stretched from Eastern Europe to the Indus Valley, one of the largest empires in history. The empire fell to Alexander the Great in the fourth century BCE and was divided into several Hellenistic states. An Iranian rebellion established the Parthian Empire in the third century BCE, which was succeeded in the third century CE by the Sasanian Empire, a leading world power for the next four centuries.Arab Muslims conquered the empire in the seventh century CE, and the subsequent Islamization of Iran led to the decline of the once dominant Zoroastrian religion. Iran's major contributions to art, philosophy, and science spread throughout the Muslim world and beyond during the Islamic Golden Age. Over the next two centuries, a series of native Muslim dynasties emerged before the Seljuq Turks and the Ilkhanate Mongols conquered the region. The rise of the native Safavids in the 15th century led to the reestablishment of a unified Iranian state and national identity, with the country's conversion to Shia Islam marking a turning point in Iranian and Muslim history.Under Nader Shah, Iran was one of the most powerful states in the 18th century, though by the 19th century, a series of conflicts with the Russian Empire led to significant territorial losses. The Iranian Constitutional Revolution in the early 20th century created a constitutional monarchy and the country's first legislature. A 1953 coup instigated by the United Kingdom and the United States resulted in greater autocratic rule under Mohammad Reza Shah and growing Western political influence. A far-reaching series of reforms known as the White Revolution was launched by the Shah in 1963, prompting industrial growth, land reforms, and increased women's rights. Nevertheless, widespread dissatisfaction and unrest against the monarchy persisted, leading to the 1979 Revolution, which established the current Islamic republic. For most of the 1980s, Iran fought a war with Iraq that resulted in severe casualties and economic devastation for both sides.Iran's political system has elements of a presidential democracy with a theocracy governed by an autocratic ""Supreme Leader"". It has been described as authoritarian, with significant constraints and abuses against human rights.Iran is a founding member of the UN, ECO, NAM, OIC, and OPEC. It is a major regional and middle power, and its large reserves of fossil fuels - including the world's largest natural gas supply and the fourth largest proven oil reserves - exert considerable influence in international energy security and the world economy. The country's rich cultural legacy is reflected in part by its 22 UNESCO World Heritage sites, the third largest number in Asia and 11th largest in the world. Historically a multi-ethnic country, Iran remains a pluralistic society comprising numerous ethnic, linguistic, and religious groups, the largest being Persians, Azeris, Kurds, Mazandaranis and Lurs.","[""Persian State of Iran"", ""The Islamic Republic of Iran"", ""irãn"", ""ایران"", ""persia (iran)"", ""persia"", ""irañ"", ""i.r. iran"", ""jomhūrī-ye eslāmī-ye īrān"", ""Islamic Iran""]",Persian State of Iran | The Islamic Republic of Iran | irãn | ایران | persia (iran) | persia | irañ | i.r. iran | jomhūrī-ye eslāmī-ye īrān | Islamic Iran,"[""cinema"", ""geography"", ""turkiye""]","[""country""]",true
Q796,komara iraqê,"Iraq (,  (listen) or ; Arabic: العراق‎ al-'Irāq; Kurdish: عێراق‎ Êraq), officially the Republic of Iraq (Arabic: جُمهورية العِراق‎ Jumhūrīyyat al-'Irāq; Kurdish: کۆماری عێراق‎ Komari Eraq), is a country in Western Asia, bordered by Turkey to the north, Iran to the east, Kuwait to the southeast, Saudi Arabia to the south, Jordan to the southwest and Syria to the west. The capital, and largest city, is Baghdad. Iraq is home to diverse ethnic groups including Arabs, Kurds, Chaldeans, Assyrians, Turkmen, Shabakis, Yazidis, Armenians, Mandeans, Circassians and Kawliya. Around 95% of the country's 37 million citizens are Muslims, with Christianity, Yarsan, Yezidism and Mandeanism also present. The official languages of Iraq are Arabic and Kurdish.Iraq has a coastline measuring 58 km (36 miles) on the northern Persian Gulf and encompasses the Mesopotamian Alluvial Plain, the northwestern end of the Zagros mountain range and the eastern part of the Syrian Desert. Two major rivers, the Tigris and Euphrates, run south through Iraq and into the Shatt al-Arab near the Persian Gulf. These rivers provide Iraq with significant amounts of fertile land.The region between the Tigris and Euphrates rivers, historically known as Mesopotamia, is often referred to as the cradle of civilisation. It was here that mankind first began to read, write, create laws and live in cities under an organised government—notably Uruk, from which ""Iraq"" is derived. The area has been home to successive civilisations since the 6th millennium BC. Iraq was the centre of the Akkadian, Sumerian, Assyrian, Chaldean Empire, and Babylonian empires. It was also part of the Median, Achaemenid, Hellenistic, Parthian, Sassanid, Roman, Rashidun, Umayyad, Abbasid, Ayyubid, Seljuk, Mongol, Timurid, Safavid, Afsharid and Ottoman empires.The country today known as Iraq was a region of the Ottoman Empire until the partition of the Ottoman Empire in the 20th century. It was made up of three provinces, called vilayets in the Ottoman language: Mosul Vilayet, Baghdad Vilayet, and Basra Vilayet. In April 1920 the British Mandate of Mesopotamia was created under the authority of the League of Nations. A British-backed monarchy joining these vilayets into one Kingdom was established in 1921 under Faisal I of Iraq. The Hashemite Kingdom of Iraq gained independence from the UK in 1932. In 1958, the monarchy was overthrown and the Iraqi Republic created. Iraq was controlled by the Arab Socialist Ba'ath Party from 1968 until 2003. After an invasion by the United States and its allies in 2003, Saddam Hussein's Ba'ath Party was removed from power, and multi-party parliamentary elections were held in 2005. The US presence in Iraq ended in 2011, but the Iraqi insurgency continued and intensified as fighters from the Syrian Civil War spilled into the country. Out of the insurgency came a highly destructive group calling itself ISIL, which took large parts of the north and west. It has since been largely defeated. Disputes over the sovereignty of Iraqi Kurdistan continue. A referendum about the full sovereignty of Iraqi Kurdistan was held on 25 September 2017. On 9 December 2017, then-Iraqi Prime Minister Haider al-Abadi declared victory over ISIL after the group lost its territory in Iraq.Iraq is a federal parliamentary republic consisting of 19 governorates (provinces) and one autonomous region (Iraqi Kurdistan). The country's official religion is Islam. Culturally, Iraq has a very rich heritage and celebrates the achievements of its past in both pre-Islamic as well as post-Islamic times and is known for its poets. Its painters and sculptors are among the best in the Arab world, some of them being world-class as well as producing fine handicrafts, including rugs and carpets. Iraq is a founding member of the UN as well as of the Arab League, OIC, Non-Aligned Movement and the IMF.","[""komara iraqê"", ""komara iraqe"", ""Jumhūriyyat ul-ʿIrāq"", ""republic of iraq"", ""Central Iraq"", ""south iraq"", ""a'raq"", ""Iraqê"", ""A'raq"", ""IRAQ""]",komara iraqê | komara iraqe | Jumhūriyyat ul-ʿIrāq | republic of iraq | Central Iraq | south iraq | a'raq | Iraqê | A'raq | IRAQ,"[""cinema"", ""geography"", ""turkiye""]","[""country""]",true
Q797577,babam and oğlum,My Father and My Son (Turkish: Babam ve Oğlum) is a 2005 Turkish drama film written and directed by Çağan Irmak about a family torn apart by the 1980 Turkish coup d'état. The film which went on nationwide release on 18 November 2005 (2005-11-18) became one of the highest-grossing Turkish films in history.,"[""babam and oğlum"", ""Babam ve oglum"", ""My Father and My Son"", ""babam ve oğlum"", ""Babam Ve Oglum"", ""Babam ve Oglum"", ""Babam ve Oğlum"", ""my father and my son"", ""babam ve oglum"", ""Babam and Oğlum""]",babam and oğlum | Babam ve oglum | My Father and My Son | babam ve oğlum | Babam Ve Oglum | Babam ve Oglum | Babam ve Oğlum | my father and my son | babam ve oglum | Babam and Oğlum,"[""cinema"", ""film"", ""turkiye""]","[""film_seed""]",true
Q79857,cogni,"Konya (Turkish pronunciation: [ˈkon.ja]) is a major city in south-western edge of the Central Anatolian Plateau and is the seventh-most-populous city in Turkey with a metropolitan population of over 2.1 million. Konya is an economically and industrially developed city and the capital of Konya Province.The Konya region has been inhabited since the 3rd millennium BC. Known as Iconium during classical antiquity, the city was ruled successively by the Phrygian, Persian, Hellenistic and Roman civilizations. In the 11th century the Seljuk Turks conquered the area from the Byzantines, and Konya then became the capital of the Sultanate of Rum. Under the Seljuks, the city reached the height of its wealth and influence. Following the demise of Rum, Konya came under the rule of the Karamanids, before being taken over by the Ottoman Empire in the 15th century. After the Turkish War of Independence the city became part of the modern Republic of Turkey.","[""cogni"", ""ikonion"", ""iconium"", ""Ikonion"", ""koniah"", ""Koneriate"", ""Konya, Turkey"", ""konieh"", ""Cogni"", ""konariot""]","cogni | ikonion | iconium | Ikonion | koniah | Koneriate | Konya, Turkey | konieh | Cogni | konariot","[""cinema"", ""turkiye""]","[""birth_place""]",true
Q801,ISRAEL,"Israel (; Hebrew: יִשְׂרָאֵל; Arabic: إِسْرَائِيل‎), also known as the State of Israel, is a country in Western Asia, located on the southeastern shore of the Mediterranean Sea and the northern shore of the Red Sea. It has land borders with Lebanon to the north, Syria to the northeast, Jordan on the east, the Palestinian territories of the West Bank and Gaza Strip to the east and west, respectively, and Egypt to the southwest. The country contains geographically diverse features within its relatively small area. Israel's economic and technological center is Tel Aviv, while its seat of government and proclaimed capital is Jerusalem, although the state's sovereignty over Jerusalem has only partial recognition.Israel has evidence of the earliest migration of hominids out of Africa. Canaanite tribes are archaeologically attested since the Middle Bronze Age, while the Kingdoms of Israel and Judah emerged during the Iron Age. The Neo-Assyrian Empire destroyed Israel around 720 BCE. Judah was later conquered by the Babylonian, Persian and Hellenistic empires and had existed as Jewish autonomous provinces. The successful Maccabean Revolt led to an independent Hasmonean kingdom by 110 BCE, which in 63 BCE however became a client state of the Roman Republic that subsequently installed the Herodian dynasty in 37 BCE, and in 6 CE created the Roman province of Judea. Judea lasted as a Roman province until the failed Jewish revolts resulted in widespread destruction, the expulsion of the Jewish population and the renaming of the region from Iudaea to Syria Palaestina. Jewish presence in the region has persisted to a certain extent over the centuries. In the 7th century CE, the Levant was taken from the Byzantine Empire by the Arabs and remained in Muslim control until the First Crusade of 1099, followed by the Ayyubid conquest of 1187. The Mamluk Sultanate of Egypt extended its control over the Levant in the 13th century until its defeat by the Ottoman Empire in 1517. During the 19th century, national awakening among Jews led to the establishment of the Zionist movement in the diaspora followed by waves of immigration to Ottoman Syria and later Mandatory Palestine.In 1947, the United Nations (UN) adopted a Partition Plan for Palestine recommending the creation of independent Arab and Jewish states and an internationalized Jerusalem. The plan was accepted by the Jewish Agency, and rejected by Arab leaders. The following year, the Jewish Agency declared the independence of the State of Israel, and the subsequent 1948 Arab–Israeli War saw Israel's establishment over most of the former Mandate territory, while the West Bank and Gaza were held by neighboring Arab states. Israel has since fought several wars with Arab countries, and since the Six-Day War in 1967 held occupied territories including the West Bank, Golan Heights and the Gaza Strip (still considered occupied after the 2005 disengagement, although some legal experts dispute this claim). It extended its laws to the Golan Heights and East Jerusalem, but not the West Bank. Israel's occupation of the Palestinian territories is the world's longest military occupation in modern times. Efforts to resolve the Israeli–Palestinian conflict have not resulted in a final peace agreement. However, peace treaties between Israel and both Egypt and Jordan have been signed.In its Basic Laws, Israel defines itself as a Jewish and democratic state and the nation state of the Jewish people. The country has a liberal democracy (one of only two in the Middle East and North Africa region, the other being Tunisia), with a parliamentary system, proportional representation, and universal suffrage. The prime minister is head of government and the Knesset is the legislature. With a population of around 9 million as of 2019, Israel is a developed country and an Organisation for Economic Co-operation and Development (OECD) member, and has the 31st or 32nd-largest economy in the world by nominal gross domestic product (GDP). Israel has the highest standard of living in the Middle East, and ranks among the world's top countries by percentage of citizens with military training, percentage of citizens holding a tertiary education degree, research and development spending by GDP percentage, women's safety, life expectancy, innovativeness, and happiness.","[""ISRAEL"", ""il"", ""Medinat Yisrael"", ""Israil"", ""Dawlat Isra'il"", ""modern israel"", ""Isræl"", ""israel"", ""İsrail"", ""Medinat Yisra'el""]",ISRAEL | il | Medinat Yisrael | Israil | Dawlat Isra'il | modern israel | Isræl | israel | İsrail | Medinat Yisra'el,"[""cinema"", ""geography"", ""turkiye""]","[""country""]",true
Q803679,"Bahçesaray (District), Van",Bahçesaray (for other names see below) is a district of Van Province of Turkey. It was a bucak in Pervari district of Siirt Province until 1964 and Gevaş district of Van Province between 1964-1987. It is at a distance of 110 km from Van. The mayor is Mehmet Garip Aykut (BDP).,"[""Bahçesaray (District), Van"", ""Bahcesaray (District), Van"", ""bahcesaray, van"", ""bahçesaray (district), van"", ""Bahcesaray, Van"", ""bahcesaray (district), van"", ""bahçesaray, van"", ""Bahçesaray, Van""]","Bahçesaray (District), Van | Bahcesaray (District), Van | bahcesaray, van | bahçesaray (district), van | Bahcesaray, Van | bahcesaray (district), van | bahçesaray, van | Bahçesaray, Van","[""cinema"", ""turkiye""]","[""birth_place""]",true
Q804582,bal (film,"Honey (Turkish: Bal) is a 2010 Turkish drama film directed by Semih Kaplanoğlu, the third and final installment of the ""Yusuf Trilogy"", which includes Egg and Milk. It premiered on 16 February 2010 in competition at the 60th Berlin International Film Festival, where it became the third Turkish film, after Susuz Yaz in 1964 and Head-On in 2004, to win the Golden Bear award.  The film, which went on general release across Turkey on 9 April 2010, was selected as Turkey's official candidate for the Best Foreign Film Oscar at the 83rd Academy Awards but it did not make the final shortlist.","[""bal (film"", ""honey (2010 film)"", ""Bal (film"", ""Bal (2010 film)"", ""bal (film)"", ""Bal (film)"", ""bal (2010 film)"", ""Honey (2010 film)""]",bal (film | honey (2010 film) | Bal (film | Bal (2010 film) | bal (film) | Bal (film) | bal (2010 film) | Honey (2010 film),"[""cinema"", ""film"", ""turkiye""]","[""film""]",true
Q8053042,Yetkin,Yetkin Dikinciler (born 15 August 1969) is a Turkish actor.,"[""Yetkin"", ""yetkin dikinciler"", ""yetkin"", ""Dikinciler"", ""Yetkin Dikinciler"", ""dikinciler""]",Yetkin | yetkin dikinciler | yetkin | Dikinciler | Yetkin Dikinciler | dikinciler,"[""cinema"", ""people"", ""turkiye""]","[""cast_member""]",true
Q80550,Van Province,"Van Province (Turkish: Van ili, Kurdish: Wan‎, Armenian: Վան, Persian: استان وان‎) is a province in eastern Turkey, between Lake Van and the Iranian border. It is 19,069 km2 in area and had a population of 1,035,418 at the end of 2010. Its adjacent provinces are Bitlis to the west, Siirt to the southwest, Şırnak and Hakkâri to the south, and Ağrı to the north. The capital is the city of Van. The majority of the province's population is Kurdish, and has a sizable Azerbaijani minority (Küresünni).","[""Van Province"", ""Province of Van"", ""province of van"", ""Van province"", ""Van"", ""van province""]",Van Province | Province of Van | province of van | Van province | Van | van province,"[""cinema"", ""turkiye""]","[""turkey_neighbor""]",true
Q8076089,Zugurt Aga,Züğürt Ağa is a 1985 Turkish comedy film directed by Nesli Çölgeçen.,"[""Zugurt Aga"", ""broken landlord"", ""züğürt ağa"", ""Zügürt Aga"", ""zugurt aga"", ""Broken Landlord"", ""zügürt aga"", ""Züğürt Ağa""]",Zugurt Aga | broken landlord | züğürt ağa | Zügürt Aga | zugurt aga | Broken Landlord | zügürt aga | Züğürt Ağa,"[""cinema"", ""film"", ""turkiye""]","[""film""]",true
Q8078990,Oner Erkan,Öner Erkan (born 4 January 1980) is a Turkish actor.,"[""Oner Erkan"", ""öner erkan"", ""Öner Erkan"", ""oner erkan""]",Oner Erkan | öner erkan | Öner Erkan | oner erkan,"[""cinema"", ""people"", ""turkiye""]","[""cast_member""]",true
Q8080044,idil firat,İdil Fırat (born 1 April 1988) is a Turkish actress.,"[""idil firat"", ""Idil Firat"", ""idil fırat"", ""İdil Fırat"", ""i̇dil fırat"", ""Idil Fırat""]",idil firat | Idil Firat | idil fırat | İdil Fırat | i̇dil fırat | Idil Fırat,"[""cinema"", ""people"", ""turkiye""]","[""cast_member""]",true
Q8080207,i̇smail hacıoğlu,İsmail Hacıoğlu (born 30 November 1985) is a Turkish actor and son of former Fenerbahçe player Mehmet Hacıoğlu.,"[""i̇smail hacıoğlu"", ""İsmail Hacıoğlu"", ""Ismail Hacioglu"", ""ismail hacioglu""]",i̇smail hacıoğlu | İsmail Hacıoğlu | Ismail Hacioglu | ismail hacioglu,"[""cinema"", ""people"", ""turkiye""]","[""cast_member""]",true
Q8080276,izzet gunay,İzzet Günay (born 21 August 1934) is Turkish film and stage actor. He is one of the most experienced and well-known Turkish actors with appearances in more than 100 films across six decades.,"[""izzet gunay"", ""i̇zzet günay"", ""Izzet Günay"", ""Izzet Gunay"", ""izzet günay"", ""İzzet Günay""]",izzet gunay | i̇zzet günay | Izzet Günay | Izzet Gunay | izzet günay | İzzet Günay,"[""cinema"", ""people"", ""turkiye""]","[""cast_member""]",true
Q8082379,sabanoglu saban,"Saban, Son of Saban (Turkish: Şaban Oğlu Şaban)is a 1977 Turkish comedy film directed by Ertem Eğilmez.","[""sabanoglu saban"", ""Saban, Son of Saban"", ""şabanoğlu şaban"", ""saban oglu saban"", ""Şabanoğlu Şaban"", ""saban, son of saban"", ""Sabanoglu Saban"", ""Saban Oglu Saban""]","sabanoglu saban | Saban, Son of Saban | şabanoğlu şaban | saban oglu saban | Şabanoğlu Şaban | saban, son of saban | Sabanoglu Saban | Saban Oglu Saban","[""cinema"", ""film"", ""turkiye""]","[""film""]",true
Q8082498,Serif Sezer,"Şerif Sezer (born 1943) is a Turkish actress. She is also known for her roles in Turkish cult films like Everything About Mustafa and My Father and My Son. She was born in 1946 in Mudanya and she has Rumelian, Georgian and Laz roots.","[""Serif Sezer"", ""şerif sezer"", ""Şerif Sezer"", ""serif sezer""]",Serif Sezer | şerif sezer | Şerif Sezer | serif sezer,"[""cinema"", ""people"", ""turkiye""]","[""cast_member""]",true
Q815624,Belinda Mayne,"Belinda Mayne is a British actress who has appeared in Films and TV and theatre shows in Germany, UK, and the US since 1974 when she made her first appearance in Strangers.","[""Belinda Mayne"", ""belinda mayne""]",Belinda Mayne | belinda mayne,"[""cinema"", ""people"", ""turkiye""]","[""cast_member""]",true
Q819973,Silver Bear for Best Actor,The Silver Bear for Best Actor is the Berlin International Film Festival's award for achievement in performance by an actor.,"[""Silver Bear for Best Actor"", ""silver bear for best actor""]",Silver Bear for Best Actor | silver bear for best actor,"[""award"", ""cinema"", ""turkiye""]","[""award""]",true
Q822,Lebannon,"Lebanon ( (listen); Arabic: لبنان‎ Lubnān; Lebanese pronunciation: [lɪbˈnɛːn]; French: Liban), officially known as the Lebanese Republic (Arabic: الجمهورية اللبنانية‎ al-Jumhūrīyah al-Lubnānīyah; Lebanese pronunciation: [elˈʒʊmhuːɾɪjje lˈlɪbnɛːnɪjje]; French: République libanaise), is a country in Western Asia. It is bordered by Syria to the north and east and Israel to the south, while Cyprus is west across the Mediterranean Sea. Lebanon's location at the crossroads of the Mediterranean Basin and the Arabian hinterland facilitated its rich history and shaped a cultural identity of religious and ethnic diversity. At just 10,452 km2 (4,036 sq. mi.), it is the smallest recognized sovereign state on the mainland Asian continent.The earliest evidence of civilization in Lebanon dates back more than seven thousand years, predating recorded history. Lebanon was the home of the Canaanites/Phoenicians and their kingdoms, a maritime culture that flourished for over a thousand years (c. 1550–539 BC). In 64 BC, the region came under the rule of the Roman Empire, and eventually became one of the Empire's leading centers of Christianity. In the Mount Lebanon range a monastic tradition known as the Maronite Church was established. As the Arab Muslims conquered the region, the Maronites held onto their religion and identity. However, a new religious group, the Druze, established themselves in Mount Lebanon as well, generating a religious divide that has lasted for centuries. During the Crusades, the Maronites re-established contact with the Roman Catholic Church and asserted their communion with Rome. The ties they established with the Latins have influenced the region into the modern era.The region eventually was ruled by the Ottoman Empire from 1516 to 1918. Following the collapse of the empire after World War I, the five provinces that constitute modern Lebanon came under the French Mandate of Lebanon. The French expanded the borders of the Mount Lebanon Governorate, which was mostly populated by Maronites and Druze, to include more Muslims. Lebanon gained independence in 1943, establishing confessionalism, a unique, Consociationalism-type of political system with a power-sharing mechanism based on religious communities. Bechara El Khoury, President of Lebanon during the independence, Riad El-Solh, first Lebanese prime minister and Emir Majid Arslan II, first Lebanese minister of defence, are considered the founders of the modern Republic of Lebanon and are national heroes for having led the country's independence. Foreign troops withdrew completely from Lebanon on 31 December 1946, although the country was subjected to military occupations by Syria that lasted nearly thirty years before being withdrawn in April 2005 as well as the Israeli military in Southern Lebanon for fifteen years.Despite its small size, the country has developed a well-known culture and has been highly influential in the Arab world, powered by its large diaspora. Before the Lebanese Civil War (1975–1990), the country experienced a period of relative calm and renowned prosperity, driven by tourism, agriculture, commerce, and banking. Because of its financial power and diversity in its heyday, Lebanon was referred to as the ""Switzerland of the East"" during the 1960s, and its capital, Beirut, attracted so many tourists that it was known as ""the Paris of the Middle East"". At the end of the war, there were extensive efforts to revive the economy and rebuild national infrastructure. In spite of these troubles, Lebanon has the 7th highest Human Development Index and GDP per capita in the Arab world after the oil-rich economies of the Persian Gulf. Lebanon has been a member of the United Nations since its founding in 1945 as well as of the Arab League (1945), the Non-Aligned Movement (1961), Organisation of the Islamic Cooperation (1969) and the Organisation internationale de la francophonie (1973).","[""Lebannon"", ""etymology of lebanon"", ""🇱🇧"", ""Lebanon"", ""Literature of Lebanon"", ""environmental issues in lebanon"", ""Name of Lebanon"", ""lebnan"", ""state of lebanon"", ""lb""]",Lebannon | etymology of lebanon | 🇱🇧 | Lebanon | Literature of Lebanon | environmental issues in lebanon | Name of Lebanon | lebnan | state of lebanon | lb,"[""cinema"", ""geography"", ""turkiye""]","[""country""]",true
Q832180,takva: a man's fear of god,"Takva: A Man's Fear of God (Turkish: Takva) is a 2006 Turkish film directed by Özer Kızıltan.The film was Turkey's official submission for the Academy Award for Best Foreign Language Film at the 80th Academy Awards, but it was not nominated.","[""takva: a man's fear of god"", ""Takva"", ""takva"", ""Takva: A Man's Fear of God"", ""A Man's Fear of God"", ""a man's fear of god""]",takva: a man's fear of god | Takva | takva | Takva: A Man's Fear of God | A Man's Fear of God | a man's fear of god,"[""cinema"", ""film"", ""turkiye""]","[""film""]",true
Q83387,Kara Amid,"Diyarbakır (Kurdish: Amed or Dîyarbekir, Arabic: ديار بكر‎, Syriac: ܐܡܝܕܐ‎, romanized: Amida, Armenian: Տիգրանակերտ, romanized: Dikranagerd) is one of the largest cities in southeastern Turkey and is often considered the unofficial capital of Northern Kurdistan. Situated on the banks of the Tigris River, it is the administrative capital of the Diyarbakır Province. It is the third-largest city in Turkey's Southeastern Anatolia Region, after Şanlıurfa and Gaziantep.It has been a focal point of the conflict between the Turkish state and various Kurdish insurgent groups.","[""Kara Amid"", ""History of Diyarbakır"", ""amida of the syriacs"", ""diyarbakır"", ""Diyarbekir"", ""dyarbekir"", ""Names of Diyarbakır"", ""Diyarbakır"", ""amida of the armenians"", ""diyarbakir""]",Kara Amid | History of Diyarbakır | amida of the syriacs | diyarbakır | Diyarbekir | dyarbekir | Names of Diyarbakır | Diyarbakır | amida of the armenians | diyarbakir,"[""cinema"", ""turkiye""]","[""birth_place""]",true
Q83965,Kocaeli Province,"Kocaeli Province (Turkish: Kocaeli ili, pronounced [koˈdʒaeli]) is a province of Turkey and one of only two to not have the same official name as its capital, İzmit, which is thus also sometimes called Kocaeli. The province is the successor of the Ottoman-era Sanjak of Kocaeli. The largest towns in the province are İzmit and Gebze. The traffic code is 41. The province is located at the easternmost end of the Marmara Sea around the Gulf of İzmit. Kocaeli is bordered by the province of Istanbul and the Marmara Sea to the west, the Black Sea to the north, the province of Sakarya to the east, the province of Bursa to the south and the province of Yalova to the southwest. The metropolitan area of Istanbul extends to the Kocaeli-Istanbul provincial border.  The size and natural conditions of the Bay of İzmit allow for extensive port facilities, including the Gölcük Naval Base.  The province is called the industrial capital of Turkey. Kocaeli has an airport named Cengiz Topel Naval Air Station which is used for military and civilian transport. Kocaeli has two universities: Kocaeli University and Gebze Technical University.","[""Kocaeli Province"", ""kocaeli province"", ""Kocaeli (İzmit) Province"", ""kocaeli (i̇zmit) province"", ""kocaelì province"", ""kocaeli"", ""Kocaeli ili"", ""Kocaeli Province (electoral district)"", ""kocaeli ili"", ""kocaeli province (electoral district)""]",Kocaeli Province | kocaeli province | Kocaeli (İzmit) Province | kocaeli (i̇zmit) province | kocaelì province | kocaeli | Kocaeli ili | Kocaeli Province (electoral district) | kocaeli ili | kocaeli province (electoral district),"[""cinema"", ""turkiye""]","[""turkey_neighbor""]",true
Q84,united kingdom/london,"London is the capital of and largest city in England and the United Kingdom, with the largest municipal population in the European Union. Standing on the River Thames in the south-east of England, at the head of its 50-mile (80 km) estuary leading to the North Sea, London has been a major settlement for two millennia. Londinium was founded by the Romans. The City of London, London's ancient core − an area of just 1.12 square miles (2.9 km2) and colloquially known as the Square Mile − retains boundaries that follow closely its medieval limits. The City of Westminster is also an Inner London borough holding city status. Greater London is governed by the Mayor of London and the London Assembly.London is considered to be one of the world's most important global cities  and has been termed the world's most powerful,  most desirable, most influential, most visited, most expensive, innovative, sustainable, most investment friendly, most popular for work, and the most vegetarian-friendly city in the world. London exerts a considerable impact upon the arts, commerce, education, entertainment, fashion, finance, healthcare, media, professional services, research and development, tourism and transportation. London ranks 26 out of 300 major cities for economic performance. It is one of the largest financial centres and has either the fifth or sixth largest metropolitan area GDP. It is the most-visited city as measured by international arrivals and has the busiest city airport system as measured by passenger traffic. It is the leading investment destination, hosting more international retailers and ultra high-net-worth individuals than any other city. London's universities form the largest concentration of higher education institutes in Europe. In 2012, London became the first city to have hosted three modern Summer Olympic Games.London has a diverse range of people and cultures, and more than 300 languages are spoken in the region. Its estimated mid-2016 municipal population (corresponding to Greater London) was 8,787,892, the most populous of any city in the European Union and accounting for 13.4% of the UK population. London's urban area is the second most populous in the EU, after Paris, with 9,787,426 inhabitants at the 2011 census. The population within the London commuter belt is the most populous in the EU with 14,040,163 inhabitants in 2016. London was the world's most populous city from c. 1831 to 1925.London contains four World Heritage Sites: the Tower of London; Kew Gardens; the site comprising the Palace of Westminster, Westminster Abbey, and St Margaret's Church; and the historic settlement in Greenwich where the Royal Observatory, Greenwich defines the Prime Meridian, 0° longitude, and Greenwich Mean Time. Other landmarks include Buckingham Palace, the London Eye, Piccadilly Circus, St Paul's Cathedral, Tower Bridge, Trafalgar Square and The Shard. London has numerous museums, galleries, libraries and sporting events. These include the British Museum, National Gallery, Natural History Museum, Tate Modern, British Library and West End theatres. The London Underground is the oldest underground railway network in the world.","[""united kingdom/london"", ""Wikiportal/London"", ""london (uk)"", ""london"", ""London's"", ""london, great britain"", ""London-on-Thames"", ""Llundain"", ""P:L"", ""England London""]","united kingdom/london | Wikiportal/London | london (uk) | london | London's | london, great britain | London-on-Thames | Llundain | P:L | England London","[""cinema"", ""turkiye""]","[""birth_place""]",true
Q844542,Sarîqamîş,"Sarıkamış is a town and a district of Kars Province in the Eastern Anatolia region of Turkey. Its population was 17,860 in 2010. The town sits in a valley and is surrounded by mountains, many of which are covered with pine forests. It has a subalpine climate, with average of 7–8 ft/2.1m-2.4m of snowfall; it has very long winters and short, dry summers. In recent years Sarıkamış has developed as a winter skiing resort, with one of the world's longest tracks.Sarıkamış district neighbours the districts of Selim and Kağızman to East, Şenkaya and Horasan to West, Eleşkirt to South, Selim and Şenkaya to North and occupies an area of 1732 km2. Its average altitude is 1500-2000m, and Aladag Mountain, 3138m, is within its borders. Other important mountains are Süphan, Balıklı (2835m), Kösedağı (2599m), Çıplakdağ (2634m) and Soğanlı (2849m). The Kars and Aras rivers flow through it.Extensive barracks from the Russian period surround the town and are still in use by the Turkish army.  Other historical buildings include the town's former Russian cathedral, known locally as Yanik Kilise, now used as a mosque after being used as a cinema for many years. A hunting lodge, built for a visit by Czar Nicolas, is located at the edge of the pine forests.","[""Sarîqamîş"", ""Sarıkamış Pass"", ""sarîqamîş"", ""sarikamis"", ""Sarıkamış"", ""sarikamish"", ""sarıkamış pass"", ""Sarikamish"", ""battle of sarikamis (1920)"", ""sarıkamış""]",Sarîqamîş | Sarıkamış Pass | sarîqamîş | sarikamis | Sarıkamış | sarikamish | sarıkamış pass | Sarikamish | battle of sarikamis (1920) | sarıkamış,"[""cinema"", ""turkiye""]","[""birth_place""]",true
Q844804,Grand Prix (Cannes Festival),"The Grand Prix is an award of the Cannes Film Festival bestowed by the jury of the festival on one of the competing feature films. It is the second-most prestigious prize of the festival after the Palme d'Or. Prior to its creation, the Special Jury Prize held the ""second place"".","[""Grand Prix (Cannes Festival)"", ""Grand Prize of the Jury"", ""grand prix du jury"", ""Grand prix du Festival de Cannes"", ""grand prix (cannes festival)"", ""grand prix (cannes film festival)"", ""Grand Prix Cannes"", ""grand prix du festival de cannes"", ""grand prize of the jury"", ""Grand Prix (Cannes Film Festival)""]",Grand Prix (Cannes Festival) | Grand Prize of the Jury | grand prix du jury | Grand prix du Festival de Cannes | grand prix (cannes festival) | grand prix (cannes film festival) | Grand Prix Cannes | grand prix du festival de cannes | grand prize of the jury | Grand Prix (Cannes Film Festival),"[""award"", ""cinema"", ""turkiye""]","[""award""]",true
Q851,Arabia of the Sauds,"Saudi Arabia, officially the Kingdom of Saudi Arabia, is a sovereign state in Western Asia constituting the bulk of the Arabian Peninsula. With a land area of approximately 2,150,000 km2 (830,000 sq mi), Saudi Arabia is geographically the largest sovereign state in the Middle East, the second-largest in the Arab world (after Algeria), the fifth-largest in Asia, and the 12th-largest in the world. Saudi Arabia is bordered by Jordan and Iraq to the north, Kuwait to the northeast, Qatar, Bahrain, and the United Arab Emirates to the east, Oman to the southeast and Yemen to the south; it is separated from Israel and Egypt by the Gulf of Aqaba. It is the only nation with both a Red Sea coast and a Persian Gulf coast, and most of its terrain consists of arid desert, lowland and mountains. As of October 2018, the Saudi economy was the largest in the Middle East and the 18th largest in the world.  Saudi Arabia also has one of the world's youngest populations; 50 percent of its 33.4 million people are under 25 years old.The territory that now constitutes Saudi Arabia was the site of several ancient cultures and civilizations. The prehistory of Saudi Arabia shows some of the earliest traces of human activity in the world. The world's second-largest religion, Islam, emerged in modern-day Saudi Arabia. In the early 7th century, the Islamic prophet Muhammad united the population of Arabia and created a single Islamic religious polity. Following his death in 632, his followers rapidly expanded the territory under Muslim rule beyond Arabia, conquering huge and unprecedented swathes of territory (from the Iberian Peninsula in the West to modern-day Pakistan in the East) in a matter of decades.Arab dynasties originating from modern-day Saudi Arabia founded the Rashidun (632–661), Umayyad (661–750), Abbasid (750–1517) and Fatimid (909–1171) caliphates as well as numerous other dynasties in Asia, Africa and Europe.The area of modern-day Saudi Arabia formerly consisted of mainly four distinct regions: Hejaz, Najd and parts of Eastern Arabia (Al-Ahsa) and Southern Arabia ('Asir). The Kingdom of Saudi Arabia was founded in 1932 by Ibn Saud. He united the four regions into a single state through a series of conquests beginning in 1902 with the capture of Riyadh, the ancestral home of his family, the House of Saud. Saudi Arabia has since been a totalitarian absolute monarchy, effectively a hereditary dictatorship governed along Islamist lines. The ultraconservative Wahhabi religious movement within Sunni Islam has been called ""the predominant feature of Saudi culture"", with its global spread largely financed by the oil and gas trade. Saudi Arabia is sometimes called ""the Land of the Two Holy Mosques"" in reference to Al-Masjid al-Haram (in Mecca) and Al-Masjid an-Nabawi (in Medina), the two holiest places in Islam. The state's official language is Arabic.Petroleum was discovered on 3 March 1938 and followed up by several other finds in the Eastern Province. Saudi Arabia has since become the world's second largest oil producer (behind the US) and the world's largest oil exporter, controlling the world's second largest oil reserves and the sixth largest gas reserves. The kingdom is categorized as a World Bank high-income economy with a high Human Development Index and is the only Arab country to be part of the G-20 major economies.  The state has attracted criticism for a variety of reasons including: its archaic treatment of women, its excessive and often extrajudicial use of capital punishment, state-sponsored discrimination against religious minorities and atheists, its role in the Yemeni Civil War, sponsorship of Islamic terrorists, and its strict interpretation of Sharia law. The kingdom has the world's third-highest military expenditure and, according to SIPRI, was the world's second largest arms importer from 2010 to 2014. Saudi Arabia is considered a regional and middle power. In addition to the GCC, it is an active member of the Organisation of Islamic Cooperation and OPEC.","[""Arabia of the Sauds"", ""Social problems in Saudi Arabia"", ""sauri arabia"", ""arabia of the sauds"", ""Etymology of Saudi Arabia"", ""KSA"", ""The Arabia of the Sauds"", ""ISO 3166-1:SA"", ""saudi arabian citizen"", ""wikiproject saudi arabia/portal""]",Arabia of the Sauds | Social problems in Saudi Arabia | sauri arabia | arabia of the sauds | Etymology of Saudi Arabia | KSA | The Arabia of the Sauds | ISO 3166-1:SA | saudi arabian citizen | wikiproject saudi arabia/portal,"[""cinema"", ""geography"", ""turkiye""]","[""birth_place"", ""country""]",true
Q856171,"Moudania, Turkey","Mudanya (Mudania, Greek: τα Μουδανιά, ta Moudaniá [Pl.]) (the site of ancient Apamea Myrlea), is a town and district of Bursa Province in the Marmara region of Turkey. It is located on the Gulf of Gemlik, part of the southern coast of the Sea of Marmara. As of 1911, it was connected with Bursa by the Mudanya–Bursa railway and a carriage road, and with Istanbul by steamers. Mudanya has only an open anchorage usable in calm weather. The town produces olive oil and there is a pier used by local fishing and cargo boats.","[""Moudania, Turkey"", ""Moudania (Asia Minor)"", ""gulf of mudanya"", ""Moudania, Asia Minor"", ""History of Mudanya"", ""moudania, turkey"", ""gulf of mudania"", ""Gulf of Mudanya"", ""mudania"", ""moudania (turkey)""]","Moudania, Turkey | Moudania (Asia Minor) | gulf of mudanya | Moudania, Asia Minor | History of Mudanya | moudania, turkey | gulf of mudania | Gulf of Mudanya | mudania | moudania (turkey)","[""cinema"", ""turkiye""]","[""birth_place""]",true
Q858,Souria,"Syria (Arabic: سوريا‎, romanized: Sūriyā), officially the Syrian Arab Republic (Arabic: الجمهورية العربية السورية‎, romanized: al-Jumhūrīyah al-ʻArabīyah as-Sūrīyah), is a country in Western Asia, bordering Lebanon to the southwest, the Mediterranean Sea to the west, Turkey to the north, Iraq to the east, Jordan to the south, and Israel to the southwest. A country of fertile plains, high mountains, and deserts, Syria is home to diverse ethnic and religious groups, including Syrian Arabs, Greeks, Armenians, Assyrians, Kurds, Circassians, Mandeans and Turkemens. Religious groups include Sunnis, Christians, Alawites, Druze, Isma'ilis, Mandeans, Shiites, Salafis, Yazidis, and Jews. Sunnis make up the largest religious group in Syria.Syria is a unitary republic consisting of 14 governorates and is the only country that politically espouses Ba'athism. It is a member of one international organization other than the United Nations, the Non-Aligned Movement; it has become suspended from the Arab League in November 2011 and the Organisation of Islamic Cooperation, and self-suspended from the Union for the Mediterranean.In English, the name ""Syria"" was formerly synonymous with the Levant (The region of Syria, known in Arabic as al-Sham), while the modern state encompasses the sites of several ancient kingdoms and empires, including the Eblan civilization of the 3rd millennium BC. Aleppo and the capital city Damascus are among the oldest continuously inhabited cities in the world. In the Islamic era, Damascus was the seat of the Umayyad Caliphate and a provincial capital of the Mamluk Sultanate in Egypt. The modern Syrian state was established in the mid-20th century after centuries of Ottoman and a brief period French mandate, and represented the largest Arab state to emerge from the formerly Ottoman-ruled Syrian provinces. It gained de jure independence as a parliamentary republic on 24 October 1945, when Republic of Syria became a founding member of the United Nations, an act which legally ended the former French Mandate – although French troops did not leave the country until April 1946. The post-independence period was tumultuous, and a large number of military coups and coup attempts shook the country in the period 1949–71. In 1958, Syria entered a brief union with Egypt called the United Arab Republic, which was terminated by the 1961 Syrian coup d'état. The republic was renamed into the Arab Republic of Syria in late 1961 after December 1 constitutional referendum, and was increasingly unstable until the 1963 Ba'athist coup d'état, since which the Ba'ath Party has maintained its power. Syria was under Emergency Law from 1963 to 2011, effectively suspending most constitutional protections for citizens. Bashar al-Assad has been president since 2000 and was preceded by his father Hafez al-Assad, who was in office from 1971 to 2000.Since March 2011, Syria has been embroiled in an armed conflict, with a number of countries in the region and beyond involved militarily or otherwise. As a result, a number of self-proclaimed political entities have emerged on Syrian territory, including the Syrian opposition, Rojava, Tahrir al-Sham and Islamic State of Iraq and the Levant. Syria is ranked last on the Global Peace Index, making it the most violent country in the world due to the war. The war has killed more than 570,000 people,caused 7.6 million internally displaced people (July 2015 UNHCR estimate) and over 5 million refugees (July 2017 registered by UNHCR), making population assessment difficult in recent years.","[""Souria"", ""🇸🇾"", ""etymology of syria"", ""syrian arab republic"", ""sy"", ""Al-Jumhūrīyah al-ʻArabīyah as-Sūrīyah"", ""Assad Government"", ""Sport in Syria"", ""Sūriyā"", ""arab republic of syria""]",Souria | 🇸🇾 | etymology of syria | syrian arab republic | sy | Al-Jumhūrīyah al-ʻArabīyah as-Sūrīyah | Assad Government | Sport in Syria | Sūriyā | arab republic of syria,"[""cinema"", ""geography"", ""turkiye""]","[""country""]",true
Q858026,cansu dere,"Cansu Dere (Turkish pronunciation: [dʒanˈsu deˈɾe]; born 14 October 1980) is a Turkish film and television actress, model, and beauty pageant runner-up.","[""cansu dere"", ""Cansu Dere""]",cansu dere | Cansu Dere,"[""cinema"", ""people"", ""turkiye""]","[""cast_member""]",true
Q865,tâi-oân,"Taiwan, officially the Republic of China (ROC), is a state in East Asia. Neighbouring states include the People's Republic of China (PRC) to the west, Japan to the northeast, and the Philippines to the south. The island of Taiwan has an area of 35,808 square kilometres (13,826 sq mi), with mountain ranges dominating the eastern two thirds and plains in the western third, where its highly urbanised population is concentrated. Taipei is the capital and largest metropolitan area. Other major cities include Kaohsiung, Taichung, Tainan and Taoyuan. With 23.7 million inhabitants, Taiwan is among the most densely populated states, and is the most populous state and largest economy that is not a member of the United Nations (UN).Taiwanese indigenous peoples settled the island of Taiwan around 6,000 years ago. In the 17th century, Dutch rule opened the island to mass Han immigration. After a brief rule by the Kingdom of Tungning, the island was annexed in 1683 by the Qing dynasty of China, and ceded to the Empire of Japan in 1895. Following the surrender of Japan in 1945, the Republic of China, which had overthrown and succeeded the Qing in 1911, took control of Taiwan on behalf of the World War II Allies. The resumption of the Chinese Civil War led to the loss of the mainland to the Communist Party of China and the flight of the ROC government to Taiwan in 1949. Although the ROC government continued to claim to be the legitimate representative of China, since 1950 its effective jurisdiction has been limited to Taiwan and several small islands. In the early 1960s, Taiwan entered a period of rapid economic growth and industrialization called the ""Taiwan Miracle"". In the 1980s and early 1990s, the ROC transitioned from a one-party military dictatorship to a multi-party democracy with a semi-presidential system.Taiwan's export-oriented industrial economy is the 21st-largest in the world, with major contributions from steel, machinery, electronics and chemicals manufacturing. Taiwan is a developed country, ranking 15th in GDP per capita. It is ranked highly in terms of political and civil liberties, education, health care and human development.The political status of Taiwan remains uncertain. The ROC is no longer a member of the UN, having been replaced by the PRC in 1971. Taiwan is claimed by the PRC, which refuses diplomatic relations with countries which recognise the ROC. Taiwan maintains official ties with 16 out of 193 UN member states. International organisations in which the PRC participates either refuse to grant membership to Taiwan or allow it to participate only as a non-state actor. Taiwan is a member of the World Trade Organization, Asia-Pacific Economic Cooperation and Asian Development Bank under various names. Nearby countries and countries with large economies maintain unofficial ties with Taiwan through representative offices and institutions that function as de facto embassies and consulates. Domestically, the major political division is between parties favouring eventual Chinese unification and promoting a Chinese identity contrasted with those aspiring to independence and promoting Taiwanese identity, although both sides have moderated their positions to broaden their appeal.","[""tâi-oân"", ""Republic of China/Taiwan"", ""republic of china"", ""Republic of China (R.O.C.)"", ""Táiwan"", ""táiwān"", ""taiwan country"", ""Chung-Hua Min-Kuo"", ""Taiwan Country"", ""republic of china/taiwan""]",tâi-oân | Republic of China/Taiwan | republic of china | Republic of China (R.O.C.) | Táiwan | táiwān | taiwan country | Chung-Hua Min-Kuo | Taiwan Country | republic of china/taiwan,"[""cinema"", ""turkiye""]","[""turkey_neighbor""]",true
Q865528,List of notable Warwick students,"The University of Warwick () (abbreviated as Warw. in post-nominal letters) is a public research university on the outskirts of Coventry between the West Midlands and Warwickshire, England. It was founded in 1965 as part of a government initiative to expand higher education. Within the University, Warwick Business School was established in 1967, Warwick Law School was established in 1968,  Warwick Manufacturing Group (now WMG) was established in 1980 and Warwick Medical School was opened in 2000. Warwick incorporated Coventry College of Education in 1979 and Horticulture Research International in 2004.Warwick is primarily based on a 290 ha (720 acres) campus on the outskirts of Coventry, with a satellite campus in Wellesbourne and a central London base at the Shard. It is organised into three faculties—Arts, Science Engineering and Medicine, and Social Sciences—within which there are 32 departments. As of 2019, Warwick has around 26,531 full-time students and 2,492 academic and research staff. It had a consolidated income of £631.5 million in 2017/18, of which £126.5 million was from research grants and contracts. Warwick Arts Centre, a multi-venue arts complex in the university's main campus, is the largest venue of its kind in the UK outside London.Warwick consistently ranks in the top ten of all major domestic rankings of British universities. Warwick is ranked 7th in the UK for its research, according to the Research Excellence Framework (REF) 2014 by GPA. Warwick is cited as amongst the world's most targeted university institutions by employers and was the world's third best young university in 2015. Warwick has an average intake of 4,950 undergraduates out of 38,071 applicants (7.7 applicants per place). In 2017, Warwick was named as the university with the joint second highest graduate employment rate of any UK university (along with St Andrews), with 97.7 per cent of its graduates in work or further study three and a half years after graduation.Warwick is a member of AACSB, the Association of Commonwealth Universities, the Association of MBAs, EQUIS, the European University Association, the Midlands Innovation group, the Russell Group and Universities UK. It is the only European member of the Center for Urban Science and Progress, a collaboration with New York University. The university has extensive commercial activities, including the University of Warwick Science Park and Warwick Manufacturing Group.","[""List of notable Warwick students"", ""warwick university"", ""Warwick uni"", ""Governance of University of Warwick"", ""The University of Warwick"", ""University of Warwick Symphony Orchestra"", ""Warwick Mathematics Department"", ""university of warwick main campus"", ""Warwick University Business School"", ""warwick mathematics department""]",List of notable Warwick students | warwick university | Warwick uni | Governance of University of Warwick | The University of Warwick | University of Warwick Symphony Orchestra | Warwick Mathematics Department | university of warwick main campus | Warwick University Business School | warwick mathematics department,"[""cinema"", ""education"", ""turkiye""]","[""education_entity""]",true
Q873842,platinum romy,"The Romy TV award in honor of the Austrian-born actress Romy Schneider was created in 1990 by the Austrian newspaper Kurier – or rather their movie reviewer Rudolf John, who also designed the 30.5 cm gilded trophy. It recalls a scene from the movie The Swimming Pool with Alain Delon, when Romy Schneider arranges her dress. (See Senta Berger getting the Platinum award in 2007). The award ceremony is conducted at the Hofburg in Vienna.","[""platinum romy"", ""romy (tv award)"", ""Golden Romy"", ""Romy Award"", ""Romy (TV award)"", ""romy award"", ""golden romy"", ""Platinum Romy""]",platinum romy | romy (tv award) | Golden Romy | Romy Award | Romy (TV award) | romy award | golden romy | Platinum Romy,"[""award"", ""cinema"", ""turkiye""]","[""award""]",true
Q884,S. Koreans,"South Korea (Korean: 한국;  RR: Hanguk or literally 남한;  RR: Namhan; officially the Republic of Korea 대한민국;  RR: Daehan Minguk) is a country in East Asia, constituting the southern part of the Korean Peninsula and sharing a land border with North Korea. The name Korea is derived from Goguryeo which was one of the great powers in East Asia during its time, ruling most of the Korean Peninsula, Manchuria, parts of the Russian Far East and Inner Mongolia under Gwanggaeto the Great. Its capital, Seoul, is a major global city and half of South Korea's over 51 million people live in the Seoul Capital Area, the fourth largest metropolitan economy in the world.The Korean Peninsula was inhabited as early as the Lower Paleolithic period. Its first kingdom was noted in Chinese records in the early 7th century BC. Following the unification of the Three Kingdoms of Korea into Silla and Balhae in the late 7th century, Korea was ruled by the Goryeo dynasty (918–1392) and the Joseon dynasty (1392–1897). The succeeding Korean Empire was annexed into the Empire of Japan in 1910. After World War II, Korea was divided into Soviet and U.S.-administered zones, with the latter becoming the Republic of Korea in August 1948. In 1950, a North Korean invasion began the Korean War and after its end in 1953, the country's economy began to soar, recording the fastest rise in average GDP per capita in the world between 1980 and 1990. Authoritarian rule ended in 1987 and the country is now the most advanced democracy with the highest level of press freedom in Asia. South Korea is a member of the OECD's Development Assistance Committee, the G20 and the Paris Club.South Korea is a highly developed country and the world's 11th largest economy by nominal GDP. Its citizens enjoy the world's fastest Internet connection speeds and the longest years of tertiary education in the world, along with the world's second most equal access to quality healthcare, resulting in the third highest health adjusted life expectancy in the world. The world's 5th largest exporter and 8th largest importer, South Korea is a global leader in many technology and innovation driven fields. Since 2014, South Korea has been named the world's most innovative country by the Bloomberg Innovation Index for 6 consecutive years. Since the 21st century, South Korea has been renowned for its globally influential pop culture such as K-pop and TV dramas, a phenomenon referred to as the Korean Wave.","[""S. Koreans"", ""South-korea"", ""Nam Chosun"", ""So. Korea"", ""daehanminkuk"", ""Korea, Republic Of"", ""skorea"", ""south korea"", ""Daehanminkuk"", ""republic of great han""]","S. Koreans | South-korea | Nam Chosun | So. Korea | daehanminkuk | Korea, Republic Of | skorea | south korea | Daehanminkuk | republic of great han","[""cinema"", ""geography"", ""turkiye""]","[""country""]",true
Q90879,tayfun bademsoy,"Tayfun Bademsoy (born 14 October 1958) is a Turkish-German actor who currently has over 250 TV and cinema productions. He is known for his appearance in many crime-scene series. In his first Hollywood role, he played the role of Atlantic Records founder Ahmet Ertegün in the movie Beyond the Sea. Bademsoy is also the voice actor who serves as the character Sayid's German voice in the American TV series Lost.","[""tayfun bademsoy"", ""Tayfun Bademsoy""]",tayfun bademsoy | Tayfun Bademsoy,"[""cinema"", ""people"", ""turkiye""]","[""cast_member""]",true
Q913571,Yigit Özsener,Yiğit Özşener (Turkish pronunciation: [jiˈit ˈœzʃenæɾ] born 6 April 1972) is a Turkish actor.,"[""Yigit Özsener"", ""Yigit Ozsener"", ""yigit özsener"", ""yiğit özşener"", ""yigit ozsener"", ""Yiğit Özşener""]",Yigit Özsener | Yigit Ozsener | yigit özsener | yiğit özşener | yigit ozsener | Yiğit Özşener,"[""cinema"", ""people"", ""turkiye""]","[""cast_member""]",true
Q9248,Baku Oilfields,"Baku (; Azerbaijani: Bakı, IPA: [bɑˈcɯ], also IPA: [ˈbɑ.kɨ] as a non-standard way) is the capital and largest city of Azerbaijan, as well as the largest city on the Caspian Sea and of the Caucasus region. Baku is located 28 metres (92 ft) below sea level, which makes it the lowest lying national capital in the world and also the largest city in the world located below sea level. Baku lies on the southern shore of the Absheron Peninsula, alongside the Bay of Baku. At the beginning of 2009, Baku's urban population was estimated at just over two million people. Officially, about 25 percent of all inhabitants of the country live in Baku's metropolitan area. Baku is the sole metropolis in Azerbaijan.Baku is divided into twelve administrative raions and 48 townships. Among these are the townships on the islands of the Baku Archipelago, and the town of Oil Rocks built on stilts in the Caspian Sea, 60 kilometres (37 miles) away from Baku. The Inner City of Baku, along with the Shirvanshah's Palace and Maiden Tower, were inscribed as a UNESCO World Heritage Site in 2000. According to the Lonely Planet's ranking, Baku is also among the world's top ten destinations for urban nightlife.The city is the scientific, cultural, and industrial center of Azerbaijan. Many sizeable Azerbaijani institutions have their headquarters there. The Baku International Sea Trade Port is capable of handling two million tons of general and dry bulk cargoes per year. In recent years, Baku has become an important venue for international events. It hosted the 57th Eurovision Song Contest in 2012, the 2015 European Games, 4th Islamic Solidarity Games, the F1 Azerbaijan Grand Prix since 2016, hosted the final of the 2018-19 UEFA Europa League and, will be one of the host cities for UEFA Euro 2020.The city is renowned for its harsh winds, which is reflected in its nickname, the ""City of Winds"".","[""Baku Oilfields"", ""Bakı Şähäri, Azerbaijan"", ""Baku Today"", ""Baku, USSR"", ""Baku, AJ"", ""geography of baku"", ""baku (city)"", ""bakı şähäri"", ""Baki Saehaeri"", ""Bakou""]","Baku Oilfields | Bakı Şähäri, Azerbaijan | Baku Today | Baku, USSR | Baku, AJ | geography of baku | baku (city) | bakı şähäri | Baki Saehaeri | Bakou","[""cinema"", ""turkiye""]","[""birth_place""]",true
Q927967,cüneyt arkın,"Fahrettin Cüreklibatır (born 7 September 1937), better known by his stage name Cüneyt Arkın, is a Turkish film actor, director, and producer. Having starred in somewhere around 250 movies and also TV series, he is widely considered as one of the most prominent Turkish actors of all time. His films shown abroad credited him as George Arkin. Arkın's films have ranged from well-received dramas to mockbusters throughout his career spanning four decades.Early in his career, Arkın became known for starring in historical dramas taking place during the first centuries of the Ottoman Empire and Anatolian Seljuks, such as Malkoçoğlu Cem Sultan and Battal Gazi. While gaining success with such action-based films, he also took part in political films in the late 1970s, the most famous of those being The Adam Trilogy directed by Remzi Aydın Jöntürk. Arkın and Jöntürk continued their collaboration on many other films.In the 1980s, Arkın became known abroad for the film Dünyayı Kurtaran Adam (The Man Who Saves The World, also known as Turkish Star Wars), an extremely low-budget science fiction tentatively famous for featuring bootlegged scenes from Star Wars. Today the B movie has a cult following.","[""cüneyt arkın"", ""Fahrettin Cuereklibatur"", ""Fahrettin Cüreklibatur"", ""Cüneyt Arkın"", ""Fahrettin Cureklibatur"", ""Cuneyt Arkin"", ""fahrettin cüreklibatur"", ""fahrettin cuereklibatur"", ""cüneyt arkin"", ""cuneyt arkin""]",cüneyt arkın | Fahrettin Cuereklibatur | Fahrettin Cüreklibatur | Cüneyt Arkın | Fahrettin Cureklibatur | Cuneyt Arkin | fahrettin cüreklibatur | fahrettin cuereklibatur | cüneyt arkin | cuneyt arkin,"[""cinema"", ""people"", ""turkiye""]","[""cast_member""]",true
Q928436,For Love and Honor,"For Love and Honor (Turkish: Kabadayı) is a 2007 Turkish drama film, written by Yavuz Turgul and directed by Ömer Vargı, starring Şener Şen as a retired gangster who learns that he has a son in need of protection. The film, which went on nationwide general release across Turkey on December 14, 2007 (2007-12-14), was the highest-grossing Turkish film of 2007.","[""For Love and Honor"", ""kabadayı (film)"", ""kabadayı"", ""Kabadayı (film)"", ""Kabadayi"", ""Kabadayı"", ""for love and honor"", ""kabadayi""]",For Love and Honor | kabadayı (film) | kabadayı | Kabadayı (film) | Kabadayi | Kabadayı | for love and honor | kabadayi,"[""cinema"", ""film"", ""turkiye""]","[""film"", ""film_seed""]",true
Q930862,serra yilmaz,"Serra Yılmaz (born 13 September 1954) is a Turkish actress. She has appeared in more than forty films since 1983. On a number of films she collaborated with Ferzan Özpetek.She plays the lead role in the theatre piece La Bastarda Di Istanbul, adapted from Elif Şafak's 2006 novel The Bastard of Istanbul and staged in March 2015 by Teatro di Rifredi in Florence, Italy.In an interview, Yılmaz said that she was an atheist. In 1991, she was diagnosed with breast cancer and received treatment.","[""serra yilmaz"", ""serra yılmaz"", ""Serra Yılmaz"", ""Serra Yilmaz""]",serra yilmaz | serra yılmaz | Serra Yılmaz | Serra Yilmaz,"[""cinema"", ""people"", ""turkiye""]","[""cast_member""]",true
Q934718,G O R A,"G.O.R.A. is a 2004 Turkish science-fiction comedy film, directed by Ömer Faruk Sorak, which stars Cem Yılmaz as a used carpet salesman who is abducted by aliens from the planet G.O.R.A. The film, which went on nationwide general release across Turkey on November 5, 2004 (2004-11-05), was one of the highest grossing Turkish films of 2004 and was followed by the sequels A.R.O.G (2008) and Arif V 216 (2018).","[""G O R A"", ""G.O.R.A."", ""g.o.r.a."", ""g. o. r. a."", ""G.O.R.A"", ""G. O. R. A."", ""g.o.r.a"", ""g o r a"", ""GORA""]",G O R A | G.O.R.A. | g.o.r.a. | g. o. r. a. | G.O.R.A | G. O. R. A. | g.o.r.a | g o r a | GORA,"[""cinema"", ""film"", ""turkiye""]","[""film"", ""film_seed""]",true
Q936089,metin erksan,"Metin Erksan (January 1, 1929 – August 4, 2012), born İsmail Metin Karamanbey, was a Turkish film director and art historian.","[""metin erksan"", ""Metin Erksan""]",metin erksan | Metin Erksan,"[""cinema"", ""people"", ""turkiye""]","[""director""]",true
Q946984,robert winthrop ginty,"Robert Winthrop Ginty (November 14, 1948 – September 21, 2009) was an American movie actor, producer, screenwriter, and director of movies and TV series episodes.","[""robert winthrop ginty"", ""robert ginty"", ""Robert Ginty"", ""Robert Winthrop Ginty"", ""Robert ginty""]",robert winthrop ginty | robert ginty | Robert Ginty | Robert Winthrop Ginty | Robert ginty,"[""cinema"", ""people"", ""turkiye""]","[""cast_member"", ""person_seed""]",true
Q954079,"south oyster bay, ny","Massapequa (, mass-ə-PEEK-wə) is a hamlet and census-designated place (CDP) in the southern part of the Town of Oyster Bay in southeastern Nassau County, New York, on Long Island, east of New York City. It is adjacent to Amityville in Suffolk County. As of the 2010 census, the CDP had a total population of 21,685. Including Massapequa Park, the total Massapequa area population is 38,951. It is serviced by the Massapequa Station on the Long Island Rail Road.","[""south oyster bay, ny"", ""South Oyster Bay, NY"", ""massapequa (ny)"", ""massapequa"", ""South Oyster Bay, New York"", ""Massapequa"", ""south oyster bay, new york"", ""Massapequa, NY"", ""massapequa, ny"", ""Massapequa, New York""]","south oyster bay, ny | South Oyster Bay, NY | massapequa (ny) | massapequa | South Oyster Bay, New York | Massapequa | south oyster bay, new york | Massapequa, NY | massapequa, ny | Massapequa, New York","[""cinema"", ""turkiye""]","[""birth_place""]",true
Q962106,Hümeyra,"Hümeyra Akbay (Turkish pronunciation: [hymejˈɾaː akˈbaj]; born 15 October 1947) is a Turkish actress, singer, composer, and lyricist. In the 1970s she was a noted singer and actress. Her popularity with the new generation rose in the 2000s with the sitcom Avrupa Yakası and the feature drama My Father and My Son directed by Çağan Irmak.","[""Hümeyra"", ""humeyra"", ""Hümeyra Akbay"", ""Humeyra"", ""hümeyra akbay"", ""hümeyra""]",Hümeyra | humeyra | Hümeyra Akbay | Humeyra | hümeyra akbay | hümeyra,"[""cinema"", ""people"", ""turkiye""]","[""cast_member""]",true
Q968479,Fatima Adoum,Fatima Adoum is a French actress based in London and Paris. She was born in Lyon (France) on November 14th 1974.,"[""Fatima Adoum"", ""fatima adoum"", ""Adoum, Fatima"", ""adoum, fatima""]","Fatima Adoum | fatima adoum | Adoum, Fatima | adoum, fatima","[""cinema"", ""people"", ""turkiye""]","[""cast_member""]",true
Q972241,miss turkey,Miss Turkey (Turkish: Türkiye Güzelleri) is a national beauty pageant in Turkey.,"[""miss turkey"", ""Miss Turkey"", ""Miss Turkey Universe 2003"", ""miss turkey universe 2003""]",miss turkey | Miss Turkey | Miss Turkey Universe 2003 | miss turkey universe 2003,"[""award"", ""cinema"", ""turkiye""]","[""award""]",true
Q97241,özay fecht,Özay Fecht (born 1953) is a Turkish-German actress and jazz singer.,"[""özay fecht"", ""Ozay Fecht"", ""Özay Fecht"", ""ozay fecht""]",özay fecht | Ozay Fecht | Özay Fecht | ozay fecht,"[""cinema"", ""people"", ""turkiye""]","[""person_seed""]",true
Q97604,Jochen Nickel,Jochen Nickel (born 10 April 1959) is a German actor. He has appeared in more than one hundred films since 1990.,"[""Jochen Nickel"", ""jochen nickel""]",Jochen Nickel | jochen nickel,"[""cinema"", ""people"", ""turkiye""]","[""cast_member""]",true
Q982389,Sirri Sureyya Onder,"Sırrı Süreyya Önder (born 7 July 1962) is a Turkish film director, actor, screenwriter, columnist and politician with Turkmen ancestry. Elected to parliament in 2011 as an independent backed by the Peace and Democracy Party (BDP), he later joined the party. He competed in the 2014 municipal elections as the Istanbul mayoral candidate of the Peoples' Democratic Party (HDP), the sister party of the BDP, coming third with 412,875 votes (4.83%). In the general election of June 7, 2015 he was elected as MP for the 1st electoral district of Ankara Province.","[""Sirri Sureyya Onder"", ""sırrı süreyya önder"", ""Sırrı Süreyya Önder"", ""Sirri Süreyya Önder"", ""sirri süreyya önder"", ""sirri sureyya onder""]",Sirri Sureyya Onder | sırrı süreyya önder | Sırrı Süreyya Önder | Sirri Süreyya Önder | sirri süreyya önder | sirri sureyya onder,"[""cinema"", ""people"", ""turkiye""]","[""cast_member""]",true
Q982821,pardon (film),Pardon is a 2005 Turkish comedy film.,"[""pardon (film)"", ""Pardon (film)""]",pardon (film) | Pardon (film),"[""cinema"", ""film"", ""turkiye""]","[""film""]",true
Q982946,Devrim Arabaları,Cars of the Revolution (Turkish: Devrim Arabaları) is a 2008 Turkish drama film written and directed by Tolga Örnek.,"[""Devrim Arabaları"", ""Devrim Arabalari"", ""devrim arabaları"", ""devrim arabalari"", ""cars of the revolution"", ""Cars of the Revolution"", ""Devrim arabalari""]",Devrim Arabaları | Devrim Arabalari | devrim arabaları | devrim arabalari | cars of the revolution | Cars of the Revolution | Devrim arabalari,"[""cinema"", ""film"", ""turkiye""]","[""film"", ""film_seed""]",true
